absence_id,employee_id,employee_name,role,type,start_date,end_date,days_count,reason,status,manager_decision,decision_reason,coverage_impact,compliance_ok,processing_time_hours
64385553-6524-4348-a926-d49960d63290,EMP68832,Catherine Girard,stagiaire,RTT,2024-04-06,2024-04-10,4,Formation professionnelle,approved,refused,Justificatif requis,medium,False,21
26f1e8ec-3acf-445b-b8cc-b67d241eaeba,EMP86320,René Martin,stagiaire,RTT,2024-11-15,2024-11-24,9,Événement familial,approved,refused,Accord manager,low,True,48
fa8ee3c6-de79-454f-ad39-4b381b5c17a0,EMP79606,Jean-Paul Simon,pharmacien_adjoint,congé_payé,2024-04-23,2024-05-07,14,Raison personnelle,approved,approved,Conflit avec autre absence,medium,True,18
e0efd766-3394-4934-b9ff-f344b52510ea,EMP79678,Catherine Moreau,pharmacien_adjoint,congé_payé,2024-02-20,2024-02-29,9,Besoin de repos,approved,refused,Couverture disponible,medium,False,48
5316c640-e9ab-46db-9801-e7a6b2cdc623,EMP93439,Valérie Benoit,employé_rayon,événement_familial,2024-04-25,2024-05-04,9,Événement familial,refused,approved,Accord manager,medium,False,40
2903e8ef-1142-47a2-953c-7dbb7a100c6e,EMP19132,Anne Morin,pharmacien_titulaire,événement_familial,2024-08-24,2024-08-30,6,Formation professionnelle,refused,approved,Conflit avec autre absence,high,True,5
0841196e-6246-48c0-9227-81f23e1c1837,EMP95454,Jacques Lefevre,préparateur,formation,2024-04-19,2024-04-30,11,Formation professionnelle,pending,,,medium,True,2
8f2e9b8a-6dd6-451e-a098-98537ded06ea,EMP34875,André Lefevre,employé_rayon,événement_familial,2024-01-02,2024-01-08,6,Raison personnelle,approved,refused,Accord manager,medium,False,28
f251d229-0a19-4538-a88b-8a15ae71afee,EMP74758,Françoise Poirier,employé_rayon,RTT,2024-07-30,2024-08-11,12,Formation professionnelle,approved,approved,Justificatif requis,high,False,41
c432b64d-24c7-405c-94ee-c79f368b8b58,EMP55937,Florence Gérard,pharmacien_titulaire,formation,2024-01-23,2024-02-05,13,Besoin de repos,approved,refused,Conflit avec autre absence,low,False,46
d82aa394-2d18-415b-b0f9-cddcbe95d4da,EMP81029,Jacques Bernier,pharmacien_adjoint,événement_familial,2024-07-07,2024-07-08,1,Événement familial,pending,,,high,False,5
a6d972d7-80e7-410b-a9a7-7b2cc87c5e44,EMP76785,Sophie Leroy,employé_rayon,maladie,2024-12-18,2024-12-22,4,Congé maladie,approved,refused,Conflit avec autre absence,low,True,38
bb698dcd-cfa5-4a7a-85f4-d6229491b07a,EMP79678,Catherine Moreau,pharmacien_adjoint,congé_payé,2024-06-23,2024-06-30,7,Maternité,refused,approved,Accord manager,high,True,32
14841ad2-1422-4c9e-a504-5653a86df8dc,EMP50997,Marc Blanc,pharmacien_adjoint,maladie,2024-02-05,2024-02-19,14,Congé maladie,pending,,,low,False,8
4577d06f-9f8e-4f1b-9386-ee3218291419,EMP77314,Danielle Blanc,pharmacien_titulaire,congé_payé,2024-01-24,2024-02-06,13,Maladie,approved,approved,Justificatif requis,medium,True,47
de3b1d63-6f18-44c7-9ae5-d405e6de572d,EMP34081,Isabelle Bernier,pharmacien_titulaire,formation,2024-09-08,2024-09-17,9,Besoin de repos,approved,approved,Accord manager,high,False,40
345ceb74-4976-4e52-b851-90ea3ead257c,EMP61890,Claire Poulain,stagiaire,RTT,2024-06-20,2024-06-23,3,Besoin de repos,pending,,,medium,True,21
98c3e7b4-5b6c-4a42-bad6-bf2bdaa9d410,EMP30417,Sylvie Rousseau,pharmacien_adjoint,congé_payé,2024-10-31,2024-11-05,5,Événement familial,approved,refused,Justificatif requis,high,False,43
b22c79c8-4eb1-47e8-a863-819590b3c2a7,EMP97595,Danielle Benoit,employé_rayon,événement_familial,2024-03-29,2024-04-03,5,Événement familial,approved,refused,Justificatif requis,high,True,17
f3f13ce6-bc34-4c32-b7b2-20bc8782d1b7,EMP23472,Florence Dupont,stagiaire,événement_familial,2024-08-30,2024-09-01,2,Maladie,approved,approved,Raison médicale insuffisante,low,True,40
cb93971a-bc7e-4558-a689-f9daa9321627,EMP87652,Philippe Delorme,pharmacien_adjoint,maladie,2024-03-02,2024-03-10,8,Congé maladie,approved,refused,Accord manager,low,True,32
511c8e05-c4b1-43d1-aca6-09d5dc57e614,EMP23472,Florence Dupont,stagiaire,formation,2024-11-29,2024-12-02,3,Maternité,approved,refused,Raison médicale insuffisante,medium,True,44
68aa7ba6-87fb-4863-8239-1f41926413ae,EMP97821,Nathalie Rousseau,pharmacien_titulaire,maternité,2024-01-08,2024-01-11,3,Raison personnelle,pending,,,medium,False,36
eee98462-8a12-44bb-b91c-a8499c12bb7a,EMP39936,André Girard,pharmacien_adjoint,maladie,2024-04-16,2024-04-28,12,Congé maladie,approved,refused,Couverture disponible,high,False,18
9eff319c-2c9b-48c1-b4e2-a353fdbbb871,EMP93016,Daniel Blanc,pharmacien_titulaire,maladie,2024-06-14,2024-06-23,9,Congé maladie,approved,approved,Justificatif requis,medium,False,14
f002936c-efac-48d1-bde3-2858ea7e7d23,EMP16097,Pierre Poulain,employé_rayon,formation,2024-09-10,2024-09-12,2,Événement familial,approved,approved,Conflit avec autre absence,medium,False,37
070790b2-6a97-4cf4-baa1-9a096b8e0266,EMP53409,Michel Moreau,pharmacien_adjoint,maternité,2024-07-10,2024-07-24,14,Formation professionnelle,refused,approved,Conflit avec autre absence,low,True,17
925c5415-c5c8-494d-b89a-9de815aa6f5c,EMP30635,Marc Martin,pharmacien_titulaire,congé_payé,2024-01-05,2024-01-17,12,Raison personnelle,approved,refused,Conflit avec autre absence,high,False,29
fa971103-d448-419c-b4b6-33a21af5c329,EMP52939,Pierre Rousseau,stagiaire,RTT,2024-10-16,2024-10-17,1,Formation professionnelle,pending,,,low,True,46
a352adfa-21bd-4ecc-9384-afd71e55b99c,EMP72417,Cécile Leclerc,préparateur,congé_payé,2024-01-15,2024-01-17,2,Maladie,approved,refused,Conflit avec autre absence,high,False,7
a3e66b2a-c397-4c14-a7d8-d055991c0d0f,EMP57228,Michel Blanc,préparateur,formation,2024-05-06,2024-05-19,13,Maladie,approved,approved,Accord manager,low,False,2
021a3b05-6718-4beb-891f-ecf60d71e876,EMP41092,Valérie Benoit,pharmacien_titulaire,formation,2024-08-09,2024-08-11,2,Maladie,pending,,,high,False,23
6f475672-853b-4b38-bf75-dae717d19fa8,EMP86798,André Gaillard,préparateur,maternité,2024-01-13,2024-01-19,6,Formation professionnelle,pending,,,low,False,37
1e2d8f60-89e8-44dc-a0aa-2451105f748f,EMP81329,Georges Chevalier,employé_rayon,événement_familial,2024-12-14,2024-12-18,4,Maladie,approved,approved,Accord manager,high,False,40
6773d640-b888-4b30-9737-4834275c79db,EMP46301,Pierre Poirier,employé_rayon,événement_familial,2024-03-23,2024-04-04,12,Raison personnelle,approved,approved,Justificatif requis,low,False,16
0ddc4723-2c03-4797-877c-723c3dd7aaf2,EMP73052,Danielle Laurent,préparateur,maternité,2024-10-25,2024-11-01,7,Raison personnelle,pending,,,medium,True,42
d2882d5e-04b4-45a7-9ca6-20fbf6a66fdd,EMP34081,Isabelle Bernier,pharmacien_titulaire,maladie,2024-06-03,2024-06-13,10,Congé maladie,approved,approved,Couverture disponible,low,False,7
ccde4c8c-8402-4051-9f6c-90ea429eaf1b,EMP95294,Martine Roux,pharmacien_adjoint,maternité,2024-10-01,2024-10-09,8,Formation professionnelle,approved,approved,Conflit avec autre absence,medium,False,26
ae1e7dec-eb2a-4c0a-b705-a999521f0247,EMP97821,Nathalie Rousseau,pharmacien_titulaire,événement_familial,2024-07-10,2024-07-13,3,Événement familial,approved,approved,Raison médicale insuffisante,medium,False,38
f38bc69d-f474-4c09-87ab-2bf96a64f794,EMP96712,Michèle Delorme,stagiaire,RTT,2024-01-29,2024-02-07,9,Formation professionnelle,approved,refused,Accord manager,high,True,12
e02123b7-9623-4453-921d-402f905d4a4c,EMP69465,Laurent Arnould,pharmacien_adjoint,RTT,2024-02-11,2024-02-22,11,Événement familial,approved,refused,Accord manager,low,True,34
12ea095a-0ec6-4ae3-997c-006e567ec461,EMP29927,Alain Maillard,employé_rayon,RTT,2024-07-21,2024-07-22,1,Maternité,approved,refused,Justificatif requis,low,False,38
47548d22-ae83-42d5-bd23-7698ee5f1aa7,EMP62885,Jean Lefevre,préparateur,maladie,2024-11-09,2024-11-13,4,Congé maladie,approved,approved,Couverture disponible,low,False,47
a914b819-44d8-4455-800d-f4f8ff67e2eb,EMP35003,Danielle Martin,préparateur,maternité,2024-10-20,2024-11-02,13,Événement familial,pending,,,high,False,13
50090ab1-9452-4ec0-9274-211289f6a016,EMP59230,Michel Renaud,préparateur,congé_payé,2024-11-08,2024-11-19,11,Formation professionnelle,approved,approved,Couverture disponible,medium,True,15
913957d7-084e-4e52-9900-56b4ccf6066c,EMP55913,Catherine Girard,employé_rayon,événement_familial,2024-09-21,2024-09-23,2,Événement familial,refused,approved,Couverture disponible,high,False,46
8498ad02-4e71-449b-a8ec-056b9527fe9b,EMP59253,Pierre Martin,pharmacien_adjoint,RTT,2024-07-09,2024-07-17,8,Formation professionnelle,approved,approved,Conflit avec autre absence,low,False,16
a68a8136-2f55-4fef-90fa-7df946528a01,EMP21924,Christine Morin,pharmacien_titulaire,maternité,2024-05-06,2024-05-13,7,Maladie,approved,approved,Conflit avec autre absence,low,True,20
2f67853d-9aad-4b93-8821-80c555a915fc,EMP31016,Florence Gérard,pharmacien_titulaire,maladie,2024-07-10,2024-07-20,10,Congé maladie,approved,refused,Justificatif requis,medium,False,41
dababadc-b817-49d3-9632-3ce5b179a9f1,EMP73176,Jacques Renaud,employé_rayon,maladie,2024-10-15,2024-10-21,6,Congé maladie,approved,refused,Couverture disponible,low,True,29
1166d09c-fd8d-4a35-b91d-7e22e4dfc84c,EMP52819,Joseph Girard,pharmacien_titulaire,RTT,2024-10-28,2024-10-30,2,Formation professionnelle,approved,refused,Justificatif requis,medium,True,41
5f581ebe-5e4f-4a50-8943-4895777e9b4c,EMP69699,Alain Renaud,préparateur,congé_payé,2024-07-29,2024-08-06,8,Besoin de repos,approved,approved,Justificatif requis,medium,True,7
17bc85f0-5fc7-44e9-93f4-3859ab69b2a2,EMP84066,Thérèse Chevalier,pharmacien_adjoint,maternité,2024-04-05,2024-04-06,1,Besoin de repos,approved,approved,Conflit avec autre absence,medium,True,18
2f06508a-9a21-4c9c-946c-f3068b0e91cc,EMP70504,Sylvie Gaillard,préparateur,RTT,2024-03-13,2024-03-21,8,Raison personnelle,pending,,,medium,True,13
794ce480-ec2a-4556-8c4c-af51708c24e4,EMP59518,Olivier Gaillard,préparateur,événement_familial,2024-06-26,2024-07-04,8,Formation professionnelle,pending,,,high,False,12
c452176e-6caf-4665-ba23-7e3073ebce13,EMP89129,Thérèse Michel,pharmacien_adjoint,RTT,2024-06-08,2024-06-13,5,Maternité,approved,refused,Conflit avec autre absence,low,True,11
4bb23d74-a876-45a3-8dd1-a040db1e0508,EMP46169,Monique Delorme,employé_rayon,événement_familial,2024-04-04,2024-04-16,12,Besoin de repos,approved,approved,Conflit avec autre absence,low,False,22
4de8e3b5-b1ed-40fd-a97f-dce58a457f55,EMP41655,Christiane Bernier,employé_rayon,maladie,2024-03-24,2024-03-29,5,Congé maladie,approved,refused,Conflit avec autre absence,medium,True,34
f554d48c-7b73-434a-8d9d-4ce3fd5a741e,EMP53409,Michel Moreau,pharmacien_adjoint,formation,2024-03-27,2024-04-05,9,Maternité,pending,,,medium,False,4
3d06da41-da44-4ed7-a9d6-2a1499d6ee03,EMP86791,Françoise Renaud,préparateur,maladie,2024-10-15,2024-10-28,13,Congé maladie,approved,approved,Justificatif requis,low,True,26
4794a31c-be7e-4f9c-a165-1d0fc1b71189,EMP29546,Anne Moreau,préparateur,formation,2024-06-28,2024-07-02,4,Maternité,approved,approved,Raison médicale insuffisante,medium,False,16
ff2eada6-f1f3-4a76-ab9c-31dbc6a71e1e,EMP15485,Michèle Bernier,préparateur,événement_familial,2024-12-16,2024-12-18,2,Événement familial,approved,refused,Accord manager,low,True,39
b6b70886-81bf-4aed-ab33-0e52bf8f4dbd,EMP57150,Catherine Martin,pharmacien_adjoint,événement_familial,2024-02-12,2024-02-13,1,Formation professionnelle,approved,refused,Conflit avec autre absence,low,True,1
58f34ca8-21fb-4e2d-82c8-d50d10ff1749,EMP97171,Michèle Benoit,pharmacien_adjoint,RTT,2024-06-21,2024-06-26,5,Raison personnelle,approved,refused,Accord manager,medium,True,37
aa26f79a-7746-4669-af42-47822546ef4f,EMP75704,Paul Leclerc,pharmacien_adjoint,maternité,2024-01-26,2024-01-30,4,Maladie,approved,refused,Raison médicale insuffisante,medium,True,48
36d727ca-87d1-4458-847a-7ff5eeaa4a1a,EMP23520,Nathalie Bernard,stagiaire,maternité,2024-11-13,2024-11-14,1,Maladie,approved,refused,Accord manager,low,True,36
972829ce-c48c-4819-a70c-3f91680a236a,EMP45733,Marie Fournier,pharmacien_adjoint,formation,2024-03-09,2024-03-17,8,Formation professionnelle,approved,refused,Justificatif requis,high,False,14
98dfad49-43ea-4d83-b61b-1510d5b2651b,EMP57150,Catherine Martin,pharmacien_adjoint,RTT,2024-04-06,2024-04-11,5,Maladie,refused,approved,Justificatif requis,low,True,17
85695543-0013-49d4-8638-f53125bb2453,EMP89004,René Roux,préparateur,formation,2024-12-05,2024-12-17,12,Besoin de repos,pending,,,high,False,40
8037a9e0-e2ee-4e43-b35f-5acf02b9bf10,EMP13191,René Simon,préparateur,maternité,2024-07-27,2024-08-08,12,Raison personnelle,pending,,,medium,True,41
e08713f2-4a9b-4948-8abd-f0ce543d818e,EMP10664,Pierre Fabre,pharmacien_titulaire,formation,2024-02-09,2024-02-10,1,Besoin de repos,pending,,,medium,False,24
14c25490-f20e-4ad5-a771-886770d63e14,EMP84621,Alain Delorme,préparateur,événement_familial,2024-11-17,2024-11-22,5,Événement familial,approved,refused,Couverture disponible,medium,False,28
266ed9cf-4237-4763-9406-2fdd8da81a09,EMP21924,Christine Morin,pharmacien_titulaire,congé_payé,2024-01-16,2024-01-27,11,Formation professionnelle,approved,approved,Couverture disponible,low,False,35
ac0f3fee-d7c5-4528-894b-fb7a0ebce91f,EMP53103,Georges Laurent,employé_rayon,RTT,2024-09-01,2024-09-16,15,Besoin de repos,approved,refused,Couverture disponible,high,False,33
2d200e08-36bb-4d83-87a8-4c277283074a,EMP39246,Michel Moreau,pharmacien_titulaire,maladie,2024-12-09,2024-12-19,10,Congé maladie,refused,approved,Couverture disponible,low,True,22
e9cae89f-d7a5-4098-94cf-abb0318432e6,EMP31748,Christian Delacroix,préparateur,RTT,2024-11-10,2024-11-18,8,Maladie,approved,refused,Accord manager,low,False,1
4fccab44-b988-434c-a0c3-2e7d3052408d,EMP28870,Cécile Girard,employé_rayon,RTT,2024-02-07,2024-02-08,1,Besoin de repos,approved,approved,Justificatif requis,low,True,19
8fb6aebe-8704-4dfe-aad1-dd5d2112c8ef,EMP28949,Stéphanie Bernard,employé_rayon,RTT,2024-06-12,2024-06-22,10,Maladie,approved,approved,Justificatif requis,low,False,19
15146416-c13b-4c93-8771-ac253f36beb4,EMP59583,Cécile Bernard,pharmacien_adjoint,RTT,2024-12-29,2025-01-07,9,Maternité,pending,,,high,True,6
328734c1-9d10-4662-8328-b941b00b4f3f,EMP52939,Pierre Rousseau,stagiaire,RTT,2024-08-11,2024-08-17,6,Maternité,approved,refused,Justificatif requis,high,True,37
60cf66f5-f19f-412c-b097-23de3ada3557,EMP73604,Monique Moreau,préparateur,formation,2024-11-19,2024-11-21,2,Maladie,approved,refused,Raison médicale insuffisante,medium,False,7
686d8562-e830-4b97-8298-8776a3b26651,EMP79456,René Maillard,pharmacien_titulaire,congé_payé,2024-10-11,2024-10-20,9,Maladie,refused,refused,Couverture disponible,low,False,31
ba43cd85-00ac-42a8-988c-020bda34d1d0,EMP62493,Alain Bernier,pharmacien_titulaire,congé_payé,2024-09-21,2024-10-06,15,Maladie,approved,approved,Raison médicale insuffisante,medium,True,22
dbdf084a-c899-4a42-b0c1-a09c91338896,EMP93090,Cécile Bernier,pharmacien_titulaire,congé_payé,2024-07-16,2024-07-20,4,Maladie,pending,,,low,False,6
dc6a0cd8-04ba-4abd-99fe-32363895fc15,EMP79714,Christiane Girard,préparateur,congé_payé,2024-04-15,2024-04-27,12,Maternité,pending,,,medium,True,29
b7fdd26d-15cf-44a4-9d81-0589fc81b4da,EMP62383,Jacques Girard,employé_rayon,RTT,2024-06-08,2024-06-15,7,Maladie,approved,refused,Justificatif requis,low,True,21
cefe88e8-4dec-4e77-b532-08666ba86c8b,EMP37130,Irène Simon,employé_rayon,congé_payé,2024-02-11,2024-02-21,10,Maternité,pending,,,high,False,6
721a5421-575b-4bbd-b3c1-8ff7ff5849f0,EMP70672,Florence Poirier,employé_rayon,événement_familial,2024-06-25,2024-07-02,7,Besoin de repos,approved,refused,Accord manager,high,False,18
fd5f1f45-bafe-4200-bf06-5809dbbf2b2e,EMP57150,Catherine Martin,pharmacien_adjoint,congé_payé,2024-07-14,2024-07-22,8,Maladie,refused,refused,Conflit avec autre absence,low,False,5
e8d9679a-3bd7-4b1e-9243-0eaea6f2fbe3,EMP95294,Martine Roux,pharmacien_adjoint,formation,2024-03-16,2024-03-23,7,Maternité,pending,,,low,False,31
2d4ca3f7-1738-438e-b422-0083adaf2735,EMP14872,Jean Fabre,préparateur,maternité,2024-07-17,2024-07-30,13,Formation professionnelle,pending,,,medium,True,38
5c245ca3-40ca-45b4-99a3-f1824888eeef,EMP63736,Françoise Morin,stagiaire,maladie,2024-05-31,2024-06-13,13,Congé maladie,pending,,,medium,True,28
435ea4c2-e83d-4ccb-b937-d9970c44b041,EMP85709,René Chevalier,pharmacien_adjoint,maladie,2024-04-18,2024-04-21,3,Congé maladie,approved,approved,Justificatif requis,low,True,33
baf2cc6c-3899-4979-beee-39149343ee09,EMP12502,Christine Girard,préparateur,congé_payé,2024-01-31,2024-02-12,12,Formation professionnelle,approved,approved,Conflit avec autre absence,low,False,5
0527cd1a-6a09-4d04-bb0f-b2fca30b770a,EMP65434,Joseph Poulain,pharmacien_titulaire,événement_familial,2024-02-24,2024-02-26,2,Raison personnelle,approved,refused,Conflit avec autre absence,high,False,14
25874a85-4024-4add-8668-c5184a85c7b7,EMP86738,Monique Bernier,employé_rayon,maternité,2024-03-07,2024-03-15,8,Maladie,pending,,,medium,False,30
b48a35a7-fc47-4dcc-b60e-21c12d451e4b,EMP55913,Catherine Girard,employé_rayon,événement_familial,2024-01-12,2024-01-16,4,Maladie,approved,refused,Raison médicale insuffisante,low,False,31
dcafccf1-ad6f-4b28-b4bf-6aec20e59335,EMP94339,Michel Poulain,préparateur,maladie,2024-12-31,2025-01-11,11,Congé maladie,refused,refused,Raison médicale insuffisante,high,False,31
a3346998-ec22-482a-a1c2-d67d0f625737,EMP24026,Irène Fontaine,pharmacien_adjoint,maladie,2024-07-29,2024-08-12,14,Congé maladie,approved,refused,Justificatif requis,high,False,24
435355f5-122e-4387-8e58-d7267c701da6,EMP92426,Luc Fournier,préparateur,RTT,2024-01-05,2024-01-08,3,Événement familial,approved,approved,Conflit avec autre absence,high,True,35
1fd60375-c196-4b67-8758-35864d636b01,EMP89395,Irène Poulain,préparateur,maladie,2024-08-12,2024-08-19,7,Congé maladie,pending,,,medium,True,8
829f1131-a2a5-4b7d-b6d7-106dab5c64b2,EMP38348,Florence Renaud,pharmacien_titulaire,congé_payé,2024-12-18,2024-12-19,1,Événement familial,refused,approved,Conflit avec autre absence,low,False,25
94b329c2-af26-43ef-86f1-9a849da43a93,EMP30620,Philippe Poulain,pharmacien_adjoint,formation,2024-11-21,2024-11-26,5,Formation professionnelle,pending,,,low,True,47
39038b33-c5ea-4def-a3d4-08807053c536,EMP26400,Jacques Fournier,préparateur,formation,2024-01-04,2024-01-06,2,Maladie,pending,,,medium,True,4
48c7ebb7-49ad-48dd-b9ca-90c29bb73833,EMP66212,Luc Delorme,employé_rayon,maladie,2024-11-29,2024-12-04,5,Congé maladie,refused,refused,Raison médicale insuffisante,high,False,25
6e69b31d-f698-4290-be87-d439e332b362,EMP33913,Marie Benoit,employé_rayon,RTT,2024-09-22,2024-10-02,10,Raison personnelle,pending,,,medium,False,48
1850429e-fdbf-4019-ad30-3aec8ed997f8,EMP34081,Isabelle Bernier,pharmacien_titulaire,maladie,2024-12-24,2025-01-05,12,Congé maladie,approved,approved,Accord manager,medium,True,41
a2a79a66-a21a-4eb0-8ab0-e5a97600b02f,EMP83393,Danielle Laurent,pharmacien_titulaire,maladie,2024-04-20,2024-05-05,15,Congé maladie,pending,,,high,True,30
0ab2376f-08b6-4d3a-be77-bb5a0de527e3,EMP30417,Sylvie Rousseau,pharmacien_adjoint,maternité,2024-06-03,2024-06-07,4,Formation professionnelle,approved,approved,Raison médicale insuffisante,low,True,14
4325ccaa-a5d1-4165-b360-44b817ccc188,EMP47051,Marie Roux,employé_rayon,formation,2024-02-04,2024-02-05,1,Raison personnelle,refused,refused,Justificatif requis,low,True,47
0e02b4f2-decf-4ad5-b718-cc24e4a44c84,EMP22659,Nathalie Lefevre,préparateur,RTT,2024-05-19,2024-05-31,12,Maladie,refused,approved,Justificatif requis,high,True,45
667cc266-efd8-49ae-8024-c83896376ecf,EMP47051,Marie Roux,employé_rayon,RTT,2024-01-11,2024-01-25,14,Formation professionnelle,approved,approved,Raison médicale insuffisante,high,True,47
aace8f04-b607-430f-896f-6be0b9a90fa7,EMP61716,Philippe Renaud,pharmacien_titulaire,congé_payé,2024-03-14,2024-03-20,6,Formation professionnelle,pending,,,medium,False,37
4e64fc53-dac7-46a4-8442-afd44a95f6ac,EMP51911,Claire Andre,pharmacien_titulaire,formation,2024-11-30,2024-12-08,8,Raison personnelle,refused,refused,Justificatif requis,low,True,17
5c930f81-76dc-4ea8-afab-7f6799621dfe,EMP22918,Catherine Delorme,pharmacien_adjoint,événement_familial,2024-10-02,2024-10-11,9,Maternité,approved,approved,Conflit avec autre absence,low,True,32
f2681716-9bf8-4dfa-b8d0-6386fad33f79,EMP91413,Alain Simon,préparateur,maladie,2024-09-17,2024-09-22,5,Congé maladie,pending,,,low,True,27
47ddef9b-ffb5-4870-9da3-58d045b92911,EMP41655,Christiane Bernier,employé_rayon,maternité,2024-03-30,2024-04-03,4,Événement familial,refused,approved,Couverture disponible,medium,False,28
17935baf-4915-43ac-a166-7235ddb19ef8,EMP37130,Irène Simon,employé_rayon,événement_familial,2024-02-09,2024-02-14,5,Formation professionnelle,approved,approved,Raison médicale insuffisante,low,False,7
00aa1201-0313-4e29-942f-dadafddb2000,EMP51487,Florence Leclerc,pharmacien_adjoint,maternité,2024-05-02,2024-05-07,5,Maternité,approved,refused,Raison médicale insuffisante,low,True,35
db2ae861-ef66-435e-80bc-8b11f6e62100,EMP57584,Jacques Benoit,employé_rayon,formation,2024-02-21,2024-02-23,2,Maternité,approved,approved,Conflit avec autre absence,medium,False,40
a8e6680d-4f6b-4923-9be1-815e141a7134,EMP87724,Isabelle Simon,pharmacien_adjoint,congé_payé,2024-05-02,2024-05-16,14,Maladie,pending,,,medium,True,8
860b84e3-2265-4ac0-823b-bd8d62824894,EMP15485,Michèle Bernier,préparateur,formation,2024-10-02,2024-10-08,6,Événement familial,refused,approved,Justificatif requis,high,True,37
70d01d1a-40ed-4b0f-a771-ad9a1315c26d,EMP77892,Laurent Michel,pharmacien_titulaire,formation,2024-08-24,2024-09-05,12,Formation professionnelle,approved,refused,Couverture disponible,medium,False,8
4af1513b-ccc9-4875-bbfe-1bec813261c8,EMP67313,Michèle Blanc,pharmacien_adjoint,congé_payé,2024-06-26,2024-07-06,10,Besoin de repos,approved,refused,Couverture disponible,low,True,13
3f1194f6-0de6-4388-9d1e-c1b0ef42ed3d,EMP94466,Isabelle Michel,employé_rayon,congé_payé,2024-10-24,2024-10-30,6,Besoin de repos,pending,,,medium,False,14
d2e2798f-3a84-4ff2-ab6e-ead960ee3ded,EMP96146,Joseph Arnould,employé_rayon,congé_payé,2024-12-27,2024-12-29,2,Raison personnelle,approved,refused,Couverture disponible,high,True,28
a1474c1f-ae0b-48f5-af9d-0de6d98362f3,EMP30635,Marc Martin,pharmacien_titulaire,événement_familial,2024-06-26,2024-07-05,9,Maternité,approved,approved,Justificatif requis,high,True,35
f88070db-963a-4efd-9702-3e3245bcae6e,EMP26400,Jacques Fournier,préparateur,événement_familial,2024-12-25,2025-01-01,7,Besoin de repos,approved,refused,Couverture disponible,low,True,21
8a3b6809-bb13-462d-81a9-71521ae3242e,EMP80842,Thérèse Girard,pharmacien_titulaire,congé_payé,2024-04-07,2024-04-14,7,Formation professionnelle,pending,,,low,True,18
fcc9bf4c-f7c8-4680-a330-185ccaefb4b3,EMP76841,Jacques Arnould,pharmacien_adjoint,maternité,2024-06-05,2024-06-19,14,Besoin de repos,approved,approved,Justificatif requis,medium,False,9
363ccd21-7a0f-4c56-b364-eabf39d963cf,EMP27518,Laurent Renaud,pharmacien_adjoint,maladie,2024-05-13,2024-05-16,3,Congé maladie,approved,refused,Conflit avec autre absence,medium,False,13
e6fa30d4-f2bf-4be6-8e7b-275b0b43b395,EMP96830,Jean Roux,pharmacien_titulaire,formation,2024-08-23,2024-08-29,6,Événement familial,approved,refused,Raison médicale insuffisante,medium,True,46
b4211b12-057c-4dad-81e5-e71f67d9a90d,EMP86763,Françoise Rousseau,pharmacien_adjoint,événement_familial,2024-09-03,2024-09-16,13,Formation professionnelle,approved,refused,Justificatif requis,medium,True,12
0db01d45-22fa-40d5-ac5a-b6f05c3d1bd3,EMP79828,Thérèse Roux,pharmacien_adjoint,congé_payé,2024-06-20,2024-06-29,9,Besoin de repos,approved,approved,Raison médicale insuffisante,low,False,28
e6515e1c-e53c-44ab-bfdf-c6fcc489a188,EMP15711,Alain Renaud,pharmacien_adjoint,formation,2024-04-23,2024-05-02,9,Raison personnelle,approved,refused,Justificatif requis,low,False,2
031b8b94-b977-4b76-8a85-d2837a3713c3,EMP16097,Pierre Poulain,employé_rayon,formation,2024-05-20,2024-05-30,10,Maternité,approved,approved,Raison médicale insuffisante,high,True,27
b980d5d3-afdd-4e30-b7bf-6352c5c5279b,EMP29927,Alain Maillard,employé_rayon,maladie,2024-04-08,2024-04-09,1,Congé maladie,pending,,,high,True,8
199d4817-f3f5-44b6-9b4c-874a3d3a186a,EMP27278,Jacques Rousseau,pharmacien_adjoint,formation,2024-08-26,2024-09-08,13,Événement familial,approved,refused,Accord manager,medium,True,3
e6e1a189-7068-4dce-b67d-65f1f5de842b,EMP79347,Irène Poirier,préparateur,congé_payé,2024-03-10,2024-03-14,4,Maternité,refused,refused,Couverture disponible,low,False,12
42fd86c2-9af3-4015-9001-dd3e8a44db9d,EMP85709,René Chevalier,pharmacien_adjoint,maternité,2024-10-30,2024-11-04,5,Événement familial,approved,approved,Couverture disponible,low,False,33
edd74e51-1dd5-4cf2-a27e-53fef27c13db,EMP97171,Michèle Benoit,pharmacien_adjoint,RTT,2024-02-19,2024-03-02,12,Formation professionnelle,refused,approved,Conflit avec autre absence,high,True,16
f2a6a370-fce9-4c6e-93b6-9ca805256795,EMP88805,Philippe Dubois,pharmacien_adjoint,événement_familial,2024-10-03,2024-10-09,6,Maternité,pending,,,low,True,37
9c51e69e-9ebd-44d3-950d-ac6c2d0582e4,EMP79122,Michel Leclerc,pharmacien_titulaire,événement_familial,2024-07-24,2024-08-05,12,Maternité,approved,refused,Accord manager,high,False,48
ac5b8abe-a305-44a8-9afc-d5af2428136a,EMP19801,Jean Moreau,préparateur,événement_familial,2024-12-12,2024-12-18,6,Formation professionnelle,approved,approved,Justificatif requis,high,False,43
067908f5-b0ca-4630-9157-df0a8ce8e0e9,EMP37130,Irène Simon,employé_rayon,formation,2024-07-31,2024-08-15,15,Événement familial,approved,refused,Couverture disponible,low,True,45
ea7ce6ee-5677-4a74-b77d-d14055808b54,EMP91325,Jean Delacroix,préparateur,congé_payé,2024-10-16,2024-10-20,4,Raison personnelle,refused,refused,Accord manager,medium,True,12
1d0047a4-9f31-40f9-b825-ed9b8f1d0474,EMP54776,Jean Bernier,préparateur,congé_payé,2024-02-26,2024-03-05,8,Formation professionnelle,approved,refused,Raison médicale insuffisante,medium,True,15
9881ba60-3b88-4384-bfc2-763591cc3b93,EMP16087,André Benoit,employé_rayon,RTT,2024-01-18,2024-01-23,5,Maladie,approved,approved,Conflit avec autre absence,medium,False,19
970d86cd-0b05-4004-890e-8d1cb8d45933,EMP90904,André Leclerc,préparateur,congé_payé,2024-12-08,2024-12-21,13,Maladie,approved,refused,Raison médicale insuffisante,high,False,44
ba3f528c-6267-4c67-9935-e4b92f43fd2d,EMP23520,Nathalie Bernard,stagiaire,congé_payé,2024-12-16,2024-12-18,2,Maladie,refused,approved,Raison médicale insuffisante,medium,True,11
c525aac1-50fe-403a-93a0-3602eaf0c4d8,EMP17303,Bernard Benoit,pharmacien_adjoint,événement_familial,2024-06-17,2024-06-23,6,Besoin de repos,approved,refused,Justificatif requis,medium,False,15
dd8c56e6-2969-45e3-8315-c4b52f0e1f05,EMP97807,Luc Poulain,stagiaire,événement_familial,2024-09-29,2024-10-06,7,Formation professionnelle,approved,refused,Couverture disponible,high,False,6
5b7a5d32-68fd-4522-91ca-d2754490590c,EMP40125,Sophie Dubois,pharmacien_adjoint,maladie,2024-07-29,2024-08-08,10,Congé maladie,approved,approved,Justificatif requis,medium,True,7
fa608913-ddcf-4621-8a2c-239ba366df1e,EMP87977,Claire Rousseau,préparateur,RTT,2024-04-16,2024-04-19,3,Événement familial,approved,refused,Justificatif requis,low,False,18
8251be80-0cd9-4b31-a81d-fbe50b01a3a1,EMP91325,Jean Delacroix,préparateur,maternité,2024-03-10,2024-03-22,12,Événement familial,pending,,,high,False,14
7a03d004-7143-4381-8b53-ac7cd54c087f,EMP58872,Christiane Simon,stagiaire,maladie,2024-03-31,2024-04-13,13,Congé maladie,approved,refused,Conflit avec autre absence,medium,False,10
49e26044-46fe-4742-8776-688a130695b4,EMP52819,Joseph Girard,pharmacien_titulaire,formation,2024-02-14,2024-02-16,2,Maternité,pending,,,medium,False,11
f70a47aa-ba2a-48d1-9a25-90af2f4b1903,EMP31997,Daniel Fournier,pharmacien_adjoint,maternité,2024-10-21,2024-11-05,15,Raison personnelle,approved,refused,Raison médicale insuffisante,high,True,7
8487b84b-4e22-4184-ae78-925863db73aa,EMP60681,Florence Benoit,préparateur,formation,2024-11-04,2024-11-05,1,Formation professionnelle,approved,refused,Raison médicale insuffisante,high,True,26
ada0af16-c67b-455b-a0e9-af4c887047be,EMP30829,Jacques Bernard,préparateur,maternité,2024-06-28,2024-07-11,13,Maternité,refused,refused,Raison médicale insuffisante,high,False,24
de806f33-daef-4c02-b1a4-4324f165d255,EMP42148,Joseph Leclerc,employé_rayon,maternité,2024-11-29,2024-12-14,15,Maternité,approved,approved,Justificatif requis,high,True,20
d2c500dd-3714-43aa-8510-d3943ef13e50,EMP84519,Anne Rousseau,employé_rayon,événement_familial,2024-03-16,2024-03-19,3,Maternité,approved,approved,Accord manager,high,False,2
60516216-2916-44db-9403-96fc77266910,EMP36336,Laurent Poirier,préparateur,maladie,2024-11-26,2024-12-09,13,Congé maladie,approved,approved,Couverture disponible,high,True,39
0b88d5d4-0776-4aa5-9ebe-04ceb280d91f,EMP71640,Marc Moreau,pharmacien_adjoint,RTT,2024-09-17,2024-10-02,15,Événement familial,refused,refused,Raison médicale insuffisante,high,False,36
e579b53e-251f-454e-a464-fea2252e20e2,EMP81329,Georges Chevalier,employé_rayon,maternité,2024-01-25,2024-02-07,13,Raison personnelle,approved,refused,Conflit avec autre absence,low,True,14
bb92b0a8-b350-4780-abdc-eca49989eea1,EMP70504,Sylvie Gaillard,préparateur,maternité,2024-02-03,2024-02-13,10,Événement familial,refused,refused,Accord manager,high,True,45
a1f765e1-3868-4cb0-8a0d-1cf88ec04188,EMP60681,Florence Benoit,préparateur,maladie,2024-05-02,2024-05-04,2,Congé maladie,approved,refused,Couverture disponible,medium,False,22
975d4401-0db8-4817-84cd-6adc97c8d8f3,EMP52147,Thérèse Lefevre,pharmacien_adjoint,congé_payé,2024-02-14,2024-02-20,6,Besoin de repos,approved,refused,Raison médicale insuffisante,medium,True,29
291b7cab-aba6-4324-97ba-0516f698a102,EMP51138,Joseph Blanc,préparateur,formation,2024-03-09,2024-03-24,15,Raison personnelle,refused,approved,Couverture disponible,high,False,24
cb991354-8d73-4e73-bc4b-e1f4f2a68a5e,EMP38596,Michel Delorme,employé_rayon,événement_familial,2024-01-30,2024-02-11,12,Formation professionnelle,approved,refused,Conflit avec autre absence,medium,True,41
0575e12c-2ac6-4a97-858b-8bcbd4b8d260,EMP89175,Jacques Andre,employé_rayon,formation,2024-08-21,2024-08-27,6,Besoin de repos,approved,approved,Accord manager,medium,True,46
aec743ef-c167-4880-9b5a-eb32a14e8ec1,EMP75704,Paul Leclerc,pharmacien_adjoint,formation,2024-03-02,2024-03-08,6,Événement familial,pending,,,medium,False,18
f3c3ced5-e816-44bf-97a6-d8d7dcadb246,EMP37130,Irène Simon,employé_rayon,RTT,2024-07-10,2024-07-16,6,Maladie,refused,refused,Raison médicale insuffisante,low,False,12
da8c8c2c-43cd-4982-8a55-6937d3963cdc,EMP88805,Philippe Dubois,pharmacien_adjoint,congé_payé,2024-08-11,2024-08-12,1,Formation professionnelle,approved,approved,Accord manager,medium,True,14
aa82f404-0aaa-43b6-8523-624118d8b80c,EMP65433,Claire Arnould,pharmacien_adjoint,formation,2024-12-10,2024-12-12,2,Événement familial,approved,refused,Couverture disponible,high,False,3
c5270a9f-1ac5-4766-8737-e0a376aa9ab1,EMP61480,Georges Martin,préparateur,maternité,2024-04-19,2024-05-04,15,Formation professionnelle,approved,refused,Accord manager,high,False,19
e49f6bcb-3348-4640-aa37-1e6fcd7bfc4e,EMP82491,Catherine Bernard,pharmacien_adjoint,formation,2024-04-07,2024-04-19,12,Formation professionnelle,pending,,,high,True,35
57358399-90b2-424d-9636-b1fb46f0e160,EMP62493,Alain Bernier,pharmacien_titulaire,RTT,2024-09-06,2024-09-09,3,Maladie,approved,approved,Justificatif requis,high,False,23
fd840442-3af0-4a6c-a03f-9b563b729b42,EMP76314,Philippe Delorme,employé_rayon,maladie,2024-09-10,2024-09-20,10,Congé maladie,pending,,,high,False,37
45eb45cd-e98c-46d2-bdb3-c8a42f57830c,EMP59583,Cécile Bernard,pharmacien_adjoint,RTT,2024-04-16,2024-04-17,1,Raison personnelle,approved,refused,Accord manager,high,False,29
a423ec7c-d184-4236-b910-6db0f69de79d,EMP94780,Paul Dupont,pharmacien_titulaire,événement_familial,2024-10-03,2024-10-11,8,Besoin de repos,approved,approved,Justificatif requis,high,False,18
b53f6638-0888-4c3a-b9b8-7a26f1b4459c,EMP78485,Michèle Rousseau,pharmacien_adjoint,congé_payé,2024-10-03,2024-10-16,13,Maternité,approved,approved,Raison médicale insuffisante,high,True,36
dbf16cb4-d668-4f28-b56d-fcfa89c4fc60,EMP19132,Anne Morin,pharmacien_titulaire,congé_payé,2024-12-06,2024-12-16,10,Besoin de repos,refused,approved,Raison médicale insuffisante,medium,True,28
b9cd9c99-197f-4fdb-b596-17a615a37ef8,EMP32397,Jean Rousseau,employé_rayon,maternité,2024-06-21,2024-07-02,11,Maladie,refused,refused,Conflit avec autre absence,high,False,33
54c413b3-8a4e-4be1-be65-a8bdbdb42a05,EMP33913,Marie Benoit,employé_rayon,congé_payé,2024-01-02,2024-01-12,10,Formation professionnelle,approved,refused,Accord manager,high,True,7
c7933545-cc7f-4f63-b1ca-170ed54dd608,EMP54857,Alain Leroy,pharmacien_adjoint,RTT,2024-04-19,2024-04-30,11,Raison personnelle,pending,,,low,True,1
3e2c2c68-d06e-4a08-bb16-c492f0f8a308,EMP48246,Laurent Lefevre,pharmacien_adjoint,maladie,2024-02-17,2024-03-02,14,Congé maladie,approved,approved,Accord manager,medium,False,12
0c1f9b4b-a869-4ffa-bbb0-b6d852a2c924,EMP66259,Alain Dubois,préparateur,congé_payé,2024-07-29,2024-08-08,10,Maternité,approved,refused,Justificatif requis,low,False,24
5c20aa4f-f8a0-46a5-a9cf-31264d5e09f6,EMP88805,Philippe Dubois,pharmacien_adjoint,maladie,2024-05-08,2024-05-12,4,Congé maladie,approved,approved,Raison médicale insuffisante,medium,True,27
8b8c0d1a-1f59-4367-bcef-b23cb278b8aa,EMP79692,Christian Delorme,pharmacien_adjoint,RTT,2024-07-27,2024-08-03,7,Raison personnelle,approved,refused,Conflit avec autre absence,medium,True,46
2e28d9fc-1b5a-4164-9c0c-2b04dd3c9867,EMP37064,Sophie Delacroix,préparateur,formation,2024-08-15,2024-08-16,1,Raison personnelle,approved,refused,Accord manager,medium,True,6
8338ec21-5f1a-4378-a824-f642f373779c,EMP89175,Jacques Andre,employé_rayon,maternité,2024-07-18,2024-07-22,4,Besoin de repos,pending,,,medium,False,44
e7c9d990-a50e-423e-8c6b-3910c978cdb7,EMP42121,Sophie Dubois,employé_rayon,maladie,2024-01-09,2024-01-16,7,Congé maladie,pending,,,medium,True,26
857600cb-24f2-4bd2-9e51-33fc38a94805,EMP33083,Catherine Fontaine,pharmacien_titulaire,RTT,2024-10-06,2024-10-16,10,Maladie,refused,approved,Justificatif requis,medium,False,37
9600425e-2302-4775-9393-b5a5901c716d,EMP40128,Bernard Poirier,préparateur,RTT,2024-10-10,2024-10-24,14,Maladie,refused,refused,Conflit avec autre absence,high,False,10
d8ab82dc-a3b9-47d0-b3fd-e23653e5865e,EMP66862,Catherine Leroy,pharmacien_titulaire,congé_payé,2024-05-01,2024-05-04,3,Formation professionnelle,pending,,,medium,True,26
eef58934-8fca-43c9-ba3b-87afc897afe7,EMP10078,Pascale Gérard,employé_rayon,RTT,2024-05-13,2024-05-27,14,Événement familial,approved,approved,Justificatif requis,medium,False,35
1424b0a3-1216-467f-8ce4-5c2bebe7228e,EMP24056,Jacques Dupont,pharmacien_titulaire,formation,2024-09-30,2024-10-07,7,Maladie,approved,approved,Justificatif requis,high,True,19
0f0ff26d-8825-4df2-81b9-76e7e8cf27f2,EMP29546,Anne Moreau,préparateur,maladie,2024-12-18,2024-12-21,3,Congé maladie,pending,,,high,False,30
90d83e2e-ba6e-4d33-a5d4-f68e1c599a86,EMP52939,Pierre Rousseau,stagiaire,maladie,2024-02-20,2024-02-28,8,Congé maladie,pending,,,low,False,35
8f9883ff-a0fb-42ba-8b8d-a5cadbf6b715,EMP55780,Marie Gaillard,pharmacien_adjoint,événement_familial,2024-07-19,2024-07-26,7,Formation professionnelle,approved,approved,Raison médicale insuffisante,medium,False,36
e34ad74d-6d4b-484b-95ec-92a42b48deae,EMP26721,Luc Bernard,pharmacien_titulaire,congé_payé,2024-09-12,2024-09-13,1,Besoin de repos,approved,refused,Justificatif requis,medium,True,26
0ca6928b-3046-423d-a5e8-4105bb8bf109,EMP38625,Christiane Bernard,préparateur,formation,2024-09-27,2024-10-05,8,Événement familial,approved,refused,Accord manager,medium,False,34
27ba0ebe-48b2-4327-bdb7-838b9cdaa1c5,EMP19778,Martine Blanc,pharmacien_titulaire,maternité,2024-12-09,2024-12-15,6,Formation professionnelle,refused,refused,Conflit avec autre absence,high,False,30
8b9494ed-c462-474e-b338-f3755717f980,EMP98120,Georges Arnould,employé_rayon,maladie,2024-12-07,2024-12-15,8,Congé maladie,pending,,,high,True,23
01914aea-f5da-4702-be53-21264bc9625a,EMP66862,Catherine Leroy,pharmacien_titulaire,maladie,2024-04-11,2024-04-15,4,Congé maladie,pending,,,high,False,3
ed47335e-1132-4327-97bc-ba00a68fec93,EMP28475,Michel Rousseau,pharmacien_adjoint,formation,2024-08-04,2024-08-12,8,Maternité,refused,approved,Conflit avec autre absence,high,False,35
c86f1bd6-aae9-44b1-94b7-fcbcb0b6e6f5,EMP67313,Michèle Blanc,pharmacien_adjoint,formation,2024-12-19,2024-12-30,11,Événement familial,refused,refused,Accord manager,high,False,37
956af32b-8ac0-4d1e-acd2-7ec0879d7fc6,EMP68301,Danielle Arnould,préparateur,événement_familial,2024-12-16,2024-12-19,3,Raison personnelle,approved,refused,Conflit avec autre absence,high,False,15
853b706a-708d-4582-8e39-f55743d4b590,EMP25635,Thierry Gaillard,stagiaire,formation,2024-07-07,2024-07-12,5,Événement familial,pending,,,medium,False,24
d1d492f8-b8e1-4bce-82aa-f43d2708dcbc,EMP34741,Nathalie Lefevre,employé_rayon,maternité,2024-03-31,2024-04-11,11,Besoin de repos,pending,,,low,False,20
76435ad2-47d6-4e4b-85f2-924d4e85ffad,EMP35644,Marc Bernier,pharmacien_adjoint,congé_payé,2024-07-01,2024-07-10,9,Maladie,approved,approved,Conflit avec autre absence,low,False,37
24707411-94da-403f-ae0d-2c9e86c690d1,EMP75237,Jacques Fabre,préparateur,congé_payé,2024-04-09,2024-04-11,2,Événement familial,approved,refused,Raison médicale insuffisante,low,True,48
2f133203-858d-4f70-94e3-b1f1a5526989,EMP65496,Jacques Delorme,pharmacien_titulaire,congé_payé,2024-09-27,2024-10-03,6,Besoin de repos,pending,,,low,False,40
76ad0cb7-2871-4cd7-a3b2-600918de003f,EMP96712,Michèle Delorme,stagiaire,événement_familial,2024-06-11,2024-06-24,13,Formation professionnelle,approved,refused,Justificatif requis,medium,True,31
b4673243-4342-40d3-80f1-d0e12fbdd6a0,EMP21422,Thérèse Moreau,préparateur,congé_payé,2024-04-24,2024-04-26,2,Raison personnelle,approved,approved,Conflit avec autre absence,high,False,30
c5bcf1c1-f942-46f1-a14a-86eeb65f2807,EMP13704,Nathalie Martin,pharmacien_adjoint,formation,2024-11-20,2024-12-05,15,Besoin de repos,approved,refused,Conflit avec autre absence,medium,True,15
3e13dd61-0f21-4a4a-99ca-19f33e556992,EMP16087,André Benoit,employé_rayon,formation,2024-04-01,2024-04-12,11,Maladie,pending,,,high,True,46
a3763c14-a248-47e9-9f2b-11a1bc50b62f,EMP61456,Anne Bernier,stagiaire,maladie,2024-04-20,2024-04-30,10,Congé maladie,approved,refused,Couverture disponible,low,False,3
148e31a0-cdf9-4587-b9ab-5f964d393427,EMP28835,Philippe Fabre,pharmacien_adjoint,maladie,2024-03-01,2024-03-07,6,Congé maladie,pending,,,medium,True,24
979697d1-2d6a-4220-8024-4bbe3ab120d9,EMP77415,Françoise Fournier,pharmacien_adjoint,maternité,2024-01-27,2024-01-28,1,Formation professionnelle,approved,approved,Raison médicale insuffisante,medium,True,31
9ac26475-c51d-4ecf-9b54-0d05a9d55c4a,EMP62782,Christian Laurent,préparateur,maternité,2024-02-22,2024-02-28,6,Raison personnelle,approved,approved,Conflit avec autre absence,high,True,35
55983735-bfff-4a6d-8ddb-d3afc569fe20,EMP39270,Sophie Dubois,pharmacien_titulaire,événement_familial,2024-12-18,2024-12-20,2,Formation professionnelle,refused,refused,Raison médicale insuffisante,medium,False,10
3030d8b6-3b65-42d2-87fe-19aa63233589,EMP48344,André Bernard,pharmacien_adjoint,RTT,2024-07-03,2024-07-14,11,Raison personnelle,approved,refused,Raison médicale insuffisante,low,True,17
24be7694-ea91-483e-8b1c-7a9fb36eee16,EMP95294,Martine Roux,pharmacien_adjoint,maternité,2024-08-15,2024-08-23,8,Maladie,pending,,,low,True,18
ed59dcdf-43ec-4978-8098-188d53260d92,EMP66212,Luc Delorme,employé_rayon,maladie,2024-06-24,2024-06-29,5,Congé maladie,pending,,,high,True,28
772fb42f-3f78-41ad-a4f6-77b028c8e32a,EMP80965,Anne Michel,préparateur,maladie,2024-11-20,2024-12-02,12,Congé maladie,approved,refused,Raison médicale insuffisante,low,True,45
0d0fa2dc-0fd2-47c7-9841-725b50914a83,EMP16128,Pascale Roux,préparateur,congé_payé,2024-07-12,2024-07-25,13,Maternité,pending,,,medium,True,11
2e436e6a-dd77-4f24-aff9-f222ba4a0bbd,EMP97846,Jean Gaillard,pharmacien_titulaire,maternité,2024-04-04,2024-04-05,1,Maternité,approved,approved,Justificatif requis,medium,False,7
b3033196-0701-4407-b160-d3f8c7d812c3,EMP19622,Laurent Chevalier,pharmacien_adjoint,maladie,2024-06-15,2024-06-24,9,Congé maladie,approved,approved,Couverture disponible,low,True,44
480ce100-ce15-4cd6-990d-bef8abfc17ff,EMP30620,Philippe Poulain,pharmacien_adjoint,maternité,2024-05-03,2024-05-14,11,Besoin de repos,approved,approved,Couverture disponible,medium,False,37
0f0ddfeb-58b6-4c1a-b595-df263b300082,EMP80959,Stéphanie Fontaine,préparateur,événement_familial,2024-02-13,2024-02-17,4,Événement familial,pending,,,medium,True,1
9545b3bf-e08c-495c-a05d-3a443921f610,EMP51665,Laurent Renaud,pharmacien_adjoint,maternité,2024-11-21,2024-11-23,2,Besoin de repos,pending,,,low,True,1
1b429247-000f-4cc6-9e5e-c3a88ada1065,EMP30829,Jacques Bernard,préparateur,congé_payé,2024-01-09,2024-01-24,15,Maladie,refused,refused,Accord manager,high,False,8
cdb089a9-333a-44a6-a610-ead5e7fd6e89,EMP33083,Catherine Fontaine,pharmacien_titulaire,événement_familial,2024-01-01,2024-01-07,6,Formation professionnelle,approved,refused,Couverture disponible,low,True,34
d67b43e7-692e-4ba7-8d41-32c1024c2407,EMP29117,André Roux,préparateur,formation,2024-09-09,2024-09-10,1,Besoin de repos,pending,,,low,True,4
2fadce27-1e99-4911-b2d7-ea6c842850ab,EMP29927,Alain Maillard,employé_rayon,RTT,2024-04-21,2024-04-26,5,Maternité,refused,approved,Conflit avec autre absence,low,True,24
46484b00-f22d-40bb-bb33-c8be03c7b3fd,EMP19778,Martine Blanc,pharmacien_titulaire,maladie,2024-04-13,2024-04-23,10,Congé maladie,approved,refused,Couverture disponible,high,True,25
85a620f2-925b-4364-b040-47e40ce26a81,EMP70071,Sophie Bernard,préparateur,maternité,2024-11-18,2024-11-19,1,Maladie,refused,refused,Couverture disponible,medium,False,31
a72374e9-99c6-43e7-9be3-24af793ae5ee,EMP51138,Joseph Blanc,préparateur,événement_familial,2024-05-30,2024-06-11,12,Maternité,pending,,,high,False,31
223cdeae-c924-4dda-b434-74a7e0f2c05c,EMP10664,Pierre Fabre,pharmacien_titulaire,RTT,2024-01-10,2024-01-19,9,Maladie,approved,refused,Justificatif requis,low,True,44
27c665f8-321c-4bca-9294-e7fb9c5a0434,EMP59253,Pierre Martin,pharmacien_adjoint,événement_familial,2024-03-04,2024-03-17,13,Besoin de repos,pending,,,low,True,47
de7021ec-7555-47f9-9843-278a454d0a23,EMP25809,Marie Girard,pharmacien_adjoint,RTT,2024-01-01,2024-01-03,2,Formation professionnelle,pending,,,medium,True,7
871d2a4e-da3b-4cfd-8b5c-55b940e6e7ab,EMP96830,Jean Roux,pharmacien_titulaire,RTT,2024-04-27,2024-05-09,12,Raison personnelle,approved,refused,Accord manager,high,True,41
d623b3c9-b1a2-4a3f-8b97-20f83988eaa8,EMP40282,René Arnould,pharmacien_titulaire,congé_payé,2024-01-23,2024-01-26,3,Raison personnelle,approved,refused,Justificatif requis,medium,True,1
d6a75faa-d8ff-4431-a49a-ce13c90d7e0f,EMP51911,Claire Andre,pharmacien_titulaire,RTT,2024-05-05,2024-05-13,8,Formation professionnelle,pending,,,low,True,46
e127397a-ea6c-4cbb-b8cd-0e0e0db5c705,EMP16087,André Benoit,employé_rayon,événement_familial,2024-06-17,2024-06-24,7,Maternité,approved,refused,Justificatif requis,medium,True,17
c368b57b-bce5-477c-944d-f842d41f5208,EMP48344,André Bernard,pharmacien_adjoint,événement_familial,2024-10-28,2024-11-09,12,Raison personnelle,approved,refused,Conflit avec autre absence,high,True,29
7afe4626-d449-4e5d-a905-ffd53f17b0b4,EMP60681,Florence Benoit,préparateur,formation,2024-12-12,2024-12-22,10,Raison personnelle,approved,refused,Accord manager,high,False,19
ac560258-b2fe-4783-827b-881d312b7148,EMP32915,Nathalie Leclerc,pharmacien_titulaire,maladie,2024-05-23,2024-05-24,1,Congé maladie,pending,,,high,False,23
afc79bfa-8bb8-47cb-8aec-0b7069682ee5,EMP40125,Sophie Dubois,pharmacien_adjoint,maladie,2024-07-24,2024-08-08,15,Congé maladie,refused,refused,Couverture disponible,high,True,17
040d9ebd-2bbf-4c79-a1e0-d5e3ce2c0328,EMP96830,Jean Roux,pharmacien_titulaire,congé_payé,2024-04-22,2024-04-30,8,Formation professionnelle,approved,approved,Accord manager,medium,False,25
e7102ed3-389b-4452-9f36-e9c7f2242191,EMP84997,Florence Chevalier,employé_rayon,événement_familial,2024-04-03,2024-04-13,10,Maladie,approved,refused,Accord manager,high,False,15
ff2b150b-9e61-46aa-976f-2adfe53c6505,EMP86738,Monique Bernier,employé_rayon,maladie,2024-09-30,2024-10-10,10,Congé maladie,approved,refused,Justificatif requis,high,True,13
40b65bce-568a-4deb-aed9-1f58ac2160f3,EMP73052,Danielle Laurent,préparateur,formation,2024-06-25,2024-07-08,13,Formation professionnelle,approved,refused,Raison médicale insuffisante,medium,False,28
e46cb2a2-3c16-433b-bb45-fda536090dd6,EMP31748,Christian Delacroix,préparateur,maternité,2024-03-09,2024-03-23,14,Événement familial,approved,refused,Accord manager,medium,True,17
eebb2fea-3b04-4865-967b-a63368607237,EMP52819,Joseph Girard,pharmacien_titulaire,RTT,2024-07-05,2024-07-17,12,Formation professionnelle,approved,refused,Conflit avec autre absence,low,False,5
d3d00793-06fd-4a0a-ad12-6c4bc50a5fe8,EMP30417,Sylvie Rousseau,pharmacien_adjoint,événement_familial,2024-05-03,2024-05-15,12,Événement familial,pending,,,high,False,1
83cddd91-b7de-402e-91f5-83cba7bcffdd,EMP19967,Jacques Simon,pharmacien_adjoint,maladie,2024-08-07,2024-08-12,5,Congé maladie,approved,refused,Couverture disponible,high,False,29
7e7fb398-7aed-4625-a0b0-8175c9c99cb7,EMP16526,Michel Dubois,préparateur,formation,2024-10-14,2024-10-15,1,Raison personnelle,approved,refused,Raison médicale insuffisante,low,False,41
80f1e190-4c3c-4496-a23f-4d46221f9473,EMP18030,Catherine Arnould,préparateur,événement_familial,2024-02-22,2024-03-04,11,Besoin de repos,refused,approved,Couverture disponible,low,False,30
9aeec6f6-6189-4fba-99ba-39321bb31a25,EMP30092,Alain Blanc,pharmacien_titulaire,RTT,2024-06-05,2024-06-13,8,Événement familial,approved,refused,Justificatif requis,medium,False,35
99d40ecf-9de0-44e3-9c50-917fe5c9831a,EMP91623,Joseph Andre,pharmacien_titulaire,RTT,2024-08-10,2024-08-24,14,Raison personnelle,pending,,,medium,True,46
94509795-765c-43f4-992d-4842b040650b,EMP77314,Danielle Blanc,pharmacien_titulaire,formation,2024-12-29,2025-01-10,12,Besoin de repos,approved,approved,Raison médicale insuffisante,high,False,37
cfc8187e-5466-4936-b0cf-6e90140ea1a1,EMP10159,Nathalie Fournier,préparateur,maternité,2024-06-30,2024-07-01,1,Formation professionnelle,approved,approved,Conflit avec autre absence,high,True,35
0a4167c1-bdcc-4409-a192-7cb58d34d448,EMP47051,Marie Roux,employé_rayon,congé_payé,2024-12-23,2025-01-03,11,Maladie,pending,,,low,True,48
dfaad0a9-97e5-4608-8b8d-b72fac4439b3,EMP65433,Claire Arnould,pharmacien_adjoint,maternité,2024-02-18,2024-02-25,7,Événement familial,pending,,,low,False,15
415be202-ad9c-46c8-acf3-ca054fc80960,EMP88805,Philippe Dubois,pharmacien_adjoint,maladie,2024-06-06,2024-06-09,3,Congé maladie,refused,approved,Justificatif requis,medium,True,18
173f7cd4-19a6-4229-b0cb-a0a2ec709af1,EMP98141,Daniel Fournier,employé_rayon,maternité,2024-12-14,2024-12-18,4,Maternité,approved,refused,Raison médicale insuffisante,low,False,9
82ae2c60-a1c6-455c-ba68-e463a73aee14,EMP91325,Jean Delacroix,préparateur,congé_payé,2024-11-27,2024-12-05,8,Maternité,approved,refused,Conflit avec autre absence,high,False,23
95a57487-d9ab-411b-a9b0-e9f4268d4777,EMP22852,Laurent Poirier,pharmacien_adjoint,RTT,2024-05-07,2024-05-18,11,Maladie,approved,refused,Accord manager,low,True,17
d7622411-b7bc-4a5a-9d06-88ff74ed2e7a,EMP76360,Cécile Renaud,pharmacien_titulaire,maternité,2024-08-09,2024-08-10,1,Raison personnelle,pending,,,low,False,23
602d1cab-1fe0-4582-b9f1-f535399d04b3,EMP75210,Sophie Roux,employé_rayon,formation,2024-07-28,2024-08-12,15,Raison personnelle,approved,approved,Couverture disponible,medium,False,42
4826cfc5-6b60-4ed0-9f1a-67d7d66e77e3,EMP19622,Laurent Chevalier,pharmacien_adjoint,formation,2024-08-14,2024-08-29,15,Maladie,approved,refused,Couverture disponible,medium,True,47
4110e5f0-815b-4304-b564-a5148a53f343,EMP99430,Nathalie Arnould,employé_rayon,congé_payé,2024-11-24,2024-11-25,1,Événement familial,refused,approved,Accord manager,medium,True,10
2d7a866b-9c97-4889-9f22-528b8a12a44d,EMP69324,Valérie Gaillard,préparateur,événement_familial,2024-10-10,2024-10-15,5,Maternité,approved,refused,Accord manager,high,False,8
a41d628f-7bc5-49f3-b918-3476df4141bc,EMP28870,Cécile Girard,employé_rayon,congé_payé,2024-05-15,2024-05-26,11,Événement familial,refused,refused,Justificatif requis,high,True,17
e99fdb37-fe6a-400f-810e-859e99ed0a83,EMP95747,Bernard Gaillard,pharmacien_titulaire,congé_payé,2024-10-13,2024-10-21,8,Maternité,pending,,,medium,False,21
17b9fd98-48ac-433d-8310-245c3e811cec,EMP36050,Sophie Fournier,pharmacien_titulaire,maternité,2024-01-04,2024-01-18,14,Maternité,approved,refused,Raison médicale insuffisante,medium,False,47
c9b3e47d-ace3-4d72-918e-80121da192a6,EMP14020,Anne Arnould,préparateur,maladie,2024-10-13,2024-10-24,11,Congé maladie,refused,approved,Accord manager,medium,True,30
0c6da8fb-6ff4-4d2a-be07-a2f6596f2b0d,EMP69057,Valérie Michel,employé_rayon,événement_familial,2024-03-10,2024-03-12,2,Événement familial,approved,approved,Couverture disponible,medium,False,5
fa0709d2-caef-4d1b-ad5a-78c8284e7f58,EMP95894,Thérèse Delorme,pharmacien_titulaire,formation,2024-12-16,2024-12-29,13,Raison personnelle,refused,refused,Raison médicale insuffisante,medium,True,7
de39beff-5a23-4a07-975a-aaa6679df472,EMP52916,Martine Gérard,préparateur,congé_payé,2024-11-15,2024-11-20,5,Besoin de repos,pending,,,high,False,12
3d726b13-7751-4412-a3b2-b7a38ba55f16,EMP97846,Jean Gaillard,pharmacien_titulaire,RTT,2024-10-09,2024-10-20,11,Formation professionnelle,refused,approved,Accord manager,medium,False,9
6a5f84ef-2805-45a0-9997-2de201005317,EMP57775,Olivier Fabre,préparateur,événement_familial,2024-10-21,2024-10-28,7,Événement familial,approved,approved,Conflit avec autre absence,low,True,16
25e2b2b8-8d28-4d5e-9b0b-f2ec7a63e86d,EMP40282,René Arnould,pharmacien_titulaire,congé_payé,2024-07-09,2024-07-23,14,Maternité,refused,refused,Accord manager,high,True,8
793fb5f8-0b70-4389-9f74-5b3e97ad9682,EMP72153,Georges Bernier,préparateur,événement_familial,2024-04-18,2024-04-28,10,Maladie,refused,approved,Conflit avec autre absence,high,True,13
674fb794-763a-45c5-b556-3f82480744d1,EMP88262,Marc Dupont,préparateur,formation,2024-10-02,2024-10-05,3,Raison personnelle,pending,,,low,False,10
fb2be67d-22c3-4cb8-be42-39c0be412030,EMP20067,Florence Rousseau,pharmacien_titulaire,maternité,2024-08-17,2024-08-22,5,Maladie,approved,refused,Conflit avec autre absence,medium,False,25
bb29fdc9-507d-428a-b7fe-04fa28c1b098,EMP57938,Paul Bernier,préparateur,maternité,2024-05-17,2024-05-18,1,Événement familial,approved,refused,Raison médicale insuffisante,high,False,16
5b545018-ae9d-42a2-96f3-454be4a4977d,EMP89032,Philippe Leroy,préparateur,congé_payé,2024-09-29,2024-10-08,9,Formation professionnelle,approved,approved,Justificatif requis,high,False,4
c245b233-ede5-4195-9924-f167bb698c49,EMP68457,Christine Martin,stagiaire,formation,2024-07-10,2024-07-25,15,Besoin de repos,approved,approved,Couverture disponible,high,False,10
6b02df98-92b2-45bc-ac2b-e860ea2a7b49,EMP14604,Sophie Poirier,employé_rayon,congé_payé,2024-11-27,2024-12-01,4,Formation professionnelle,refused,refused,Accord manager,high,True,4
db368642-1ebb-427a-b851-b3e00b04886f,EMP89395,Irène Poulain,préparateur,événement_familial,2024-09-26,2024-09-28,2,Maternité,approved,approved,Couverture disponible,high,False,48
81db5f28-609f-48c9-8130-ba649999d1b2,EMP54855,Jean Gaillard,préparateur,congé_payé,2024-06-02,2024-06-08,6,Raison personnelle,pending,,,low,False,38
f32dd80c-2820-4afc-aaf1-1e1707e64607,EMP89869,Anne Lefevre,employé_rayon,congé_payé,2024-02-19,2024-02-26,7,Événement familial,approved,approved,Justificatif requis,medium,False,35
87c3f13c-e69a-4a05-b550-cf66f625f9ef,EMP27231,Jacques Leclerc,préparateur,maladie,2024-04-20,2024-04-22,2,Congé maladie,approved,refused,Raison médicale insuffisante,low,False,11
c7314ec5-ee64-458a-97c2-9bb8f833e410,EMP85839,Thérèse Fabre,employé_rayon,événement_familial,2024-09-05,2024-09-12,7,Raison personnelle,pending,,,low,False,22
ee87c692-e517-484d-87c9-451324876a62,EMP27518,Laurent Renaud,pharmacien_adjoint,maternité,2024-11-24,2024-12-09,15,Raison personnelle,refused,refused,Couverture disponible,medium,True,44
c29af9ee-247f-4514-999a-34974aff2309,EMP91623,Joseph Andre,pharmacien_titulaire,formation,2024-04-16,2024-05-01,15,Raison personnelle,approved,refused,Justificatif requis,high,True,30
7d346eb5-7831-446c-996f-ae8dc83bf7d7,EMP64556,Marie Delorme,pharmacien_adjoint,formation,2024-12-25,2025-01-06,12,Besoin de repos,pending,,,medium,True,32
8f20b1bf-dbf4-4e02-8de5-e21f65256a6e,EMP59767,Pascale Delorme,pharmacien_adjoint,congé_payé,2024-07-21,2024-07-27,6,Maternité,refused,refused,Justificatif requis,high,False,26
1c112e19-d76b-4aca-a22f-a8bf21145679,EMP43236,Sophie Bernier,pharmacien_titulaire,maladie,2024-10-20,2024-10-23,3,Congé maladie,refused,refused,Conflit avec autre absence,low,False,22
573dc537-e5f2-4065-929b-735ce16d087c,EMP62782,Christian Laurent,préparateur,maladie,2024-03-31,2024-04-15,15,Congé maladie,refused,refused,Couverture disponible,medium,False,7
3bc5fae0-1d35-4aff-8a80-356e679e7111,EMP66285,Joseph Fontaine,pharmacien_adjoint,formation,2024-06-27,2024-07-10,13,Besoin de repos,approved,approved,Justificatif requis,medium,False,18
e71b98a8-218b-49cd-a38d-629a4a017d05,EMP75704,Paul Leclerc,pharmacien_adjoint,événement_familial,2024-08-21,2024-08-25,4,Besoin de repos,approved,refused,Justificatif requis,medium,False,33
ca4a7f87-2a84-4eec-9af4-859e44179fe5,EMP33394,Philippe Lefevre,préparateur,congé_payé,2024-07-27,2024-08-04,8,Maternité,approved,refused,Accord manager,medium,True,33
81213d16-a505-4103-8b22-432c20522bdb,EMP94416,Nathalie Martin,pharmacien_adjoint,maladie,2024-10-09,2024-10-11,2,Congé maladie,pending,,,medium,True,28
8310de1e-0f21-4794-b5dd-e852cfa4f9b1,EMP52774,Jean-Paul Dupont,préparateur,formation,2024-05-14,2024-05-21,7,Formation professionnelle,approved,approved,Accord manager,high,False,14
3bd5dcbb-d8cf-43fe-95e8-a4d6c21b4a83,EMP88262,Marc Dupont,préparateur,congé_payé,2024-07-24,2024-07-26,2,Événement familial,approved,approved,Raison médicale insuffisante,medium,True,44
0c360913-53cf-4667-87ab-d651271308aa,EMP69699,Alain Renaud,préparateur,RTT,2024-12-23,2025-01-07,15,Événement familial,approved,refused,Couverture disponible,high,False,29
5586d571-0ed1-4c67-807e-7e89b07f83b1,EMP10250,Claire Leroy,pharmacien_adjoint,formation,2024-04-18,2024-04-29,11,Maternité,approved,refused,Raison médicale insuffisante,high,True,41
5d88399e-fd38-4a8f-9826-ad73564cbc5f,EMP15555,René Chevalier,préparateur,congé_payé,2024-08-12,2024-08-19,7,Événement familial,approved,refused,Conflit avec autre absence,medium,True,38
38bbe458-7102-4d44-9453-23ea2e4d913c,EMP84188,Thierry Fabre,pharmacien_adjoint,maladie,2024-02-05,2024-02-15,10,Congé maladie,approved,approved,Conflit avec autre absence,medium,False,5
d5d170b2-a423-43a5-965c-9f63259323df,EMP70018,Pierre Rousseau,préparateur,maladie,2024-07-07,2024-07-22,15,Congé maladie,approved,approved,Conflit avec autre absence,medium,True,39
ee41ecc1-f295-4ff9-95ca-3c8a65f7459d,EMP69124,Claire Renaud,pharmacien_adjoint,congé_payé,2024-01-05,2024-01-11,6,Maternité,approved,approved,Accord manager,high,True,43
b9ec2a2e-7da9-435d-849e-5b132facf935,EMP94339,Michel Poulain,préparateur,maternité,2024-07-30,2024-08-06,7,Événement familial,approved,refused,Accord manager,high,False,45
2cd2e42a-f846-4a03-aa72-c0fc76f4d847,EMP89161,Nathalie Fabre,préparateur,maternité,2024-09-08,2024-09-14,6,Raison personnelle,approved,refused,Justificatif requis,medium,True,1
162078bc-9932-427e-8cae-de4349c7556c,EMP68457,Christine Martin,stagiaire,RTT,2024-01-19,2024-02-03,15,Événement familial,approved,approved,Conflit avec autre absence,low,False,32
abf44757-f74d-443e-be92-07d2816a339b,EMP79692,Christian Delorme,pharmacien_adjoint,congé_payé,2024-10-29,2024-11-11,13,Raison personnelle,approved,refused,Raison médicale insuffisante,medium,False,44
d9837f04-c818-4f44-a1e5-94e3eec7687e,EMP12257,Luc Laurent,pharmacien_titulaire,maternité,2024-05-28,2024-05-29,1,Maladie,pending,,,high,True,8
1ab559d0-d80e-469a-b1c4-302de049f1b1,EMP10139,Jacques Blanc,préparateur,maladie,2024-10-10,2024-10-24,14,Congé maladie,approved,approved,Couverture disponible,medium,False,18
b98c4c76-d949-455a-a370-12839c5b71df,EMP25298,Philippe Fontaine,préparateur,formation,2024-07-01,2024-07-12,11,Raison personnelle,refused,refused,Conflit avec autre absence,low,True,48
cc1276c9-5fff-4ef9-9f76-5e7c1a0f1f0a,EMP74002,Sophie Dubois,préparateur,maternité,2024-03-02,2024-03-09,7,Besoin de repos,approved,approved,Couverture disponible,low,True,25
2e068190-4d2c-4e89-af47-403532ab610d,EMP47016,Christian Leclerc,pharmacien_adjoint,maternité,2024-10-25,2024-10-28,3,Formation professionnelle,approved,approved,Raison médicale insuffisante,medium,False,44
23a085d4-2da1-4ac5-a3ba-b086045880a1,EMP77892,Laurent Michel,pharmacien_titulaire,événement_familial,2024-01-14,2024-01-22,8,Raison personnelle,approved,refused,Accord manager,high,True,45
8e379513-a11e-488b-9000-29ae781d8611,EMP54365,Valérie Girard,préparateur,maladie,2024-07-01,2024-07-13,12,Congé maladie,approved,refused,Conflit avec autre absence,medium,False,41
afcea130-19de-4097-879b-e0c7d1c3ebde,EMP89511,Georges Rousseau,pharmacien_adjoint,événement_familial,2024-06-17,2024-06-23,6,Raison personnelle,refused,refused,Conflit avec autre absence,medium,True,34
b7ba7284-b7e2-4976-ae96-0e103f5f0b83,EMP90904,André Leclerc,préparateur,événement_familial,2024-04-10,2024-04-18,8,Raison personnelle,approved,refused,Conflit avec autre absence,medium,False,32
af21b99d-f074-4b16-b1c4-6d177852bfa7,EMP86791,Françoise Renaud,préparateur,congé_payé,2024-03-03,2024-03-06,3,Besoin de repos,approved,approved,Accord manager,medium,True,21
ba2358bc-a45d-4b23-a30b-66a07577f0e8,EMP70877,Jacques Rousseau,préparateur,maternité,2024-12-24,2025-01-06,13,Maternité,approved,approved,Accord manager,high,False,35
33421acb-3d98-4e22-88b9-8a1824814b98,EMP88991,Nathalie Renaud,pharmacien_titulaire,événement_familial,2024-09-11,2024-09-15,4,Raison personnelle,refused,approved,Conflit avec autre absence,low,False,9
2dec7be4-1e1c-4440-89dd-922beebdcd5e,EMP56747,Christian Leroy,employé_rayon,maladie,2024-12-02,2024-12-06,4,Congé maladie,approved,refused,Justificatif requis,medium,False,9
49471655-5ee9-4d30-bff2-75d88c148087,EMP51329,Monique Dubois,employé_rayon,RTT,2024-02-05,2024-02-11,6,Événement familial,refused,refused,Accord manager,low,False,30
bd3f6225-1953-4238-9d00-af3dbe7441bf,EMP10159,Nathalie Fournier,préparateur,événement_familial,2024-09-07,2024-09-21,14,Maternité,refused,refused,Raison médicale insuffisante,high,False,38
0535397b-6957-4449-a1f3-8328a2c9e1a9,EMP41092,Valérie Benoit,pharmacien_titulaire,RTT,2024-03-16,2024-03-21,5,Maladie,refused,approved,Couverture disponible,low,False,42
a2e9e57c-68cf-482e-9c4b-bc610232427f,EMP87140,René Girard,stagiaire,maternité,2024-08-25,2024-09-02,8,Maternité,pending,,,medium,True,34
4b5eb08c-bce4-4ea3-a9a3-7313ba5e105c,EMP87140,René Girard,stagiaire,maladie,2024-10-02,2024-10-16,14,Congé maladie,refused,refused,Couverture disponible,low,True,22
d21560ef-3ae8-4675-9090-dddd1b739a52,EMP71640,Marc Moreau,pharmacien_adjoint,formation,2024-03-02,2024-03-13,11,Maternité,refused,approved,Couverture disponible,high,False,17
745deaf3-d47e-447a-a16c-04df2fa53394,EMP10272,Sophie Michel,pharmacien_adjoint,RTT,2024-08-27,2024-08-28,1,Maternité,refused,refused,Accord manager,medium,False,14
3f3ab6d8-2afb-4f40-b690-15fe0a8a3540,EMP15711,Alain Renaud,pharmacien_adjoint,maladie,2024-08-25,2024-09-03,9,Congé maladie,pending,,,high,False,32
8d481383-449a-4219-b6e1-3efde1ff6f2f,EMP44274,Philippe Morin,employé_rayon,formation,2024-06-16,2024-06-27,11,Formation professionnelle,pending,,,high,True,7
0ee7d033-a3a0-4207-8939-76c36a7eda71,EMP97807,Luc Poulain,stagiaire,événement_familial,2024-01-20,2024-01-26,6,Maladie,refused,approved,Couverture disponible,medium,True,20
0e677482-a612-4f87-82ba-e10cab0b0211,EMP71839,Isabelle Arnould,employé_rayon,congé_payé,2024-05-01,2024-05-15,14,Événement familial,approved,approved,Couverture disponible,medium,False,32
431347e0-8420-4273-a07c-f7bfd172439d,EMP47547,Jacques Dubois,pharmacien_titulaire,RTT,2024-05-06,2024-05-21,15,Maternité,approved,refused,Accord manager,medium,True,27
16d422a2-91e0-426a-a565-da5a890ea010,EMP16363,Pierre Maillard,pharmacien_titulaire,maladie,2024-05-03,2024-05-17,14,Congé maladie,approved,approved,Justificatif requis,high,False,26
3df5bcb1-68a0-4e93-913f-a3658ba01b90,EMP48246,Laurent Lefevre,pharmacien_adjoint,congé_payé,2024-06-22,2024-07-06,14,Maladie,approved,approved,Accord manager,low,True,33
4cc3b829-d524-4e63-891d-06f5120f8453,EMP16097,Pierre Poulain,employé_rayon,maternité,2024-10-29,2024-11-01,3,Événement familial,approved,approved,Conflit avec autre absence,high,False,8
1f5fcf50-28d4-4f96-8ecf-c69d10a8f716,EMP94416,Nathalie Martin,pharmacien_adjoint,congé_payé,2024-11-18,2024-12-02,14,Maladie,approved,refused,Conflit avec autre absence,medium,True,45
bce5a972-7ed4-40ea-ac22-eed8fb25d26a,EMP51138,Joseph Blanc,préparateur,formation,2024-09-24,2024-10-01,7,Maladie,approved,approved,Accord manager,low,False,39
56bcbb9f-cf79-45eb-a57d-b8b7aa2e7722,EMP41789,Laurent Girard,pharmacien_titulaire,événement_familial,2024-01-24,2024-01-25,1,Événement familial,approved,approved,Couverture disponible,medium,False,5
1da70e32-d754-4140-a455-3e5992174b4f,EMP33933,Bernard Dupont,pharmacien_titulaire,RTT,2024-06-09,2024-06-14,5,Maternité,refused,approved,Raison médicale insuffisante,low,True,29
62666ce9-6e9d-41df-a802-8e1fd3419e17,EMP88991,Nathalie Renaud,pharmacien_titulaire,formation,2024-03-08,2024-03-10,2,Formation professionnelle,pending,,,medium,True,7
7f0f3411-ee9c-4809-adf8-79d20874c7b8,EMP59767,Pascale Delorme,pharmacien_adjoint,formation,2024-02-11,2024-02-14,3,Maladie,approved,approved,Justificatif requis,medium,True,32
6eca264e-6d4f-436c-b34e-defa1db43fab,EMP72160,Irène Bernard,pharmacien_titulaire,maladie,2024-05-19,2024-05-28,9,Congé maladie,approved,approved,Conflit avec autre absence,medium,False,17
47fd9643-9386-4aac-a14c-065c81daf384,EMP80460,Christian Michel,pharmacien_adjoint,maladie,2024-05-17,2024-05-19,2,Congé maladie,refused,refused,Accord manager,high,False,23
fa0d939a-328a-4720-aeec-64cdcbacc4a3,EMP97823,Stéphanie Gaillard,pharmacien_adjoint,formation,2024-09-10,2024-09-15,5,Besoin de repos,approved,approved,Conflit avec autre absence,low,False,2
293ca0e5-10a7-49c8-a0eb-b75be6a48bbe,EMP76785,Sophie Leroy,employé_rayon,maladie,2024-12-28,2025-01-03,6,Congé maladie,pending,,,low,False,44
732d956f-5926-4871-a608-205b8ec6537d,EMP67420,Michèle Maillard,pharmacien_adjoint,maternité,2024-08-25,2024-09-07,13,Événement familial,approved,refused,Conflit avec autre absence,low,True,3
f106e5f1-d0c7-4a15-a1c6-195bcaa1bcc6,EMP82491,Catherine Bernard,pharmacien_adjoint,événement_familial,2024-06-29,2024-07-14,15,Formation professionnelle,pending,,,medium,False,3
8215ea68-49aa-4ed1-ab53-0faa028f2f75,EMP94289,Laurent Laurent,employé_rayon,RTT,2024-03-04,2024-03-15,11,Événement familial,approved,approved,Conflit avec autre absence,high,True,29
d5e8b740-c474-4483-a8a6-5e62b26ccce8,EMP68832,Catherine Girard,stagiaire,congé_payé,2024-03-14,2024-03-21,7,Besoin de repos,approved,refused,Raison médicale insuffisante,medium,False,28
21db22e5-99d9-48f1-81b1-ce4392391da5,EMP43866,Françoise Delacroix,préparateur,maternité,2024-06-08,2024-06-20,12,Besoin de repos,approved,approved,Accord manager,low,True,15
a8f3d71c-0b18-4690-96ca-6fd690d9b4d6,EMP39936,André Girard,pharmacien_adjoint,RTT,2024-05-30,2024-06-09,10,Besoin de repos,approved,refused,Accord manager,low,False,12
a984b401-e102-42f2-997e-c28f76e131ca,EMP33562,Georges Poirier,employé_rayon,maternité,2024-07-12,2024-07-16,4,Raison personnelle,refused,refused,Conflit avec autre absence,high,True,45
ed0655ab-71ea-441a-9d1e-6e84c3128b53,EMP62383,Jacques Girard,employé_rayon,congé_payé,2024-07-26,2024-07-29,3,Formation professionnelle,approved,refused,Couverture disponible,medium,False,19
63e78567-4bb2-41e7-a4a5-f6c7aa4228b1,EMP95454,Jacques Lefevre,préparateur,événement_familial,2024-12-22,2024-12-23,1,Maternité,pending,,,high,True,12
52300306-829b-44b6-a1f9-964258d3c38d,EMP16526,Michel Dubois,préparateur,maternité,2024-12-19,2024-12-28,9,Événement familial,approved,refused,Couverture disponible,medium,True,6
88f80208-9742-49a6-bedf-168fbb568caa,EMP57584,Jacques Benoit,employé_rayon,maladie,2024-11-03,2024-11-12,9,Congé maladie,approved,approved,Conflit avec autre absence,high,True,13
dfeb448d-48fa-428e-ab9d-702ce2d0fa62,EMP13191,René Simon,préparateur,maladie,2024-04-16,2024-04-26,10,Congé maladie,pending,,,low,True,9
4876ef18-8737-47cf-96ab-c8508837d010,EMP67544,Marc Benoit,préparateur,maladie,2024-02-27,2024-03-07,9,Congé maladie,approved,approved,Couverture disponible,high,True,18
5441fa59-09ce-4d0f-8f9a-6cc049cfc526,EMP73974,Pierre Girard,préparateur,événement_familial,2024-01-05,2024-01-10,5,Besoin de repos,pending,,,high,True,41
c552fa94-7be0-496d-99f9-a2105dbdf27c,EMP10250,Claire Leroy,pharmacien_adjoint,congé_payé,2024-06-06,2024-06-10,4,Maladie,approved,approved,Accord manager,high,False,34
bdc22231-9543-4f37-a832-b2723808a6f2,EMP84521,Cécile Leclerc,préparateur,événement_familial,2024-02-16,2024-02-29,13,Maternité,refused,approved,Raison médicale insuffisante,medium,True,7
4ee0cdd7-1ef1-4339-b819-e7f6e23a040c,EMP40282,René Arnould,pharmacien_titulaire,congé_payé,2024-08-19,2024-08-23,4,Formation professionnelle,refused,approved,Couverture disponible,high,True,15
b1ac5060-2273-4f3d-bd36-6ff6492ec053,EMP70018,Pierre Rousseau,préparateur,formation,2024-08-03,2024-08-09,6,Besoin de repos,approved,refused,Couverture disponible,low,True,40
74029cc0-a9c1-4570-8ab8-a9fdaeeb9945,EMP35306,Pierre Poirier,préparateur,congé_payé,2024-05-12,2024-05-18,6,Maternité,approved,refused,Couverture disponible,high,True,22
b507fb4a-d118-4424-be3f-48b9cf763b1f,EMP70018,Pierre Rousseau,préparateur,RTT,2024-11-30,2024-12-09,9,Raison personnelle,approved,refused,Raison médicale insuffisante,low,True,48
599fad73-2703-41d7-afd9-770a7185157f,EMP21198,Stéphanie Blanc,préparateur,RTT,2024-12-06,2024-12-14,8,Maladie,approved,refused,Accord manager,low,True,38
e8071082-e485-4c21-bfc6-c8b1e7655715,EMP89129,Thérèse Michel,pharmacien_adjoint,RTT,2024-04-27,2024-05-09,12,Formation professionnelle,approved,approved,Justificatif requis,medium,True,33
9d89d6c1-fef5-4556-bf3a-5d43f07592e6,EMP86970,Christiane Gaillard,pharmacien_titulaire,maladie,2024-08-01,2024-08-07,6,Congé maladie,approved,refused,Justificatif requis,medium,False,21
9bcdc3ac-a12f-4d54-be6e-000d461b094f,EMP14811,Alain Fournier,préparateur,événement_familial,2024-01-24,2024-02-08,15,Raison personnelle,approved,approved,Raison médicale insuffisante,low,False,28
d402ec18-e766-4f1a-b47d-1e97facdd90c,EMP92426,Luc Fournier,préparateur,formation,2024-07-28,2024-08-02,5,Formation professionnelle,approved,refused,Conflit avec autre absence,medium,True,29
69833d61-9722-4043-b639-fc079ea19191,EMP18133,Jean-Paul Blanc,stagiaire,RTT,2024-03-23,2024-03-28,5,Raison personnelle,pending,,,medium,False,4
ee434161-ce98-4c92-af63-8892181f99ad,EMP91413,Alain Simon,préparateur,formation,2024-04-07,2024-04-09,2,Raison personnelle,pending,,,low,True,35
9c2cac6f-9f77-4267-a61a-b0dc71627ae0,EMP54954,Laurent Moreau,pharmacien_adjoint,RTT,2024-06-13,2024-06-24,11,Besoin de repos,approved,refused,Justificatif requis,low,False,42
00e7b2c5-ec0d-48f8-87ac-31f4d78ec003,EMP80940,Marc Poirier,employé_rayon,maternité,2024-08-17,2024-08-29,12,Formation professionnelle,pending,,,low,False,20
2157dd1f-a562-4a68-9dc0-a3b60fcf7dd2,EMP15485,Michèle Bernier,préparateur,RTT,2024-03-23,2024-03-31,8,Raison personnelle,pending,,,low,True,38
8b06779b-979b-410c-9a39-1aa726433f00,EMP95514,Jean Bernard,préparateur,événement_familial,2024-05-25,2024-05-31,6,Formation professionnelle,pending,,,medium,False,33
171f5da1-90a3-42f2-b7ea-a428de73f01c,EMP62383,Jacques Girard,employé_rayon,événement_familial,2024-03-21,2024-04-01,11,Formation professionnelle,refused,approved,Accord manager,high,False,40
47fe0cc7-cf1b-4ae0-89ad-5ada18d17deb,EMP57584,Jacques Benoit,employé_rayon,RTT,2024-06-06,2024-06-08,2,Raison personnelle,approved,refused,Conflit avec autre absence,low,True,22
56ea0ec1-029a-4403-b890-ab2b7b6e16b0,EMP87177,Paul Michel,préparateur,congé_payé,2024-03-01,2024-03-11,10,Maladie,pending,,,medium,False,7
f41c4670-fa48-49ad-b19b-27675b716ce0,EMP18030,Catherine Arnould,préparateur,congé_payé,2024-04-15,2024-04-29,14,Événement familial,approved,refused,Couverture disponible,high,True,22
807b1869-cd1b-4c5f-a472-52b6aef20b9d,EMP32915,Nathalie Leclerc,pharmacien_titulaire,maladie,2024-02-28,2024-03-06,7,Congé maladie,pending,,,high,True,30
1bfe4b33-a07c-4520-a4db-6816574f327d,EMP46169,Monique Delorme,employé_rayon,congé_payé,2024-11-17,2024-11-27,10,Formation professionnelle,pending,,,low,False,22
699600c0-4421-4f31-a462-01f97c91a4c3,EMP10482,Thérèse Fournier,préparateur,maladie,2024-02-03,2024-02-15,12,Congé maladie,pending,,,medium,False,10
66caba44-ad75-4184-b283-3d7b2d5a98df,EMP59767,Pascale Delorme,pharmacien_adjoint,formation,2024-01-02,2024-01-03,1,Besoin de repos,pending,,,medium,True,43
2c59653a-92ea-4936-bced-2fcba8c59ea8,EMP42121,Sophie Dubois,employé_rayon,maladie,2024-12-12,2024-12-20,8,Congé maladie,pending,,,high,False,12
25a11c43-0be7-48f3-b588-2e7084601a6d,EMP79692,Christian Delorme,pharmacien_adjoint,événement_familial,2024-12-02,2024-12-05,3,Formation professionnelle,approved,refused,Couverture disponible,high,False,34
7c875352-9179-4347-9635-8ed1a68bc890,EMP57584,Jacques Benoit,employé_rayon,congé_payé,2024-09-29,2024-10-09,10,Maladie,pending,,,medium,False,1
c009e6d8-c09a-43bc-b2d7-d30b99763c56,EMP38149,Valérie Simon,employé_rayon,congé_payé,2024-06-16,2024-06-30,14,Maladie,approved,approved,Conflit avec autre absence,medium,True,17
84d506cc-86c1-4331-8675-66605db97432,EMP63020,Thérèse Delacroix,pharmacien_adjoint,maladie,2024-05-12,2024-05-27,15,Congé maladie,pending,,,low,False,18
4cd5b05e-a435-4c51-9897-d6d7e0fad43f,EMP21198,Stéphanie Blanc,préparateur,maladie,2024-03-01,2024-03-03,2,Congé maladie,approved,approved,Accord manager,low,True,31
4dacb770-570a-447d-aed2-d15863e731f7,EMP25177,Danielle Moreau,employé_rayon,congé_payé,2024-09-17,2024-09-18,1,Besoin de repos,pending,,,high,True,12
ee9fc669-6cab-411a-8792-fd1bbb716a4e,EMP33083,Catherine Fontaine,pharmacien_titulaire,RTT,2024-05-21,2024-06-02,12,Formation professionnelle,refused,refused,Conflit avec autre absence,low,True,37
96c5aec5-6a62-4598-b967-82f929f4b796,EMP33278,Pierre Benoit,préparateur,formation,2024-08-24,2024-09-07,14,Maladie,pending,,,low,False,24
56883be9-4c73-4436-bf35-7fc52163c501,EMP89032,Philippe Leroy,préparateur,événement_familial,2024-01-06,2024-01-17,11,Raison personnelle,pending,,,medium,True,19
2c06be06-0048-451a-9154-78d01c4d1501,EMP28835,Philippe Fabre,pharmacien_adjoint,maternité,2024-03-11,2024-03-20,9,Besoin de repos,approved,refused,Accord manager,medium,True,27
4b356095-ab6c-4584-956e-c2715a2784c4,EMP94962,Jacques Blanc,préparateur,formation,2024-10-01,2024-10-03,2,Maladie,approved,refused,Raison médicale insuffisante,low,True,23
2feffe8b-2c66-4951-8fba-5b7d0d6ebbc4,EMP55780,Marie Gaillard,pharmacien_adjoint,RTT,2024-02-13,2024-02-19,6,Besoin de repos,approved,refused,Conflit avec autre absence,low,True,3
a13839b1-d724-484f-a676-2db5f6b8f75a,EMP23520,Nathalie Bernard,stagiaire,maternité,2024-03-27,2024-04-03,7,Raison personnelle,approved,approved,Raison médicale insuffisante,low,True,20
550d1550-af70-46b9-b723-5a2f74b95087,EMP92211,Irène Maillard,pharmacien_adjoint,RTT,2024-02-24,2024-03-07,12,Maternité,pending,,,high,True,46
1a309a06-c9f1-437d-9801-429927a28f2c,EMP93016,Daniel Blanc,pharmacien_titulaire,maladie,2024-02-15,2024-02-19,4,Congé maladie,refused,refused,Accord manager,high,True,4
7a1e6cdd-3e60-486e-bd1d-1aae94d33915,EMP30635,Marc Martin,pharmacien_titulaire,RTT,2024-01-07,2024-01-11,4,Besoin de repos,pending,,,high,False,44
36cb7ced-fe6e-49ea-b036-d55168d403a8,EMP45752,Luc Rousseau,employé_rayon,congé_payé,2024-06-06,2024-06-18,12,Événement familial,approved,refused,Conflit avec autre absence,high,True,28
44eb23c3-b3da-4027-b570-14a711f52a3c,EMP12502,Christine Girard,préparateur,événement_familial,2024-12-24,2024-12-25,1,Raison personnelle,pending,,,medium,True,12
2a737f39-7312-4632-ac52-bd801135131c,EMP46301,Pierre Poirier,employé_rayon,maternité,2024-05-27,2024-06-10,14,Événement familial,pending,,,medium,False,37
8ccd4f24-fa03-41a1-a564-787dc45511d9,EMP66293,Pierre Lefevre,employé_rayon,maladie,2024-07-19,2024-08-03,15,Congé maladie,approved,refused,Couverture disponible,medium,False,6
2be49d58-d820-4575-adde-0f564c6ce41d,EMP33870,Luc Delorme,pharmacien_titulaire,congé_payé,2024-06-30,2024-07-12,12,Formation professionnelle,approved,refused,Conflit avec autre absence,medium,False,3
c2c6d649-c2c8-4203-8369-f7a9d0b774d6,EMP63325,Thérèse Simon,pharmacien_adjoint,maladie,2024-05-23,2024-05-24,1,Congé maladie,approved,approved,Conflit avec autre absence,low,False,23
06d14a4a-583e-4264-bec5-24e026c7da7d,EMP56198,Isabelle Fournier,employé_rayon,congé_payé,2024-04-16,2024-04-26,10,Événement familial,pending,,,medium,True,16
80b9b7d2-ffe2-4c44-8a8e-eba098e7e952,EMP27231,Jacques Leclerc,préparateur,maladie,2024-02-27,2024-03-13,15,Congé maladie,pending,,,medium,False,4
28d85c60-0e76-4ab3-b8e0-775f80093152,EMP12256,Olivier Arnould,préparateur,événement_familial,2024-10-30,2024-11-04,5,Maternité,pending,,,medium,True,17
6589edf1-c5a5-47e7-baa4-9a5205c66a25,EMP87042,Isabelle Renaud,préparateur,maladie,2024-05-23,2024-06-05,13,Congé maladie,refused,refused,Couverture disponible,medium,True,40
aad8dca6-2777-4652-8ef7-cb1c773734b9,EMP13704,Nathalie Martin,pharmacien_adjoint,congé_payé,2024-07-31,2024-08-01,1,Raison personnelle,approved,approved,Couverture disponible,low,True,36
0844b110-7575-4db0-83eb-cea4996389cc,EMP90724,Jean-Paul Laurent,stagiaire,RTT,2024-02-22,2024-02-27,5,Événement familial,refused,refused,Raison médicale insuffisante,high,False,36
aab23634-7724-4842-b40c-f8790942d6eb,EMP99430,Nathalie Arnould,employé_rayon,événement_familial,2024-06-25,2024-07-03,8,Maladie,approved,refused,Raison médicale insuffisante,low,True,44
c16a19a8-860f-4f38-93df-73e6cfd3313f,EMP70715,Claire Michel,pharmacien_adjoint,événement_familial,2024-06-09,2024-06-24,15,Besoin de repos,approved,approved,Raison médicale insuffisante,high,True,42
92ba2ca3-f543-404a-bb13-1914c65333bf,EMP11894,Paul Dubois,préparateur,événement_familial,2024-09-03,2024-09-11,8,Besoin de repos,approved,refused,Raison médicale insuffisante,medium,False,33
306501f1-0dba-417f-a291-7951e0ea80b8,EMP27620,Jacques Blanc,pharmacien_titulaire,congé_payé,2024-03-23,2024-04-04,12,Formation professionnelle,approved,refused,Justificatif requis,low,False,44
8a851687-aed4-4891-b556-7444558abc9f,EMP27804,Sophie Leroy,pharmacien_titulaire,maternité,2024-04-26,2024-05-10,14,Formation professionnelle,approved,refused,Justificatif requis,high,True,46
0cd348df-eb69-4c1d-bc2a-d23f1e6e7562,EMP78638,Anne Renaud,pharmacien_adjoint,maladie,2024-05-03,2024-05-08,5,Congé maladie,approved,approved,Couverture disponible,medium,False,43
4df9ee68-330c-41f2-ba6a-fa69d89ccc33,EMP95894,Thérèse Delorme,pharmacien_titulaire,congé_payé,2024-01-12,2024-01-13,1,Maternité,refused,refused,Accord manager,medium,False,32
b98dab04-be87-4424-856d-0bdcec1dcb77,EMP98782,Pierre Blanc,préparateur,événement_familial,2024-07-12,2024-07-27,15,Événement familial,approved,refused,Justificatif requis,high,True,48
bb1f48e3-e229-443a-9afa-3bc272e86dbf,EMP61456,Anne Bernier,stagiaire,formation,2024-03-02,2024-03-11,9,Maternité,approved,approved,Couverture disponible,high,True,35
c333d490-c814-4677-96e5-1506239151dc,EMP84621,Alain Delorme,préparateur,RTT,2024-06-22,2024-06-27,5,Formation professionnelle,approved,approved,Accord manager,low,False,12
54148e46-1cac-4dca-9e49-9ce3927fba3f,EMP19132,Anne Morin,pharmacien_titulaire,événement_familial,2024-09-11,2024-09-24,13,Maladie,approved,approved,Couverture disponible,low,False,45
e350f434-d290-4958-85c1-6217af379d14,EMP67313,Michèle Blanc,pharmacien_adjoint,formation,2024-10-29,2024-11-10,12,Besoin de repos,approved,refused,Justificatif requis,high,True,20
8a7b86fc-952b-4db6-8ef7-12afb5b7656a,EMP89395,Irène Poulain,préparateur,maternité,2024-10-09,2024-10-22,13,Maladie,approved,refused,Justificatif requis,high,False,5
612e9f16-e264-4584-b1e2-f5db4f42b137,EMP76785,Sophie Leroy,employé_rayon,événement_familial,2024-10-20,2024-10-29,9,Besoin de repos,approved,refused,Couverture disponible,high,False,2
8f43d8fd-d285-4d09-b78e-2d6856419008,EMP12257,Luc Laurent,pharmacien_titulaire,RTT,2024-04-15,2024-04-17,2,Maternité,approved,refused,Couverture disponible,low,True,7
e402a0bf-e702-471c-80ce-7d1ef6a20ce5,EMP62720,Michel Lefevre,préparateur,maternité,2024-08-20,2024-08-25,5,Raison personnelle,refused,approved,Justificatif requis,medium,True,31
590f9fab-c28f-49bf-a97b-e9c70b0f4384,EMP34081,Isabelle Bernier,pharmacien_titulaire,RTT,2024-11-25,2024-11-30,5,Événement familial,approved,refused,Couverture disponible,low,True,11
82a63611-5d94-4317-b914-b0e79776f8b9,EMP56747,Christian Leroy,employé_rayon,maladie,2024-09-27,2024-10-03,6,Congé maladie,approved,refused,Conflit avec autre absence,medium,False,20
d6b226df-03fa-43f6-b021-2dbce5d93d3b,EMP21422,Thérèse Moreau,préparateur,maladie,2024-09-09,2024-09-12,3,Congé maladie,pending,,,low,True,41
9784d00b-f49e-417f-a0a9-74d5f8bd8eb0,EMP61350,Michèle Benoit,pharmacien_titulaire,maladie,2024-07-18,2024-07-24,6,Congé maladie,pending,,,high,True,10
86924b5f-3724-45c1-aa56-b09f2e531409,EMP89129,Thérèse Michel,pharmacien_adjoint,RTT,2024-07-18,2024-07-19,1,Besoin de repos,pending,,,high,True,3
e97dcaee-598a-4579-ab24-e754187a2789,EMP61535,Jacques Dubois,préparateur,maternité,2024-12-18,2024-12-19,1,Formation professionnelle,approved,approved,Conflit avec autre absence,high,False,10
7dc252a1-93f2-42b6-837f-eaf1a6cc3e63,EMP21002,Irène Fabre,préparateur,maternité,2024-02-20,2024-03-06,15,Raison personnelle,approved,refused,Couverture disponible,high,True,21
eec34b9e-73fd-4ead-a5ac-524ef5b7c2b1,EMP19773,Anne Michel,préparateur,congé_payé,2024-09-26,2024-09-28,2,Raison personnelle,refused,refused,Accord manager,high,True,41
12f237fc-1b72-42ea-9a1e-1a6109ada02a,EMP48514,Catherine Blanc,préparateur,RTT,2024-07-01,2024-07-09,8,Formation professionnelle,approved,approved,Conflit avec autre absence,high,False,12
f5f49ce8-6c4e-4c4c-af8a-0c8004db93f4,EMP82491,Catherine Bernard,pharmacien_adjoint,RTT,2024-12-25,2025-01-05,11,Maladie,refused,refused,Conflit avec autre absence,high,True,43
1a2eedc4-8f4c-40fa-8c86-990df77e8c37,EMP57938,Paul Bernier,préparateur,maternité,2024-06-20,2024-06-22,2,Maladie,pending,,,low,True,1
674de234-29f1-419d-820b-e850966f4ce7,EMP52774,Jean-Paul Dupont,préparateur,maladie,2024-10-08,2024-10-09,1,Congé maladie,approved,approved,Justificatif requis,high,True,28
9f6221dc-2f98-4230-815f-cf67b6ecbdc1,EMP23586,Philippe Blanc,pharmacien_adjoint,congé_payé,2024-12-20,2024-12-23,3,Raison personnelle,refused,approved,Justificatif requis,low,True,47
b97a4463-efa6-4345-88a2-9c245f517c72,EMP79714,Christiane Girard,préparateur,maladie,2024-11-15,2024-11-22,7,Congé maladie,approved,approved,Justificatif requis,high,False,22
7f75c77d-1a23-4b77-8c3d-988182a08202,EMP34741,Nathalie Lefevre,employé_rayon,événement_familial,2024-12-24,2024-12-25,1,Maternité,pending,,,high,True,13
1a1c8e8e-a17c-42e2-8f37-87cc2f16447c,EMP67451,Bernard Morin,préparateur,événement_familial,2024-10-05,2024-10-08,3,Événement familial,pending,,,high,True,19
64f9c509-1b0d-460e-a077-6550974e1be6,EMP86738,Monique Bernier,employé_rayon,RTT,2024-01-09,2024-01-13,4,Événement familial,pending,,,medium,True,36
a8d9a931-dad2-4a67-9f03-28e8e25797c0,EMP45733,Marie Fournier,pharmacien_adjoint,maladie,2024-01-06,2024-01-08,2,Congé maladie,approved,refused,Raison médicale insuffisante,medium,False,23
805a7c21-b6c5-40a1-8bc1-5f383815c4ea,EMP14516,Catherine Rousseau,pharmacien_titulaire,RTT,2024-09-30,2024-10-02,2,Besoin de repos,pending,,,high,True,42
2b693526-dd1b-4252-bad5-e08dda77b7e2,EMP12909,Michèle Andre,préparateur,événement_familial,2024-09-05,2024-09-18,13,Maladie,approved,refused,Conflit avec autre absence,high,True,35
f034d3da-7635-4351-84af-0e75bf434310,EMP61716,Philippe Renaud,pharmacien_titulaire,congé_payé,2024-02-02,2024-02-17,15,Formation professionnelle,approved,approved,Justificatif requis,high,True,41
693db627-a873-4e97-8d1e-d1c0cb3b85a5,EMP14516,Catherine Rousseau,pharmacien_titulaire,formation,2024-09-04,2024-09-10,6,Maternité,approved,refused,Conflit avec autre absence,medium,False,35
5eefae3d-583c-4372-823b-7271ac46d111,EMP97595,Danielle Benoit,employé_rayon,maladie,2024-12-29,2024-12-31,2,Congé maladie,pending,,,medium,True,3
85d8de51-c5ae-40f3-bb20-fdc3edad2668,EMP12257,Luc Laurent,pharmacien_titulaire,RTT,2024-02-22,2024-03-06,13,Raison personnelle,refused,approved,Accord manager,high,False,14
7e64c781-026f-4df9-a7d1-4a267d9b3943,EMP79049,Paul Gérard,pharmacien_adjoint,formation,2024-04-27,2024-05-01,4,Raison personnelle,approved,approved,Accord manager,medium,False,13
4b0a35c4-24cc-45b1-a914-521303c02455,EMP94820,Joseph Dupont,pharmacien_adjoint,formation,2024-12-12,2024-12-15,3,Événement familial,pending,,,low,False,1
b3c72dbb-9c9f-4298-9289-6392a8e69f9c,EMP76785,Sophie Leroy,employé_rayon,maternité,2024-01-30,2024-02-05,6,Maternité,approved,refused,Accord manager,high,True,4
f1da33a0-b647-4bc3-a7cb-9cd664ea4456,EMP50680,Danielle Leroy,stagiaire,événement_familial,2024-10-24,2024-11-04,11,Besoin de repos,approved,approved,Couverture disponible,high,False,44
a3063497-9b23-4069-a923-207427f38532,EMP93016,Daniel Blanc,pharmacien_titulaire,maladie,2024-06-21,2024-06-23,2,Congé maladie,approved,refused,Couverture disponible,low,False,36
d4c57601-26f5-44a2-9ded-a958c1157994,EMP83325,Laurent Delacroix,pharmacien_titulaire,maternité,2024-09-12,2024-09-20,8,Maternité,approved,approved,Conflit avec autre absence,high,False,14
5df5d6cf-ac03-47be-b1d3-bb2834d85a16,EMP81765,Pierre Poirier,pharmacien_adjoint,maladie,2024-12-10,2024-12-20,10,Congé maladie,approved,refused,Conflit avec autre absence,high,True,41
8d32d4c6-66de-4af5-b56d-7f0004aefc08,EMP38348,Florence Renaud,pharmacien_titulaire,congé_payé,2024-10-20,2024-10-23,3,Raison personnelle,refused,refused,Couverture disponible,high,False,36
5f835a00-102e-4750-81a8-d164192c8525,EMP95747,Bernard Gaillard,pharmacien_titulaire,maternité,2024-03-15,2024-03-28,13,Besoin de repos,approved,refused,Couverture disponible,medium,False,21
f435e4d1-9825-49ab-b2f0-4712853cce46,EMP11393,Laurent Bernard,pharmacien_titulaire,formation,2024-01-05,2024-01-20,15,Besoin de repos,refused,approved,Justificatif requis,high,True,23
7e3e6df0-0bc7-43f8-87ff-0d0aa7aa1ee8,EMP49470,Valérie Maillard,préparateur,maladie,2024-12-30,2025-01-08,9,Congé maladie,approved,refused,Accord manager,low,True,28
f1a07754-fb21-4564-b85d-d794dd6d3c7d,EMP76224,Jean Fabre,préparateur,maternité,2024-11-23,2024-11-27,4,Maternité,pending,,,low,False,3
145add0a-00d3-4971-99c3-7eb694019dd4,EMP30092,Alain Blanc,pharmacien_titulaire,formation,2024-10-30,2024-11-14,15,Raison personnelle,refused,approved,Raison médicale insuffisante,high,False,13
7352c78a-248c-4418-a607-2e8f692011a7,EMP71936,Joseph Poirier,pharmacien_adjoint,RTT,2024-05-15,2024-05-16,1,Raison personnelle,approved,refused,Raison médicale insuffisante,low,True,42
b942fd8d-9982-48f4-b5ed-17413762aa02,EMP16087,André Benoit,employé_rayon,maladie,2024-12-12,2024-12-15,3,Congé maladie,approved,refused,Accord manager,medium,True,39
85510748-f2cb-40e8-9553-2d7cda4bbe1f,EMP85890,Alain Girard,pharmacien_adjoint,RTT,2024-04-04,2024-04-05,1,Raison personnelle,approved,refused,Raison médicale insuffisante,low,False,14
c5fa75ae-f395-466d-8cb5-b5fef4bbe564,EMP39936,André Girard,pharmacien_adjoint,maternité,2024-04-01,2024-04-13,12,Raison personnelle,pending,,,low,False,32
2570a169-ecc6-4753-a4eb-f509a9a67c76,EMP90904,André Leclerc,préparateur,RTT,2024-12-23,2024-12-25,2,Maternité,approved,refused,Accord manager,low,False,38
b1a1f59a-ff03-4e88-a6fd-b87f1eaee5d8,EMP57150,Catherine Martin,pharmacien_adjoint,RTT,2024-02-23,2024-02-29,6,Besoin de repos,approved,approved,Accord manager,high,False,5
54b8cb48-1060-4026-a53b-9584b9b9de88,EMP92496,Michel Laurent,pharmacien_titulaire,congé_payé,2024-04-09,2024-04-11,2,Événement familial,approved,refused,Accord manager,high,True,19
6d03ec51-f501-4c5e-abef-deb8553b43ec,EMP84211,Danielle Bernier,préparateur,maladie,2024-03-05,2024-03-13,8,Congé maladie,approved,refused,Justificatif requis,low,True,27
0efb29d2-1ccd-4c5e-ad0b-e3d0260988ac,EMP67313,Michèle Blanc,pharmacien_adjoint,maternité,2024-07-18,2024-07-27,9,Besoin de repos,approved,approved,Raison médicale insuffisante,low,True,32
a808ab85-3cb4-4b4b-a7ca-32519ebedb39,EMP57995,Martine Lefevre,pharmacien_titulaire,congé_payé,2024-04-22,2024-05-07,15,Besoin de repos,approved,approved,Raison médicale insuffisante,high,True,46
db9cc817-ed8f-4b76-827a-a9b5b0bda2a9,EMP89004,René Roux,préparateur,RTT,2024-06-23,2024-07-05,12,Besoin de repos,approved,refused,Conflit avec autre absence,low,True,30
82231961-8cc2-4981-b35f-50d1f24afff2,EMP97846,Jean Gaillard,pharmacien_titulaire,RTT,2024-08-15,2024-08-25,10,Besoin de repos,pending,,,high,False,6
2d646e1a-f2c4-42da-984c-8140476dd852,EMP73014,Philippe Michel,pharmacien_titulaire,événement_familial,2024-12-05,2024-12-12,7,Maladie,approved,approved,Accord manager,high,False,22
26e96b6c-011b-4c60-acd6-5d02dc78a05c,EMP67762,Isabelle Fabre,employé_rayon,événement_familial,2024-12-01,2024-12-05,4,Besoin de repos,refused,refused,Raison médicale insuffisante,low,True,35
7ffd1e3d-d86d-4fb5-805d-bcafbcb971cb,EMP81078,Christine Roux,préparateur,événement_familial,2024-08-25,2024-09-09,15,Formation professionnelle,approved,refused,Raison médicale insuffisante,high,False,16
054357b6-77c6-444c-a834-81173f5f1530,EMP33870,Luc Delorme,pharmacien_titulaire,événement_familial,2024-09-23,2024-10-08,15,Raison personnelle,approved,refused,Raison médicale insuffisante,low,False,39
3991766f-2529-4573-b501-e1e6d9fe148b,EMP70877,Jacques Rousseau,préparateur,formation,2024-02-11,2024-02-24,13,Besoin de repos,approved,refused,Accord manager,high,True,42
ca7708a4-ed42-4242-9c96-0d572738ec94,EMP40062,Michèle Lefevre,pharmacien_titulaire,maladie,2024-08-24,2024-09-02,9,Congé maladie,approved,approved,Accord manager,high,True,31
edefe14c-8e77-40a5-adda-a41af228aa30,EMP18133,Jean-Paul Blanc,stagiaire,événement_familial,2024-10-09,2024-10-20,11,Formation professionnelle,pending,,,medium,False,36
30b1d0eb-c16a-410f-84c7-cb23af267a98,EMP52819,Joseph Girard,pharmacien_titulaire,maladie,2024-09-30,2024-10-15,15,Congé maladie,refused,refused,Conflit avec autre absence,low,True,31
7b6ee388-6856-4943-9e3a-8767c1339e64,EMP93439,Valérie Benoit,employé_rayon,formation,2024-05-04,2024-05-11,7,Maladie,approved,refused,Accord manager,low,False,24
20c94abd-c1c3-427a-930b-23c3120b29bf,EMP48514,Catherine Blanc,préparateur,formation,2024-03-28,2024-04-10,13,Besoin de repos,approved,approved,Justificatif requis,medium,True,11
b761d6d3-e3b4-40d4-9dd9-ce1027726a9b,EMP75237,Jacques Fabre,préparateur,événement_familial,2024-08-09,2024-08-22,13,Maternité,approved,refused,Justificatif requis,low,True,22
2063be8a-35a2-41b0-b0dc-b9a6c2edecb6,EMP22852,Laurent Poirier,pharmacien_adjoint,maladie,2024-09-08,2024-09-16,8,Congé maladie,approved,approved,Conflit avec autre absence,high,False,15
54c9421a-06b6-440e-977d-0ffe76df33fa,EMP42072,André Fabre,employé_rayon,maternité,2024-06-10,2024-06-15,5,Formation professionnelle,approved,refused,Conflit avec autre absence,low,False,15
a7d5921e-3075-4bc8-b749-ce32a74b972b,EMP57584,Jacques Benoit,employé_rayon,maladie,2024-07-01,2024-07-03,2,Congé maladie,approved,refused,Accord manager,low,False,40
84647183-8c53-489e-9976-a8007660c0ca,EMP40128,Bernard Poirier,préparateur,RTT,2024-08-24,2024-09-07,14,Raison personnelle,approved,approved,Conflit avec autre absence,low,True,32
da57c65e-268b-409d-93b5-156e367841d0,EMP29546,Anne Moreau,préparateur,RTT,2024-12-06,2024-12-14,8,Raison personnelle,refused,approved,Conflit avec autre absence,medium,True,9
7805e43b-25d3-44db-81db-ee0fcab58365,EMP33403,Cécile Dubois,préparateur,maladie,2024-11-12,2024-11-18,6,Congé maladie,approved,refused,Couverture disponible,medium,False,7
62c623b8-55b5-4274-b50b-90b61f993824,EMP41655,Christiane Bernier,employé_rayon,maladie,2024-10-30,2024-11-14,15,Congé maladie,approved,approved,Accord manager,low,True,1
9d01481f-5461-412a-8d80-3384be8c87c0,EMP59253,Pierre Martin,pharmacien_adjoint,RTT,2024-01-12,2024-01-27,15,Raison personnelle,pending,,,high,False,11
d6bdc396-ea60-4b20-893f-1aad8b487d8c,EMP11505,Alain Michel,employé_rayon,congé_payé,2024-04-10,2024-04-15,5,Formation professionnelle,approved,refused,Conflit avec autre absence,medium,False,24
dcb49744-9bd9-4a45-9252-3164d4911e28,EMP15711,Alain Renaud,pharmacien_adjoint,maternité,2024-01-19,2024-01-28,9,Événement familial,approved,approved,Couverture disponible,low,False,44
0a203b0b-b552-465d-847b-654c3b343e01,EMP73014,Philippe Michel,pharmacien_titulaire,congé_payé,2024-09-21,2024-10-05,14,Formation professionnelle,approved,refused,Conflit avec autre absence,high,True,45
7814c835-7e20-4bfa-b695-cf61853da599,EMP51138,Joseph Blanc,préparateur,congé_payé,2024-06-22,2024-06-25,3,Événement familial,pending,,,medium,False,32
ffb32410-33c6-43de-9efb-4e5a17425cc3,EMP24056,Jacques Dupont,pharmacien_titulaire,événement_familial,2024-10-02,2024-10-11,9,Maternité,approved,approved,Accord manager,medium,True,40
b437b401-aed7-4b37-9724-6fd808beb01d,EMP35555,Monique Fabre,pharmacien_titulaire,maladie,2024-05-21,2024-06-03,13,Congé maladie,approved,approved,Conflit avec autre absence,high,True,18
bd4b9998-5444-459d-b0b8-3cbdf058681f,EMP53679,Olivier Benoit,pharmacien_titulaire,RTT,2024-08-27,2024-08-29,2,Formation professionnelle,approved,approved,Couverture disponible,medium,False,14
ba98c0c6-9a85-47bc-bbd4-a7e7c2b667a2,EMP31748,Christian Delacroix,préparateur,maternité,2024-01-11,2024-01-26,15,Besoin de repos,approved,refused,Conflit avec autre absence,high,True,12
28bea898-b53a-4ba5-9848-ad6d3e34a582,EMP90724,Jean-Paul Laurent,stagiaire,maternité,2024-03-06,2024-03-15,9,Besoin de repos,pending,,,high,False,33
a1df3c33-b9fc-4841-92cd-f4f1feb1819d,EMP67313,Michèle Blanc,pharmacien_adjoint,formation,2024-11-17,2024-11-25,8,Raison personnelle,approved,approved,Accord manager,high,False,31
cd6bd09f-f66a-4799-b03e-26f2677b7fac,EMP66212,Luc Delorme,employé_rayon,événement_familial,2024-09-11,2024-09-19,8,Raison personnelle,approved,approved,Conflit avec autre absence,low,False,44
7b3437a5-2221-487f-ad34-2a077fd0fb74,EMP89032,Philippe Leroy,préparateur,congé_payé,2024-11-17,2024-11-23,6,Raison personnelle,approved,approved,Conflit avec autre absence,medium,False,47
fd7e0008-b00f-4a3a-ba3b-74a8f302ef2e,EMP92710,Olivier Renaud,pharmacien_adjoint,RTT,2024-04-06,2024-04-16,10,Maternité,approved,refused,Raison médicale insuffisante,medium,False,18
a75c2147-df0c-4b54-b250-0051daacd3ad,EMP60478,René Delorme,pharmacien_adjoint,formation,2024-09-11,2024-09-14,3,Maladie,approved,approved,Justificatif requis,high,False,21
b0f4a46c-db26-41af-9a83-76f75da26a8c,EMP40128,Bernard Poirier,préparateur,congé_payé,2024-12-08,2024-12-20,12,Raison personnelle,pending,,,high,True,46
c555a382-a4cc-4f87-a80e-9cd4337b7a2a,EMP80965,Anne Michel,préparateur,formation,2024-03-27,2024-03-28,1,Maternité,pending,,,low,True,6
fe8b45d8-e704-4d5d-92b0-86739f20261e,EMP51487,Florence Leclerc,pharmacien_adjoint,formation,2024-12-19,2024-12-24,5,Formation professionnelle,approved,refused,Conflit avec autre absence,medium,False,36
a36323d4-000c-4688-bba2-6de6d8c38dda,EMP76545,Florence Poirier,pharmacien_adjoint,événement_familial,2024-02-27,2024-03-07,9,Maternité,approved,approved,Justificatif requis,high,True,39
c72a2e78-e0b4-454e-8220-568f7f3b8450,EMP95747,Bernard Gaillard,pharmacien_titulaire,maternité,2024-10-11,2024-10-26,15,Événement familial,approved,approved,Accord manager,high,True,2
ea6e5c95-e37a-4a7a-b26c-852b29b2073a,EMP63400,Marc Poirier,pharmacien_titulaire,maternité,2024-12-02,2024-12-07,5,Maternité,approved,refused,Raison médicale insuffisante,low,False,33
7ad564a3-705c-4ff7-afbd-2617b4e73145,EMP20467,Christine Fournier,employé_rayon,formation,2024-05-24,2024-06-01,8,Événement familial,approved,refused,Justificatif requis,medium,True,10
42c8ff44-4c36-4875-a723-6ebd8f58188d,EMP86763,Françoise Rousseau,pharmacien_adjoint,congé_payé,2024-04-30,2024-05-10,10,Raison personnelle,approved,approved,Couverture disponible,high,False,14
c5cff4a9-75e9-4f7c-9ee4-9c388c53eba9,EMP11722,Philippe Girard,préparateur,événement_familial,2024-02-23,2024-03-08,14,Événement familial,approved,refused,Raison médicale insuffisante,medium,True,42
2c273f0c-f280-4228-9bf1-c5649bcf98c3,EMP32743,Valérie Fontaine,stagiaire,maternité,2024-08-20,2024-08-30,10,Maternité,refused,refused,Accord manager,high,True,1
fb0e77fa-e3b5-4e39-8967-96b0d3e5fb22,EMP15485,Michèle Bernier,préparateur,événement_familial,2024-10-24,2024-10-25,1,Formation professionnelle,approved,refused,Justificatif requis,high,False,30
086f3690-637e-4467-8bc2-c3833bd7fe2f,EMP55435,Daniel Morin,employé_rayon,formation,2024-05-29,2024-06-12,14,Besoin de repos,refused,approved,Accord manager,high,False,2
7f43ba02-7c39-4aa8-a6f9-3ed0c207e852,EMP75237,Jacques Fabre,préparateur,maladie,2024-12-28,2025-01-07,10,Congé maladie,pending,,,high,True,5
dba076bf-8ed6-41e5-90a9-38f56d26afcc,EMP69721,Joseph Martin,préparateur,maladie,2024-02-05,2024-02-20,15,Congé maladie,approved,approved,Conflit avec autre absence,medium,False,33
08ef045c-814f-48fe-9cf9-e3dc2fa3a7c4,EMP11894,Paul Dubois,préparateur,maladie,2024-07-19,2024-08-03,15,Congé maladie,approved,refused,Justificatif requis,medium,False,40
9b901487-1a12-4052-a6db-197d1771e082,EMP45961,Laurent Girard,préparateur,formation,2024-07-18,2024-08-01,14,Raison personnelle,pending,,,medium,False,25
6d9f79b4-2b68-4fc2-b5b6-f7b636f61fee,EMP29546,Anne Moreau,préparateur,maternité,2024-09-10,2024-09-24,14,Maladie,refused,refused,Couverture disponible,low,False,12
f6b33051-8be5-420d-adaf-6cda4f37cf32,EMP80959,Stéphanie Fontaine,préparateur,RTT,2024-05-14,2024-05-24,10,Formation professionnelle,approved,refused,Conflit avec autre absence,low,True,31
3f88c742-302a-4175-9390-a4744d63fa54,EMP15711,Alain Renaud,pharmacien_adjoint,congé_payé,2024-07-01,2024-07-08,7,Besoin de repos,pending,,,low,False,39
a4f9221e-62bd-4a17-b32a-213193797651,EMP40125,Sophie Dubois,pharmacien_adjoint,maladie,2024-01-20,2024-02-04,15,Congé maladie,pending,,,high,False,16
d76e10c6-2aa7-4708-b819-9ba6cce36436,EMP96221,Cécile Fabre,préparateur,maladie,2024-10-28,2024-11-10,13,Congé maladie,approved,refused,Accord manager,low,False,40
23e7974c-2a04-4041-a628-50bc9de45871,EMP31748,Christian Delacroix,préparateur,RTT,2024-08-24,2024-09-04,11,Raison personnelle,approved,approved,Raison médicale insuffisante,medium,True,41
d4bf754d-7fd8-48d9-bc70-bd5a8505a867,EMP95454,Jacques Lefevre,préparateur,congé_payé,2024-11-18,2024-11-28,10,Besoin de repos,approved,refused,Justificatif requis,high,True,33
0b34d035-c858-4e4b-b56d-df32cf0f4d7b,EMP37130,Irène Simon,employé_rayon,événement_familial,2024-10-27,2024-10-30,3,Événement familial,approved,approved,Conflit avec autre absence,low,False,22
e5ed67c9-4bc1-4061-9e14-c5d501bba880,EMP71293,Philippe Bernard,pharmacien_adjoint,maternité,2024-04-23,2024-04-24,1,Événement familial,pending,,,low,True,21
ae56b1ce-5667-43f9-96d6-e609a86ad05a,EMP52819,Joseph Girard,pharmacien_titulaire,maladie,2024-05-23,2024-05-30,7,Congé maladie,refused,refused,Justificatif requis,medium,False,17
67fc2c3b-191f-4d86-b525-6da1b4cb8585,EMP42121,Sophie Dubois,employé_rayon,maladie,2024-06-05,2024-06-18,13,Congé maladie,pending,,,low,True,39
df874dae-cf64-49e3-928a-790d46fbe494,EMP71300,Valérie Laurent,préparateur,maladie,2024-06-22,2024-06-30,8,Congé maladie,approved,approved,Conflit avec autre absence,high,True,22
bdcd3557-c206-4194-9564-533dbecca19e,EMP88160,Laurent Arnould,préparateur,RTT,2024-12-03,2024-12-11,8,Maternité,pending,,,low,False,17
e5d8c0cd-b957-48f2-8244-4fc19d647770,EMP45752,Luc Rousseau,employé_rayon,maternité,2024-05-29,2024-06-08,10,Raison personnelle,approved,refused,Raison médicale insuffisante,low,False,16
dc3f7e6c-9757-43e7-b580-979f219a661f,EMP33870,Luc Delorme,pharmacien_titulaire,événement_familial,2024-04-10,2024-04-20,10,Maladie,pending,,,high,True,46
e5cfef45-9634-41d5-89e2-aa82fb8fbb65,EMP28475,Michel Rousseau,pharmacien_adjoint,événement_familial,2024-04-13,2024-04-21,8,Maternité,approved,refused,Justificatif requis,medium,True,18
71ad23f8-66f7-4baa-955d-d6e14a3c3b32,EMP71839,Isabelle Arnould,employé_rayon,formation,2024-10-07,2024-10-17,10,Raison personnelle,approved,approved,Couverture disponible,low,False,45
eee6d07b-cb85-4a6b-b7de-1874881efe10,EMP76545,Florence Poirier,pharmacien_adjoint,formation,2024-05-11,2024-05-26,15,Maternité,pending,,,medium,False,22
2dfdaad9-19c2-4115-8193-0dca8c0153fd,EMP79049,Paul Gérard,pharmacien_adjoint,formation,2024-05-12,2024-05-19,7,Maternité,approved,refused,Couverture disponible,medium,True,35
7804af28-79ef-424d-b6e6-77a07fb225bc,EMP86791,Françoise Renaud,préparateur,formation,2024-06-03,2024-06-16,13,Besoin de repos,pending,,,high,False,43
2c1428ba-0a8c-4441-b6c5-3e3452e7c6b0,EMP95454,Jacques Lefevre,préparateur,maternité,2024-10-29,2024-11-04,6,Maladie,approved,refused,Conflit avec autre absence,low,False,34
b407edc8-aa13-4a5f-92ff-7f2c41f54c80,EMP31748,Christian Delacroix,préparateur,formation,2024-12-03,2024-12-05,2,Maternité,approved,approved,Accord manager,high,True,23
69b21997-5ecf-418f-aa83-ab21b1623d34,EMP33403,Cécile Dubois,préparateur,événement_familial,2024-06-18,2024-06-25,7,Besoin de repos,approved,refused,Justificatif requis,low,False,39
a1637efe-73ae-42dc-a988-65ffe73ceea6,EMP33477,Valérie Poirier,préparateur,maternité,2024-05-23,2024-05-24,1,Besoin de repos,pending,,,high,False,47
77b52e14-72da-43bf-8317-ded65f29ff0b,EMP76545,Florence Poirier,pharmacien_adjoint,événement_familial,2024-02-13,2024-02-21,8,Maternité,pending,,,low,True,20
c75327f9-9a7f-4c08-a47d-9e68125b55c4,EMP80419,Marc Chevalier,préparateur,événement_familial,2024-08-08,2024-08-13,5,Besoin de repos,approved,refused,Couverture disponible,low,False,18
251b09fb-b444-430b-b0cf-a592a863a7d2,EMP92710,Olivier Renaud,pharmacien_adjoint,maladie,2024-02-03,2024-02-04,1,Congé maladie,approved,approved,Justificatif requis,low,False,6
210787ae-3989-40c2-9c5e-f6b9ef1470cc,EMP99984,Jacques Laurent,préparateur,maladie,2024-06-30,2024-07-02,2,Congé maladie,pending,,,high,True,2
a30cc369-7a58-4293-b885-56e2a8d56a09,EMP22918,Catherine Delorme,pharmacien_adjoint,formation,2024-05-10,2024-05-23,13,Formation professionnelle,approved,approved,Conflit avec autre absence,high,False,45
9e90c3e8-f475-4a9d-a690-5939ff267469,EMP90724,Jean-Paul Laurent,stagiaire,formation,2024-02-20,2024-03-02,11,Événement familial,pending,,,low,False,2
491325d6-61dd-4254-84dc-6acc9821ddcb,EMP92496,Michel Laurent,pharmacien_titulaire,maladie,2024-02-05,2024-02-09,4,Congé maladie,approved,refused,Accord manager,low,False,33
50e257b6-65ab-4ff3-9229-019505d0695e,EMP28475,Michel Rousseau,pharmacien_adjoint,maladie,2024-03-20,2024-03-21,1,Congé maladie,approved,refused,Raison médicale insuffisante,medium,False,31
aaa2dff2-7e2e-4e47-a498-9bacae8fc1a2,EMP46745,Danielle Laurent,préparateur,maternité,2024-06-03,2024-06-10,7,Maladie,approved,refused,Accord manager,medium,False,41
6b90bc1e-2e42-465c-9aa5-782f57243366,EMP89032,Philippe Leroy,préparateur,congé_payé,2024-05-14,2024-05-19,5,Événement familial,pending,,,high,False,40
91fe7eb9-88dc-4083-b15e-de3bf9084e33,EMP40125,Sophie Dubois,pharmacien_adjoint,événement_familial,2024-11-12,2024-11-16,4,Maternité,approved,approved,Accord manager,low,False,6
b90bac0d-1907-422d-b47a-9076f8a8e47e,EMP97846,Jean Gaillard,pharmacien_titulaire,RTT,2024-09-16,2024-09-20,4,Maternité,approved,approved,Accord manager,medium,True,1
01f1c3e2-7b30-471c-a945-46dbaea15d73,EMP21924,Christine Morin,pharmacien_titulaire,maladie,2024-08-12,2024-08-20,8,Congé maladie,approved,refused,Conflit avec autre absence,medium,True,19
10bf7758-b04f-4233-a9cb-dbb45188fa4b,EMP70964,Jacques Blanc,préparateur,congé_payé,2024-06-02,2024-06-11,9,Événement familial,approved,refused,Conflit avec autre absence,low,True,27
611ceb17-88e3-4ec9-9c6a-93dc81cc0128,EMP31997,Daniel Fournier,pharmacien_adjoint,maternité,2024-07-29,2024-07-30,1,Raison personnelle,approved,approved,Couverture disponible,medium,True,34
799bac85-2e1d-4cab-9c16-e6e7601f40c2,EMP98051,Anne Renaud,pharmacien_adjoint,formation,2024-09-28,2024-10-04,6,Formation professionnelle,approved,approved,Couverture disponible,low,False,3
beff8f73-1e47-4df6-bd98-5e6e8fcafff5,EMP28835,Philippe Fabre,pharmacien_adjoint,RTT,2024-10-28,2024-10-31,3,Raison personnelle,approved,refused,Justificatif requis,low,False,39
65d0a663-2cde-47b5-8334-9591fb5908ef,EMP67544,Marc Benoit,préparateur,RTT,2024-11-30,2024-12-09,9,Besoin de repos,approved,approved,Accord manager,low,True,43
567a5695-1d2d-4036-9ab8-8adcde9d1ba8,EMP85709,René Chevalier,pharmacien_adjoint,maladie,2024-08-21,2024-09-02,12,Congé maladie,approved,approved,Justificatif requis,high,True,34
28df0cc6-a60d-42f2-80ad-1548b47b70a2,EMP99593,Paul Bernier,pharmacien_adjoint,congé_payé,2024-12-12,2024-12-20,8,Maladie,refused,refused,Justificatif requis,high,True,11
a244d64f-8489-4a35-a25b-305954894f2d,EMP22918,Catherine Delorme,pharmacien_adjoint,RTT,2024-11-21,2024-11-30,9,Besoin de repos,approved,approved,Justificatif requis,medium,False,13
eb8a5682-fd41-45a6-9d32-8389c4a5b5a2,EMP33562,Georges Poirier,employé_rayon,congé_payé,2024-09-15,2024-09-27,12,Maladie,approved,refused,Couverture disponible,high,False,23
b0dda01c-f8dc-4633-8e61-722fc7618515,EMP48514,Catherine Blanc,préparateur,événement_familial,2024-03-17,2024-04-01,15,Raison personnelle,approved,refused,Conflit avec autre absence,medium,False,8
1a5b30b1-2be0-4a17-97f5-7abd98d60de6,EMP62650,Stéphanie Delorme,pharmacien_adjoint,événement_familial,2024-02-26,2024-03-11,14,Formation professionnelle,approved,approved,Couverture disponible,high,False,41
f6468c7b-30b4-4dc1-809b-fddd61b32850,EMP76841,Jacques Arnould,pharmacien_adjoint,événement_familial,2024-05-27,2024-06-07,11,Événement familial,approved,approved,Justificatif requis,medium,True,6
0d8cb1a1-8f8b-4a90-a21c-392e4faff13a,EMP69699,Alain Renaud,préparateur,formation,2024-05-17,2024-05-19,2,Raison personnelle,refused,approved,Conflit avec autre absence,medium,True,41
a28529ba-2d84-4fa6-9fcc-264a9a431278,EMP61716,Philippe Renaud,pharmacien_titulaire,formation,2024-03-31,2024-04-07,7,Formation professionnelle,approved,approved,Justificatif requis,high,True,28
2ae7704a-8d61-4481-8d7d-27d74f554703,EMP67059,Christiane Martin,préparateur,maternité,2024-10-07,2024-10-11,4,Formation professionnelle,approved,refused,Couverture disponible,low,False,25
674726bc-cab0-4fa4-99ed-43bddcf16f32,EMP33278,Pierre Benoit,préparateur,maladie,2024-02-17,2024-03-02,14,Congé maladie,refused,refused,Conflit avec autre absence,low,False,18
d2301bb3-e628-46b0-b8b8-c4c6e871dd18,EMP45909,Pascale Rousseau,préparateur,formation,2024-07-05,2024-07-17,12,Maladie,pending,,,high,True,36
912011f2-d766-44fe-9f98-ca6c1b8a4d86,EMP51138,Joseph Blanc,préparateur,congé_payé,2024-05-04,2024-05-16,12,Maladie,approved,approved,Raison médicale insuffisante,medium,False,25
47f50e92-9308-4d01-bd38-0d524e1ec463,EMP26400,Jacques Fournier,préparateur,maternité,2024-10-09,2024-10-24,15,Maladie,approved,refused,Conflit avec autre absence,high,False,40
bea2a43a-c52c-4392-87f9-1fc2ec003f32,EMP61727,Monique Roux,pharmacien_adjoint,maladie,2024-02-26,2024-03-11,14,Congé maladie,approved,refused,Conflit avec autre absence,low,True,34
8b9ea280-3753-4cc8-887f-156b55ef0db9,EMP87140,René Girard,stagiaire,RTT,2024-04-16,2024-04-22,6,Maternité,pending,,,medium,False,2
2dbacd9f-3f4c-49ae-a46e-2fd17fdabe02,EMP10482,Thérèse Fournier,préparateur,événement_familial,2024-03-22,2024-03-26,4,Maternité,pending,,,high,False,48
4b8c2aa6-cc38-411c-9b51-1a72589db415,EMP97804,Daniel Lefevre,préparateur,congé_payé,2024-06-03,2024-06-14,11,Besoin de repos,pending,,,medium,True,23
364315d3-bb5e-46e1-bd8d-68ed1b7388e1,EMP35306,Pierre Poirier,préparateur,formation,2024-03-20,2024-03-27,7,Événement familial,approved,approved,Conflit avec autre absence,medium,False,10
78d68fe4-bca0-48cf-bf59-dafaa2c48523,EMP19967,Jacques Simon,pharmacien_adjoint,événement_familial,2024-08-20,2024-08-31,11,Raison personnelle,refused,refused,Conflit avec autre absence,medium,True,35
05f2a8d8-d25a-4646-831e-783cfef7aeaa,EMP91377,Daniel Laurent,pharmacien_adjoint,congé_payé,2024-04-10,2024-04-12,2,Besoin de repos,approved,approved,Accord manager,medium,True,10
03207d53-e897-4086-b83f-0a56193327a5,EMP45909,Pascale Rousseau,préparateur,formation,2024-09-19,2024-09-20,1,Formation professionnelle,approved,approved,Justificatif requis,low,False,10
38c543f7-3a9e-473d-8ad7-6c6beac43cda,EMP80965,Anne Michel,préparateur,formation,2024-02-06,2024-02-17,11,Maternité,refused,refused,Raison médicale insuffisante,medium,False,2
619bb556-7312-4181-831a-71f00e74ff15,EMP46301,Pierre Poirier,employé_rayon,formation,2024-10-05,2024-10-06,1,Raison personnelle,approved,refused,Raison médicale insuffisante,medium,True,42
1a2302d8-e932-4dab-bb30-b1ee4ddcd012,EMP90724,Jean-Paul Laurent,stagiaire,RTT,2024-02-19,2024-03-03,13,Événement familial,approved,refused,Accord manager,high,False,16
8995e175-11a2-4532-9189-dcf6b883cec3,EMP35644,Marc Bernier,pharmacien_adjoint,congé_payé,2024-10-12,2024-10-17,5,Formation professionnelle,approved,refused,Raison médicale insuffisante,medium,True,35
52e60150-235d-4ae0-be88-366b5587650c,EMP77805,Michel Rousseau,employé_rayon,maladie,2024-09-28,2024-10-10,12,Congé maladie,approved,refused,Accord manager,high,True,39
e77fd87d-fbbe-4e8c-b4d8-b009c6dadb23,EMP79965,Alain Lefevre,pharmacien_adjoint,maladie,2024-06-14,2024-06-23,9,Congé maladie,refused,approved,Justificatif requis,low,True,30
8b65e8a6-b7ff-45e9-a47f-e732f70a077c,EMP81329,Georges Chevalier,employé_rayon,RTT,2024-11-20,2024-12-04,14,Formation professionnelle,approved,refused,Conflit avec autre absence,low,True,8
ae512fed-269f-4260-b42b-3816d3161c4f,EMP60681,Florence Benoit,préparateur,formation,2024-05-11,2024-05-18,7,Raison personnelle,approved,refused,Justificatif requis,medium,False,30
3b3e9b61-57b6-4010-b631-1e3fa37bfea2,EMP87408,Pierre Maillard,employé_rayon,maternité,2024-10-29,2024-11-05,7,Formation professionnelle,approved,approved,Conflit avec autre absence,high,False,40
36069c83-419c-4877-b939-09c124e087b6,EMP96221,Cécile Fabre,préparateur,congé_payé,2024-12-25,2025-01-08,14,Maladie,approved,refused,Raison médicale insuffisante,low,False,13
82e556cb-a858-4b0c-8eda-9074f4aa24e0,EMP66886,Thierry Renaud,pharmacien_titulaire,formation,2024-07-20,2024-07-30,10,Événement familial,approved,refused,Couverture disponible,high,True,16
4fe10e91-ee21-4751-aba6-82e2518fa555,EMP86970,Christiane Gaillard,pharmacien_titulaire,RTT,2024-08-30,2024-09-12,13,Besoin de repos,approved,approved,Accord manager,low,False,20
d9c9d140-36b9-4ddb-a14d-e36118b8bcbd,EMP94289,Laurent Laurent,employé_rayon,RTT,2024-10-02,2024-10-09,7,Maternité,approved,refused,Justificatif requis,medium,True,12
4be121f4-3eb4-4d07-9229-25b1188d58b7,EMP68457,Christine Martin,stagiaire,congé_payé,2024-03-23,2024-04-05,13,Raison personnelle,approved,approved,Conflit avec autre absence,medium,False,26
b7358a99-c823-4516-979e-091bafe905b5,EMP45460,Luc Andre,pharmacien_adjoint,maternité,2024-11-29,2024-12-11,12,Raison personnelle,approved,refused,Accord manager,medium,True,45
4599f798-af21-4b10-a248-f51d734bb4fb,EMP61716,Philippe Renaud,pharmacien_titulaire,maladie,2024-03-06,2024-03-11,5,Congé maladie,pending,,,medium,False,14
e6742f3f-5bc1-441d-8a21-4caced75c27b,EMP30635,Marc Martin,pharmacien_titulaire,RTT,2024-09-22,2024-09-25,3,Besoin de repos,approved,approved,Conflit avec autre absence,high,False,37
8821086b-42a1-463c-b32f-357fbe1dba00,EMP16363,Pierre Maillard,pharmacien_titulaire,maternité,2024-12-07,2024-12-20,13,Événement familial,refused,refused,Couverture disponible,high,True,1
3e44881c-5e4a-434e-8dee-4afbf34c8f18,EMP78485,Michèle Rousseau,pharmacien_adjoint,maladie,2024-05-09,2024-05-24,15,Congé maladie,pending,,,low,False,38
d0fa7cad-72e7-4a3a-81c4-05bde6396123,EMP25177,Danielle Moreau,employé_rayon,formation,2024-10-20,2024-10-23,3,Événement familial,pending,,,medium,True,30
e78ee631-84c4-4674-90a3-773f39457437,EMP18030,Catherine Arnould,préparateur,formation,2024-12-29,2025-01-01,3,Raison personnelle,pending,,,low,True,24
4c2cc06e-04b9-4180-a575-353a2e74e5e8,EMP45909,Pascale Rousseau,préparateur,congé_payé,2024-01-27,2024-02-05,9,Maladie,approved,refused,Couverture disponible,medium,True,38
a772b4d5-543d-49ee-8473-9e1d262b70c1,EMP30908,Olivier Poulain,employé_rayon,congé_payé,2024-03-02,2024-03-12,10,Événement familial,approved,approved,Conflit avec autre absence,high,False,1
bafd1ebb-f930-41a6-abff-da0d7ce57294,EMP66212,Luc Delorme,employé_rayon,RTT,2024-01-23,2024-01-31,8,Maladie,pending,,,low,True,43
bd10e39b-bd8b-4b37-8d3f-2acd4bd606f6,EMP73052,Danielle Laurent,préparateur,événement_familial,2024-09-22,2024-10-04,12,Événement familial,approved,approved,Conflit avec autre absence,medium,True,26
030debd6-2299-412e-a8cb-987db762a68c,EMP99048,Marc Rousseau,préparateur,congé_payé,2024-01-02,2024-01-08,6,Maladie,refused,refused,Conflit avec autre absence,high,True,26
eed73531-5fa8-4706-b39b-b54125864500,EMP72153,Georges Bernier,préparateur,événement_familial,2024-05-18,2024-05-26,8,Maladie,approved,refused,Conflit avec autre absence,medium,True,18
264ad7a5-da68-47f9-b646-927e0340241e,EMP21198,Stéphanie Blanc,préparateur,congé_payé,2024-10-14,2024-10-21,7,Événement familial,approved,approved,Couverture disponible,high,False,13
e32e50bc-9973-491b-bf9f-882dc098c7e8,EMP65434,Joseph Poulain,pharmacien_titulaire,maternité,2024-01-19,2024-01-28,9,Maternité,pending,,,high,False,31
a6c23943-da22-49f8-badc-b5cc244ad002,EMP38348,Florence Renaud,pharmacien_titulaire,maternité,2024-12-09,2024-12-22,13,Formation professionnelle,refused,approved,Justificatif requis,high,True,45
f3988bda-3eb1-4f44-a81b-1af1960b7c7e,EMP47016,Christian Leclerc,pharmacien_adjoint,maternité,2024-01-03,2024-01-08,5,Maternité,pending,,,medium,True,2
cf3459fb-7df2-4478-9496-545362a32392,EMP54843,Daniel Blanc,préparateur,maternité,2024-12-20,2024-12-29,9,Besoin de repos,approved,approved,Justificatif requis,low,True,26
8e774ef2-ccf7-42cd-94b9-b840c36598f1,EMP65916,Jean-Paul Chevalier,pharmacien_adjoint,congé_payé,2024-12-15,2024-12-28,13,Formation professionnelle,approved,approved,Justificatif requis,high,True,4
16d47d50-275b-44b3-9113-f226a86da999,EMP88452,Marie Martin,préparateur,RTT,2024-08-28,2024-09-03,6,Formation professionnelle,approved,refused,Accord manager,low,True,26
3cadb127-e660-4d10-9cab-000c29f78c60,EMP52916,Martine Gérard,préparateur,événement_familial,2024-03-20,2024-04-03,14,Besoin de repos,pending,,,low,True,23
3c29f1f9-6b3c-4851-ba63-cd4cec281af4,EMP66293,Pierre Lefevre,employé_rayon,congé_payé,2024-12-23,2024-12-25,2,Événement familial,refused,approved,Couverture disponible,high,True,24
ab259cef-f258-429f-b5ec-1cbbc0da1ad6,EMP93090,Cécile Bernier,pharmacien_titulaire,congé_payé,2024-05-26,2024-06-04,9,Formation professionnelle,pending,,,low,False,16
6696c73f-0a70-4dfb-800a-07094902de6d,EMP88452,Marie Martin,préparateur,RTT,2024-03-10,2024-03-11,1,Maternité,approved,approved,Couverture disponible,low,True,29
8591ae1d-5f93-4351-ad51-91be0f833f89,EMP10250,Claire Leroy,pharmacien_adjoint,formation,2024-07-24,2024-08-02,9,Événement familial,approved,refused,Accord manager,medium,True,45
aa4ce562-7be8-430d-9ade-96627757e2b0,EMP71769,Nathalie Delorme,pharmacien_adjoint,maladie,2024-04-15,2024-04-27,12,Congé maladie,approved,approved,Conflit avec autre absence,medium,False,35
41d31112-1f2e-492b-a0ce-053113bf694a,EMP73176,Jacques Renaud,employé_rayon,RTT,2024-03-10,2024-03-19,9,Raison personnelle,approved,refused,Justificatif requis,high,False,30
dd7541a2-2cae-44b7-a468-69ddd192ba91,EMP80419,Marc Chevalier,préparateur,événement_familial,2024-06-22,2024-06-26,4,Besoin de repos,refused,approved,Raison médicale insuffisante,medium,False,6
15c7faa3-8d21-4c89-90f0-d3dac1dc495b,EMP11393,Laurent Bernard,pharmacien_titulaire,RTT,2024-04-20,2024-05-03,13,Formation professionnelle,approved,refused,Accord manager,low,True,28
c4615aa4-b3fc-471a-b6d2-b21124377cfd,EMP92167,Sophie Fournier,stagiaire,congé_payé,2024-04-14,2024-04-23,9,Formation professionnelle,approved,approved,Couverture disponible,low,False,41
ba01e60f-6ab5-4325-ad16-c86d815d5285,EMP62720,Michel Lefevre,préparateur,formation,2024-01-02,2024-01-06,4,Événement familial,approved,approved,Couverture disponible,high,False,45
bf3c8d8d-3b21-4f97-bd29-5f5527aada59,EMP91325,Jean Delacroix,préparateur,événement_familial,2024-11-23,2024-11-28,5,Formation professionnelle,refused,refused,Couverture disponible,low,True,34
22dfa3c8-2457-4c6c-9be2-383bda5ffd4d,EMP11722,Philippe Girard,préparateur,événement_familial,2024-07-23,2024-07-24,1,Raison personnelle,refused,refused,Accord manager,medium,True,25
532932f9-885e-4e3d-9a08-535ca34f50fc,EMP98141,Daniel Fournier,employé_rayon,maternité,2024-10-15,2024-10-26,11,Maternité,refused,approved,Couverture disponible,medium,False,1
7abedc66-21e4-4eea-bb7a-cb0c32ad0f8b,EMP33278,Pierre Benoit,préparateur,événement_familial,2024-06-10,2024-06-22,12,Raison personnelle,refused,approved,Conflit avec autre absence,low,False,28
35e66dec-4106-4ebc-b45f-edd76eb670c3,EMP34875,André Lefevre,employé_rayon,RTT,2024-10-04,2024-10-16,12,Maladie,refused,refused,Conflit avec autre absence,high,True,27
2e7f1ee0-8ae7-429f-a818-97e2804820ab,EMP81765,Pierre Poirier,pharmacien_adjoint,maladie,2024-10-31,2024-11-01,1,Congé maladie,pending,,,low,True,47
90c0d40b-563d-450d-934b-6511badfc2f2,EMP95894,Thérèse Delorme,pharmacien_titulaire,formation,2024-11-08,2024-11-14,6,Maladie,pending,,,low,False,8
da9d9e69-d93b-49fe-a1b9-bd7ac0679a84,EMP40128,Bernard Poirier,préparateur,maladie,2024-03-11,2024-03-12,1,Congé maladie,pending,,,low,False,37
45a1b75a-9e96-4927-8fd0-3f808bebcb78,EMP16128,Pascale Roux,préparateur,formation,2024-07-13,2024-07-22,9,Maternité,pending,,,high,True,30
857264d9-34e4-49c9-bccc-63a93cdf1ea0,EMP70504,Sylvie Gaillard,préparateur,RTT,2024-06-19,2024-07-04,15,Formation professionnelle,pending,,,high,True,4
61a72926-e6fa-4a3d-ba80-8cb291638535,EMP44811,Florence Fabre,préparateur,formation,2024-12-22,2024-12-24,2,Maladie,pending,,,low,True,44
db6faf55-2b94-41e2-81fe-56a90f752073,EMP67420,Michèle Maillard,pharmacien_adjoint,formation,2024-08-30,2024-09-09,10,Formation professionnelle,pending,,,low,True,13
848428a6-7520-467d-aa9f-ca3d82e19acb,EMP79714,Christiane Girard,préparateur,maladie,2024-08-25,2024-08-29,4,Congé maladie,approved,approved,Conflit avec autre absence,medium,True,17
7d137aff-7c2d-4c6f-b12d-cb7b4b193458,EMP26400,Jacques Fournier,préparateur,formation,2024-10-11,2024-10-14,3,Maladie,pending,,,medium,False,9
606b159c-dd0f-4cff-8a2c-ae0a5724d7c7,EMP42148,Joseph Leclerc,employé_rayon,maternité,2024-05-05,2024-05-20,15,Maladie,approved,approved,Raison médicale insuffisante,low,False,36
430e78d0-4494-4480-97d8-6fff88a16636,EMP20339,Françoise Poirier,préparateur,maladie,2024-01-12,2024-01-13,1,Congé maladie,approved,refused,Raison médicale insuffisante,high,False,12
3fe9596b-079a-4b62-8612-0256a007f917,EMP38443,Christian Rousseau,préparateur,congé_payé,2024-06-11,2024-06-26,15,Raison personnelle,pending,,,high,True,41
c6953fab-be19-4b6f-940f-f5bdcac199c5,EMP84521,Cécile Leclerc,préparateur,congé_payé,2024-06-17,2024-06-30,13,Événement familial,approved,refused,Raison médicale insuffisante,high,False,28
ce96643c-c8e6-4158-bbc1-87c2d99f7c72,EMP57584,Jacques Benoit,employé_rayon,maladie,2024-06-17,2024-06-26,9,Congé maladie,approved,approved,Couverture disponible,low,True,26
f58f3d9e-f371-42e5-ae39-e96ad4dd723d,EMP81765,Pierre Poirier,pharmacien_adjoint,formation,2024-01-24,2024-02-05,12,Maternité,refused,refused,Raison médicale insuffisante,medium,True,7
17c7102b-4769-46de-8c26-c9ab9403460c,EMP38625,Christiane Bernard,préparateur,maladie,2024-11-22,2024-11-25,3,Congé maladie,approved,refused,Accord manager,low,True,5
9ead6553-581f-450c-a24f-908d0add5ad4,EMP50997,Marc Blanc,pharmacien_adjoint,maladie,2024-02-08,2024-02-13,5,Congé maladie,approved,refused,Conflit avec autre absence,low,False,18
88d89116-013e-49fb-8d3e-05a40854893a,EMP87098,Laurent Leclerc,pharmacien_titulaire,formation,2024-10-31,2024-11-02,2,Raison personnelle,pending,,,low,True,1
cd9c9453-a5bc-4e40-af95-551e8d695cd4,EMP94289,Laurent Laurent,employé_rayon,maladie,2024-09-08,2024-09-19,11,Congé maladie,approved,approved,Couverture disponible,low,True,33
3f82f48a-990e-4ad6-acfb-482355b35cb2,EMP26804,Christiane Dupont,pharmacien_titulaire,événement_familial,2024-07-21,2024-07-23,2,Raison personnelle,approved,refused,Conflit avec autre absence,high,True,36
40fb8847-2f9a-49f7-b48c-dac040d2e095,EMP67155,Marie Chevalier,employé_rayon,événement_familial,2024-11-28,2024-12-11,13,Formation professionnelle,approved,refused,Justificatif requis,low,False,40
d0fbca63-48c3-403e-aa3b-ebcc4aa59d52,EMP67155,Marie Chevalier,employé_rayon,congé_payé,2024-07-14,2024-07-16,2,Formation professionnelle,refused,refused,Conflit avec autre absence,high,False,39
b7ef855a-a29f-4d7e-80a2-46e8d68451f2,EMP24039,Stéphanie Simon,employé_rayon,congé_payé,2024-05-22,2024-06-06,15,Événement familial,approved,approved,Raison médicale insuffisante,low,True,7
5352a981-1299-4c78-bf79-1fd2b48d0f27,EMP47547,Jacques Dubois,pharmacien_titulaire,événement_familial,2024-12-02,2024-12-15,13,Formation professionnelle,approved,refused,Justificatif requis,high,False,42
93986865-921a-441d-8b38-afd860a6876a,EMP40893,Daniel Maillard,pharmacien_adjoint,maternité,2024-09-03,2024-09-16,13,Événement familial,pending,,,medium,True,17
1764050f-bf78-413e-8108-3af57d4b96b8,EMP78485,Michèle Rousseau,pharmacien_adjoint,événement_familial,2024-09-05,2024-09-07,2,Maladie,pending,,,medium,True,11
157b76f7-95b7-49f7-b12f-2174ffc5015c,EMP94416,Nathalie Martin,pharmacien_adjoint,formation,2024-02-05,2024-02-11,6,Événement familial,pending,,,high,True,33
17757181-73ba-49f4-8ec1-04106e761993,EMP14020,Anne Arnould,préparateur,RTT,2024-10-31,2024-11-10,10,Raison personnelle,approved,approved,Justificatif requis,low,False,30
77bd6a28-4433-4d44-a624-2b33d3b6367c,EMP37064,Sophie Delacroix,préparateur,formation,2024-06-24,2024-06-28,4,Événement familial,refused,approved,Raison médicale insuffisante,low,True,41
66dde1d3-2c56-45b9-8838-f1771eb9e274,EMP72356,Pierre Gaillard,pharmacien_adjoint,formation,2024-09-07,2024-09-18,11,Formation professionnelle,approved,approved,Couverture disponible,high,False,30
3abc4680-8861-48fa-bd69-3a305902b75d,EMP19132,Anne Morin,pharmacien_titulaire,formation,2024-11-06,2024-11-19,13,Maladie,refused,refused,Justificatif requis,low,True,28
8f580074-ccb6-44a3-ad29-aecfaf60cb10,EMP14872,Jean Fabre,préparateur,événement_familial,2024-05-18,2024-05-29,11,Événement familial,approved,approved,Accord manager,high,False,39
1396fe1b-ee58-495f-ad4d-32e6150759c0,EMP48344,André Bernard,pharmacien_adjoint,congé_payé,2024-11-25,2024-12-05,10,Formation professionnelle,pending,,,medium,False,48
d0f19f10-deba-4177-b274-ca776a329147,EMP52279,Monique Simon,préparateur,RTT,2024-08-17,2024-08-31,14,Raison personnelle,approved,approved,Conflit avec autre absence,low,True,13
ac7d4e58-e28a-474c-9dad-0283e9411970,EMP31748,Christian Delacroix,préparateur,RTT,2024-02-10,2024-02-25,15,Raison personnelle,approved,approved,Accord manager,medium,True,42
b74531a5-ec1f-4689-b603-2b2ee161ad1c,EMP97917,Catherine Dupont,préparateur,RTT,2024-12-18,2024-12-22,4,Raison personnelle,approved,refused,Accord manager,high,True,29
55169b83-ceff-48fb-8fd8-551439ac69d1,EMP26721,Luc Bernard,pharmacien_titulaire,maternité,2024-10-29,2024-10-30,1,Formation professionnelle,approved,approved,Justificatif requis,high,True,40
93384d9c-b3fa-4f7a-b1eb-9235ecbfde72,EMP45752,Luc Rousseau,employé_rayon,congé_payé,2024-02-06,2024-02-12,6,Maladie,approved,approved,Conflit avec autre absence,high,False,27
e7397017-dcd3-4729-a1f6-3d1f7c2128c9,EMP66886,Thierry Renaud,pharmacien_titulaire,congé_payé,2024-06-01,2024-06-04,3,Formation professionnelle,approved,refused,Raison médicale insuffisante,low,True,45
18821be5-3dcc-4ff2-a9ae-f021ef2e0afc,EMP61890,Claire Poulain,stagiaire,maternité,2024-12-12,2024-12-13,1,Événement familial,approved,approved,Accord manager,low,True,22
286b6ca8-ac8b-4880-9f4b-adf04df3ca95,EMP76841,Jacques Arnould,pharmacien_adjoint,maternité,2024-10-20,2024-11-01,12,Formation professionnelle,pending,,,medium,True,11
e11f67ad-dae4-479f-b0bb-1ee390ea7bb3,EMP40893,Daniel Maillard,pharmacien_adjoint,événement_familial,2024-03-03,2024-03-12,9,Formation professionnelle,approved,approved,Justificatif requis,medium,True,36
54fffa70-66e5-4fac-8af0-ef373ab94029,EMP40062,Michèle Lefevre,pharmacien_titulaire,congé_payé,2024-02-16,2024-02-26,10,Événement familial,approved,approved,Accord manager,high,True,12
4e6b6bde-2131-48c2-9b1a-79ac33f77c00,EMP36336,Laurent Poirier,préparateur,événement_familial,2024-06-21,2024-06-24,3,Raison personnelle,pending,,,high,False,7
0b63b589-928c-4d38-9c02-7c7d7be6e7f0,EMP41789,Laurent Girard,pharmacien_titulaire,RTT,2024-07-05,2024-07-20,15,Événement familial,approved,refused,Justificatif requis,medium,True,10
14b6af70-7ff7-4bd8-9b92-9f42ba6f8380,EMP16097,Pierre Poulain,employé_rayon,maladie,2024-05-22,2024-06-02,11,Congé maladie,approved,refused,Accord manager,medium,False,13
66677671-75ac-4f15-ad89-1bda983fa6a5,EMP67155,Marie Chevalier,employé_rayon,maternité,2024-07-13,2024-07-26,13,Événement familial,approved,approved,Conflit avec autre absence,low,True,14
904dea62-218d-43b6-a894-b486b9190688,EMP68832,Catherine Girard,stagiaire,congé_payé,2024-11-16,2024-11-27,11,Raison personnelle,approved,approved,Couverture disponible,high,False,19
6c3371a2-af8a-4071-8484-fa9dee4128c0,EMP91377,Daniel Laurent,pharmacien_adjoint,congé_payé,2024-09-08,2024-09-20,12,Maternité,approved,refused,Couverture disponible,high,True,18
dcd1c2ff-e2e7-48e4-9576-9bfe08df1197,EMP60681,Florence Benoit,préparateur,maternité,2024-04-21,2024-04-29,8,Maternité,pending,,,low,True,26
f4a746c1-3b94-4199-bb8e-fcaa8e0397d0,EMP35555,Monique Fabre,pharmacien_titulaire,maternité,2024-05-28,2024-06-11,14,Événement familial,refused,approved,Couverture disponible,medium,True,12
7cfb1c06-1d20-46a9-a3c0-f5e97843ba52,EMP68350,Jacques Leroy,employé_rayon,maternité,2024-09-25,2024-10-09,14,Raison personnelle,pending,,,low,True,40
66505593-8192-4440-8368-ee002f6997c3,EMP21530,Florence Benoit,employé_rayon,maladie,2024-03-27,2024-04-07,11,Congé maladie,approved,refused,Conflit avec autre absence,low,False,33
928186c8-7233-4ec0-a128-401b246c2f9f,EMP36125,Jean Simon,employé_rayon,formation,2024-02-14,2024-02-29,15,Maternité,approved,refused,Accord manager,high,False,27
54eda909-00a6-4e60-985c-02012d39d544,EMP28475,Michel Rousseau,pharmacien_adjoint,maternité,2024-01-22,2024-01-25,3,Raison personnelle,pending,,,low,True,5
fbd3e4b2-0a3d-4fea-802f-b5a4892f58f8,EMP33278,Pierre Benoit,préparateur,formation,2024-04-12,2024-04-21,9,Maladie,pending,,,medium,True,3
40f5f1e3-751a-40fe-adfa-5e92627ab5e8,EMP80842,Thérèse Girard,pharmacien_titulaire,événement_familial,2024-08-21,2024-09-02,12,Maternité,approved,refused,Accord manager,low,False,9
a494ccea-4a0f-4646-b132-68e1321a2ca8,EMP45752,Luc Rousseau,employé_rayon,maladie,2024-04-02,2024-04-04,2,Congé maladie,refused,refused,Couverture disponible,medium,True,5
515f22b0-8c8a-4ea0-b69b-9769ef0f0924,EMP55937,Florence Gérard,pharmacien_titulaire,événement_familial,2024-04-25,2024-05-03,8,Formation professionnelle,pending,,,high,False,27
3ebc36af-43d5-4ec8-8f0f-c9acefc81cda,EMP89161,Nathalie Fabre,préparateur,congé_payé,2024-03-21,2024-03-27,6,Événement familial,refused,refused,Couverture disponible,medium,True,14
b561b370-9790-475a-8a32-2380badba87d,EMP36691,André Leroy,préparateur,RTT,2024-10-04,2024-10-15,11,Événement familial,refused,refused,Accord manager,high,True,19
31832a53-3e65-4186-8bac-ad394fce86c0,EMP34081,Isabelle Bernier,pharmacien_titulaire,maternité,2024-03-24,2024-03-26,2,Événement familial,pending,,,low,False,31
1499628c-4dfb-4dcb-bb50-1e1fd4b7881b,EMP71342,Michèle Morin,stagiaire,RTT,2024-06-24,2024-07-04,10,Raison personnelle,refused,approved,Conflit avec autre absence,medium,False,34
c420323a-b1bb-47b8-9f31-8fb7ce3ca4fd,EMP66285,Joseph Fontaine,pharmacien_adjoint,maladie,2024-03-02,2024-03-11,9,Congé maladie,refused,approved,Conflit avec autre absence,medium,False,46
ada367a9-4027-499b-a95c-673bfe0e3c86,EMP59368,Christiane Gaillard,pharmacien_adjoint,maternité,2024-01-10,2024-01-21,11,Besoin de repos,approved,approved,Accord manager,high,True,33
54810992-5ce9-49db-be96-18346dd7fe8f,EMP52985,Martine Laurent,employé_rayon,événement_familial,2024-03-26,2024-04-10,15,Événement familial,approved,refused,Justificatif requis,medium,False,24
ff66fc0e-0d6b-4b1a-a78b-093303720ac5,EMP49288,Irène Poirier,employé_rayon,RTT,2024-11-05,2024-11-10,5,Événement familial,approved,approved,Justificatif requis,medium,False,39
cbd74a33-fe3c-4e7e-8ad2-55aee1b5fee0,EMP28419,Paul Arnould,employé_rayon,RTT,2024-02-02,2024-02-08,6,Maladie,approved,refused,Couverture disponible,high,False,34
4e995852-ca9e-4862-bae2-0d2d21d51eb1,EMP59767,Pascale Delorme,pharmacien_adjoint,RTT,2024-04-29,2024-05-09,10,Événement familial,refused,refused,Justificatif requis,low,False,21
21b85f74-796d-4e5d-9a83-9441b92b92ed,EMP94466,Isabelle Michel,employé_rayon,maternité,2024-05-26,2024-06-01,6,Besoin de repos,refused,approved,Conflit avec autre absence,medium,False,16
83815e68-e510-4375-b406-611e949e8bb2,EMP84621,Alain Delorme,préparateur,congé_payé,2024-06-20,2024-07-03,13,Maternité,refused,approved,Couverture disponible,low,True,20
44056ab0-798a-4b96-985c-3de0465d0060,EMP62782,Christian Laurent,préparateur,congé_payé,2024-08-08,2024-08-20,12,Maladie,approved,approved,Couverture disponible,low,False,44
f65c5b5d-2c09-46a1-b98a-6ce11b5cf383,EMP26857,Pierre Renaud,pharmacien_titulaire,congé_payé,2024-02-11,2024-02-15,4,Besoin de repos,approved,approved,Justificatif requis,medium,False,30
ea2cf297-ecf1-4098-9d01-dac34b06f54a,EMP21002,Irène Fabre,préparateur,congé_payé,2024-12-08,2024-12-13,5,Événement familial,refused,approved,Couverture disponible,low,False,40
606d7d1a-8d07-43c5-bbee-1cd5f0b48f6d,EMP62885,Jean Lefevre,préparateur,RTT,2024-01-22,2024-02-04,13,Maternité,approved,refused,Couverture disponible,high,True,18
1cb30312-f40b-4c77-ae68-97290271b50f,EMP39246,Michel Moreau,pharmacien_titulaire,formation,2024-10-27,2024-10-30,3,Raison personnelle,pending,,,low,True,38
ab9d4ac4-a5e3-4821-a995-bc3c2330ff39,EMP87177,Paul Michel,préparateur,maladie,2024-11-07,2024-11-11,4,Congé maladie,pending,,,high,True,15
486f2a19-b7eb-42ae-8fac-20a251aea968,EMP99282,Christine Leroy,employé_rayon,événement_familial,2024-01-28,2024-02-04,7,Formation professionnelle,pending,,,low,True,15
84c4cf57-e0fd-4ed4-a090-5a7b87cd8405,EMP11722,Philippe Girard,préparateur,congé_payé,2024-09-10,2024-09-21,11,Raison personnelle,approved,approved,Conflit avec autre absence,high,False,36
696df584-1c65-47c9-b126-0451dc7d0131,EMP38348,Florence Renaud,pharmacien_titulaire,congé_payé,2024-08-12,2024-08-18,6,Maternité,approved,approved,Justificatif requis,low,True,9
4b4971bf-8475-4cdd-9c9e-82d132af9bf9,EMP44274,Philippe Morin,employé_rayon,formation,2024-08-04,2024-08-13,9,Maternité,pending,,,medium,False,17
b3cc98d7-6dff-4fbb-a46f-73aa948665d9,EMP34875,André Lefevre,employé_rayon,événement_familial,2024-02-18,2024-02-29,11,Événement familial,approved,refused,Conflit avec autre absence,low,True,32
02ab0d08-b07f-4b44-8bae-b82e2e023ec9,EMP65916,Jean-Paul Chevalier,pharmacien_adjoint,maladie,2024-09-27,2024-10-12,15,Congé maladie,approved,approved,Justificatif requis,medium,True,1
fdada5eb-d2e3-4a85-ba9a-5a7d64fe8b03,EMP40128,Bernard Poirier,préparateur,RTT,2024-06-07,2024-06-16,9,Besoin de repos,approved,approved,Justificatif requis,medium,True,17
b5e845f3-9193-40e3-a80d-dec0fe4cfb0d,EMP76360,Cécile Renaud,pharmacien_titulaire,maladie,2024-02-06,2024-02-13,7,Congé maladie,pending,,,medium,False,27
e3cc4394-a0e3-4130-8bde-ed0a20f2687c,EMP10139,Jacques Blanc,préparateur,maladie,2024-11-18,2024-11-25,7,Congé maladie,approved,refused,Justificatif requis,medium,True,29
b006e789-0e75-4063-a9e5-aa23cc547a59,EMP72417,Cécile Leclerc,préparateur,maternité,2024-11-21,2024-11-28,7,Besoin de repos,approved,refused,Couverture disponible,medium,True,41
2890119d-c3c5-4772-a195-fe094d8ab9f2,EMP79049,Paul Gérard,pharmacien_adjoint,RTT,2024-04-11,2024-04-22,11,Formation professionnelle,pending,,,medium,False,29
2a2f8f64-ade6-4f5a-9d5c-60cbe5f87cd0,EMP54855,Jean Gaillard,préparateur,maternité,2024-02-14,2024-02-23,9,Formation professionnelle,refused,approved,Couverture disponible,medium,False,30
ac098dd9-ab56-4eba-a9bc-2336ed110019,EMP39914,Françoise Fontaine,pharmacien_adjoint,maladie,2024-03-08,2024-03-22,14,Congé maladie,approved,approved,Conflit avec autre absence,high,False,48
0ee57990-987c-490c-86a8-f1e9f99a91cd,EMP39936,André Girard,pharmacien_adjoint,maladie,2024-06-11,2024-06-19,8,Congé maladie,pending,,,high,True,1
c135433d-7fd8-4bd2-9eb3-355257c7126f,EMP95294,Martine Roux,pharmacien_adjoint,maternité,2024-10-23,2024-11-01,9,Raison personnelle,refused,refused,Conflit avec autre absence,high,False,32
ac3456a9-77b8-4c85-a4ab-0caead769f02,EMP58872,Christiane Simon,stagiaire,formation,2024-08-07,2024-08-20,13,Maladie,approved,refused,Couverture disponible,high,True,38
1ef87166-49de-4c9a-bcce-c1f2d8b43eb0,EMP99984,Jacques Laurent,préparateur,événement_familial,2024-01-27,2024-02-09,13,Maladie,pending,,,high,False,44
0a82c210-762d-4a37-8b95-9ec863efbdb5,EMP93016,Daniel Blanc,pharmacien_titulaire,maternité,2024-07-27,2024-08-02,6,Maladie,approved,refused,Couverture disponible,medium,True,11
b7e231b8-ecf1-4b62-85a0-92a37b1a767c,EMP14516,Catherine Rousseau,pharmacien_titulaire,RTT,2024-12-05,2024-12-06,1,Événement familial,approved,approved,Accord manager,medium,False,23
8b85a4f5-67e0-4b3e-9e08-0005565e15d8,EMP11758,Marie Andre,employé_rayon,RTT,2024-09-12,2024-09-13,1,Maternité,approved,refused,Accord manager,medium,False,41
86b73ced-c2cf-4ca5-b672-1cbf4fa1eed3,EMP78728,Alain Fournier,préparateur,maladie,2024-10-16,2024-10-23,7,Congé maladie,approved,refused,Accord manager,low,True,39
4c1dfa8e-5117-46ce-a3c8-06976208725b,EMP51521,Luc Delacroix,employé_rayon,maladie,2024-07-16,2024-07-17,1,Congé maladie,approved,approved,Raison médicale insuffisante,high,False,30
686164d4-61df-41ad-91e1-83dc325c254b,EMP19801,Jean Moreau,préparateur,maladie,2024-12-28,2025-01-12,15,Congé maladie,pending,,,low,True,38
efcfb712-3568-4b85-b6af-45195372576b,EMP30620,Philippe Poulain,pharmacien_adjoint,RTT,2024-11-04,2024-11-13,9,Besoin de repos,pending,,,high,True,43
56895f45-6060-4dc8-84d1-bb0ea7d925d4,EMP80965,Anne Michel,préparateur,congé_payé,2024-11-03,2024-11-18,15,Maternité,refused,refused,Conflit avec autre absence,medium,True,17
74c291e8-9443-40e5-a484-4cacc21786c8,EMP82491,Catherine Bernard,pharmacien_adjoint,maladie,2024-04-19,2024-04-22,3,Congé maladie,approved,refused,Accord manager,low,True,21
bd9f59c5-fbc7-4677-9d9e-3e9462f2784f,EMP71839,Isabelle Arnould,employé_rayon,événement_familial,2024-08-09,2024-08-22,13,Formation professionnelle,pending,,,medium,True,48
86412c5d-13d6-425b-87aa-f4b2f4605a2d,EMP54857,Alain Leroy,pharmacien_adjoint,événement_familial,2024-11-11,2024-11-21,10,Raison personnelle,pending,,,medium,True,19
8c42470b-adc2-4aaf-bbe6-705da82d1fb4,EMP85782,Daniel Leroy,préparateur,formation,2024-06-25,2024-06-28,3,Maladie,pending,,,high,True,43
ab2667b7-514d-4cf3-b129-3c7241d7c934,EMP15555,René Chevalier,préparateur,formation,2024-12-21,2025-01-01,11,Formation professionnelle,approved,refused,Raison médicale insuffisante,medium,False,22
25a48be5-2b90-4482-896a-2a3f237f43bb,EMP69324,Valérie Gaillard,préparateur,maternité,2024-05-28,2024-06-02,5,Événement familial,approved,refused,Conflit avec autre absence,low,False,39
d3eadc64-b605-4af6-aef7-b983ef457aa8,EMP64149,Marc Blanc,pharmacien_adjoint,événement_familial,2024-04-27,2024-05-11,14,Formation professionnelle,refused,approved,Conflit avec autre absence,low,False,25
447fc088-04f8-4bc7-897e-dc81d2ea6610,EMP54855,Jean Gaillard,préparateur,RTT,2024-10-01,2024-10-05,4,Formation professionnelle,pending,,,high,False,45
23fbda5c-4a9a-46bd-9c09-1d37d20e4c83,EMP66212,Luc Delorme,employé_rayon,maladie,2024-04-22,2024-04-25,3,Congé maladie,approved,approved,Accord manager,medium,False,18
4f79201d-1b04-407b-a0d3-4a61a8eea5c3,EMP79606,Jean-Paul Simon,pharmacien_adjoint,maladie,2024-09-03,2024-09-04,1,Congé maladie,approved,approved,Couverture disponible,low,False,38
0dedbbc5-a05e-4bca-80ca-d07e90a7041b,EMP36336,Laurent Poirier,préparateur,événement_familial,2024-04-24,2024-04-26,2,Besoin de repos,approved,approved,Raison médicale insuffisante,low,False,40
4eed5788-affe-4937-8560-6220adb18c72,EMP67313,Michèle Blanc,pharmacien_adjoint,RTT,2024-02-08,2024-02-22,14,Formation professionnelle,approved,refused,Conflit avec autre absence,high,False,31
1dea9deb-3605-4dcc-b1a7-5116b853f19b,EMP51329,Monique Dubois,employé_rayon,congé_payé,2024-11-22,2024-12-04,12,Maternité,pending,,,medium,True,44
a7fbbb42-73ee-47b6-9b62-d45f3534f168,EMP61890,Claire Poulain,stagiaire,RTT,2024-10-01,2024-10-15,14,Maladie,approved,approved,Accord manager,high,False,25
552cb826-991b-4382-a87f-25866ff3404b,EMP97171,Michèle Benoit,pharmacien_adjoint,maladie,2024-01-26,2024-02-09,14,Congé maladie,approved,approved,Couverture disponible,medium,True,24
8b040c4a-5413-4e5b-94bf-ab8599c0f246,EMP51329,Monique Dubois,employé_rayon,formation,2024-10-29,2024-10-30,1,Raison personnelle,approved,approved,Conflit avec autre absence,medium,True,30
2ee88e24-68f7-4be2-a092-f7db14812414,EMP84997,Florence Chevalier,employé_rayon,formation,2024-10-21,2024-10-25,4,Besoin de repos,approved,approved,Justificatif requis,high,False,30
359addbd-dd0d-4189-ab43-54cf7ee76c04,EMP42072,André Fabre,employé_rayon,congé_payé,2024-06-29,2024-06-30,1,Besoin de repos,approved,approved,Justificatif requis,medium,False,26
b55e7997-d1b6-459e-b893-aff2ecc9daee,EMP54908,Françoise Arnould,pharmacien_adjoint,maladie,2024-04-21,2024-05-01,10,Congé maladie,approved,refused,Couverture disponible,medium,False,39
e69d07a6-3a1c-4ddb-9c6d-f00fce4f488d,EMP34081,Isabelle Bernier,pharmacien_titulaire,événement_familial,2024-05-05,2024-05-11,6,Maternité,approved,approved,Conflit avec autre absence,low,True,35
b50bb38f-becd-4998-af30-47f303cad746,EMP13230,Christian Fournier,préparateur,maternité,2024-08-30,2024-09-13,14,Besoin de repos,approved,approved,Conflit avec autre absence,medium,False,4
edafa8f4-aa75-4bb9-8a4e-965a27942210,EMP84211,Danielle Bernier,préparateur,RTT,2024-01-18,2024-01-24,6,Événement familial,refused,approved,Couverture disponible,low,False,8
c3663c1d-6b57-480b-b36b-11457f107feb,EMP84211,Danielle Bernier,préparateur,événement_familial,2024-09-17,2024-09-25,8,Besoin de repos,approved,approved,Accord manager,medium,True,4
fc614f63-6bae-4df1-895c-0559988c2c00,EMP56955,Daniel Arnould,pharmacien_adjoint,formation,2024-06-13,2024-06-28,15,Maladie,pending,,,medium,True,42
a07cb2ba-6438-4547-8552-d94b37f33873,EMP54954,Laurent Moreau,pharmacien_adjoint,congé_payé,2024-04-15,2024-04-22,7,Formation professionnelle,approved,refused,Raison médicale insuffisante,low,False,31
7d2b88b4-bd5d-4d7d-9ded-9d395070c5fe,EMP94962,Jacques Blanc,préparateur,maladie,2024-07-11,2024-07-16,5,Congé maladie,approved,approved,Couverture disponible,medium,False,16
44ca1b8a-0dd6-474f-8d6e-39a45982209f,EMP10482,Thérèse Fournier,préparateur,maladie,2024-09-16,2024-09-25,9,Congé maladie,approved,refused,Conflit avec autre absence,medium,False,6
4ae6e177-60d8-4f65-8e7c-8db79b9b34c7,EMP86763,Françoise Rousseau,pharmacien_adjoint,événement_familial,2024-07-05,2024-07-19,14,Événement familial,approved,refused,Conflit avec autre absence,medium,True,35
c1567625-49c1-4f42-9cb0-6b0b3ab549ec,EMP32915,Nathalie Leclerc,pharmacien_titulaire,congé_payé,2024-10-15,2024-10-30,15,Formation professionnelle,pending,,,low,False,45
bed76c69-12ab-40bc-9522-090736969434,EMP65916,Jean-Paul Chevalier,pharmacien_adjoint,RTT,2024-04-16,2024-04-26,10,Besoin de repos,approved,approved,Justificatif requis,high,False,29
2e895ffb-5c30-4671-9fcb-106b4a8200c0,EMP11393,Laurent Bernard,pharmacien_titulaire,formation,2024-10-05,2024-10-06,1,Événement familial,pending,,,high,True,21
e4e50e5f-54ce-4b69-9ccf-ea9975bacc27,EMP67313,Michèle Blanc,pharmacien_adjoint,maladie,2024-07-18,2024-07-19,1,Congé maladie,approved,approved,Raison médicale insuffisante,high,False,38
e7ca3529-e36b-4d26-93a6-5920f9f861a3,EMP53093,Thérèse Girard,pharmacien_adjoint,RTT,2024-07-04,2024-07-19,15,Besoin de repos,approved,refused,Couverture disponible,high,True,25
4692cbc7-acc2-4637-b141-4854c40dbb7d,EMP30635,Marc Martin,pharmacien_titulaire,événement_familial,2024-10-28,2024-10-30,2,Maternité,approved,approved,Accord manager,low,True,24
6deb1d96-6c43-4acd-8548-1c55f070ed78,EMP33083,Catherine Fontaine,pharmacien_titulaire,formation,2024-07-09,2024-07-11,2,Besoin de repos,approved,refused,Couverture disponible,medium,True,5
72e4d8e5-ff93-4317-97c8-f3737bb5061d,EMP75237,Jacques Fabre,préparateur,congé_payé,2024-09-08,2024-09-09,1,Formation professionnelle,approved,approved,Conflit avec autre absence,low,False,27
dc27afc4-3f56-48c7-9e64-ae61309d79a3,EMP55121,Thérèse Laurent,pharmacien_titulaire,RTT,2024-06-12,2024-06-21,9,Besoin de repos,pending,,,medium,True,23
22709c32-8359-499e-a1eb-8d82c02ad835,EMP30635,Marc Martin,pharmacien_titulaire,maladie,2024-06-23,2024-07-03,10,Congé maladie,approved,refused,Couverture disponible,low,True,32
a09cd834-b7b0-4967-b080-ba6d48a1c9ee,EMP40282,René Arnould,pharmacien_titulaire,congé_payé,2024-05-05,2024-05-08,3,Besoin de repos,approved,refused,Couverture disponible,high,False,14
dc2b61a8-a54a-4030-9d67-c61dfd91dd00,EMP52774,Jean-Paul Dupont,préparateur,maladie,2024-02-11,2024-02-17,6,Congé maladie,approved,refused,Raison médicale insuffisante,high,True,41
6bf828cc-44f2-4d5a-bac6-c607baded671,EMP19801,Jean Moreau,préparateur,congé_payé,2024-05-27,2024-06-08,12,Maternité,approved,approved,Conflit avec autre absence,low,True,27
96af853f-c448-45f7-9eb1-70905b8503ba,EMP86791,Françoise Renaud,préparateur,congé_payé,2024-12-20,2024-12-30,10,Formation professionnelle,approved,approved,Accord manager,medium,True,46
aede4308-ce8a-4155-925b-b72d550eb265,EMP97807,Luc Poulain,stagiaire,maternité,2024-04-26,2024-05-08,12,Maladie,approved,refused,Couverture disponible,high,True,25
38673e74-810e-4999-a4fc-7254bea0eb08,EMP51138,Joseph Blanc,préparateur,congé_payé,2024-02-08,2024-02-12,4,Besoin de repos,approved,approved,Couverture disponible,medium,False,21
beb031d6-d5e0-443d-b23f-3441ed141e05,EMP49540,Isabelle Bernard,pharmacien_adjoint,formation,2024-05-15,2024-05-18,3,Maternité,refused,refused,Accord manager,medium,False,40
aff1e8fe-69e2-4fbf-b9b0-778e6a3128cb,EMP61480,Georges Martin,préparateur,maternité,2024-01-04,2024-01-08,4,Maternité,pending,,,medium,False,25
6f5f8fbb-4010-4205-afba-613616b2d41b,EMP46745,Danielle Laurent,préparateur,maladie,2024-01-18,2024-01-19,1,Congé maladie,approved,approved,Couverture disponible,low,True,18
7125587c-89be-47b6-82cb-bdf7082bc66f,EMP97821,Nathalie Rousseau,pharmacien_titulaire,événement_familial,2024-08-21,2024-08-28,7,Événement familial,pending,,,low,False,37
ffa8a15c-31e3-4bce-95b3-0526afdd7b2b,EMP86738,Monique Bernier,employé_rayon,maternité,2024-09-01,2024-09-10,9,Raison personnelle,approved,approved,Justificatif requis,medium,True,2
fa5ad11b-2252-4fed-917e-625abccc0fc3,EMP96712,Michèle Delorme,stagiaire,congé_payé,2024-08-16,2024-08-17,1,Besoin de repos,approved,refused,Conflit avec autre absence,high,True,8
6de3c7b0-b340-48e7-96bd-f58da41f4344,EMP16496,Thérèse Michel,pharmacien_titulaire,formation,2024-02-08,2024-02-17,9,Événement familial,approved,approved,Justificatif requis,low,True,1
4038b18f-3cbb-4a4a-a770-e93982fb7c54,EMP53093,Thérèse Girard,pharmacien_adjoint,congé_payé,2024-10-01,2024-10-06,5,Maladie,refused,approved,Couverture disponible,high,False,42
2985413e-fee2-4edb-8c4f-ab39fb91cd57,EMP19132,Anne Morin,pharmacien_titulaire,formation,2024-12-31,2025-01-10,10,Maternité,pending,,,high,True,11
2289824c-86a0-40ef-a1ff-1fae7ba5e7b2,EMP37747,Sylvie Delacroix,pharmacien_adjoint,formation,2024-08-10,2024-08-19,9,Formation professionnelle,refused,approved,Accord manager,high,False,27
a38f96d9-0781-4277-ad2a-02ffe1589e4b,EMP72404,Jacques Delorme,pharmacien_titulaire,congé_payé,2024-11-09,2024-11-11,2,Maternité,approved,approved,Justificatif requis,medium,True,3
28082a99-975b-4480-9d8c-97d4836e35c0,EMP51521,Luc Delacroix,employé_rayon,maladie,2024-04-28,2024-05-07,9,Congé maladie,approved,approved,Raison médicale insuffisante,low,False,13
38f9e2b7-624f-4a7e-bbd3-77a1b2378b13,EMP29117,André Roux,préparateur,congé_payé,2024-06-05,2024-06-17,12,Événement familial,approved,approved,Raison médicale insuffisante,medium,False,24
548ad68b-31ca-4985-9e9b-d67f3fabee70,EMP54954,Laurent Moreau,pharmacien_adjoint,congé_payé,2024-06-21,2024-07-06,15,Raison personnelle,approved,approved,Raison médicale insuffisante,low,True,9
0c087977-7a29-468c-aacd-134e70881f11,EMP62744,Philippe Fontaine,employé_rayon,maternité,2024-01-28,2024-02-05,8,Événement familial,refused,approved,Couverture disponible,high,False,31
e944b591-f66d-4bdf-a184-664aeefc5776,EMP17303,Bernard Benoit,pharmacien_adjoint,formation,2024-06-22,2024-06-27,5,Maternité,approved,refused,Raison médicale insuffisante,medium,False,47
ba97385e-49eb-402b-949a-d14583e750b0,EMP67753,Marc Bernard,pharmacien_adjoint,formation,2024-10-27,2024-10-28,1,Raison personnelle,approved,approved,Raison médicale insuffisante,high,False,33
58cfad04-946f-46c0-9ac7-44888400374d,EMP86763,Françoise Rousseau,pharmacien_adjoint,formation,2024-10-02,2024-10-14,12,Raison personnelle,approved,approved,Couverture disponible,low,True,47
087df267-1c08-459c-b831-8520ff3c46bd,EMP63795,Catherine Poirier,préparateur,congé_payé,2024-12-02,2024-12-14,12,Événement familial,refused,approved,Raison médicale insuffisante,medium,True,18
831734dc-83c8-4aa9-b0b1-580852630640,EMP78728,Alain Fournier,préparateur,événement_familial,2024-08-19,2024-08-30,11,Maladie,approved,refused,Raison médicale insuffisante,low,True,45
6eeea29d-dea2-4035-9c4a-4b15fdf2c310,EMP93016,Daniel Blanc,pharmacien_titulaire,RTT,2024-12-08,2024-12-21,13,Besoin de repos,refused,approved,Accord manager,high,False,7
41095c7c-6958-4bb7-be72-5d989f6a4091,EMP33933,Bernard Dupont,pharmacien_titulaire,événement_familial,2024-09-24,2024-10-09,15,Événement familial,refused,refused,Conflit avec autre absence,high,False,18
0edafd38-f10d-4580-a2f5-5698df32d544,EMP71839,Isabelle Arnould,employé_rayon,maladie,2024-01-23,2024-01-28,5,Congé maladie,pending,,,medium,True,3
623ee1cc-1c2f-4aba-914e-ad0266ad3740,EMP56747,Christian Leroy,employé_rayon,maternité,2024-05-29,2024-06-03,5,Maternité,pending,,,high,False,36
4372cd79-4930-4619-9da4-6b7aaa0d6c92,EMP35555,Monique Fabre,pharmacien_titulaire,maladie,2024-10-24,2024-10-26,2,Congé maladie,approved,refused,Raison médicale insuffisante,medium,True,39
2a71f919-7c98-4866-98f1-63e20179a623,EMP49288,Irène Poirier,employé_rayon,congé_payé,2024-05-27,2024-05-28,1,Maternité,approved,refused,Conflit avec autre absence,medium,True,15
cc8d6dd5-495c-48e6-a8f9-f31e9e1c4da3,EMP63400,Marc Poirier,pharmacien_titulaire,RTT,2024-10-09,2024-10-20,11,Maladie,refused,refused,Conflit avec autre absence,low,False,12
3a3f9f59-1056-4c9c-b053-df77be85080c,EMP10883,Valérie Gérard,préparateur,formation,2024-02-19,2024-02-29,10,Raison personnelle,pending,,,low,False,36
02fbc862-4933-4f7a-9051-1cbe73e78440,EMP65783,Catherine Gaillard,préparateur,événement_familial,2024-08-26,2024-08-29,3,Raison personnelle,pending,,,medium,True,45
bf17b396-ee05-43ef-867e-f4e2b90ccc5f,EMP62885,Jean Lefevre,préparateur,formation,2024-10-13,2024-10-25,12,Besoin de repos,approved,approved,Conflit avec autre absence,low,True,40
b42975ca-82e3-4580-8a89-7e68aff59964,EMP74002,Sophie Dubois,préparateur,événement_familial,2024-07-09,2024-07-19,10,Événement familial,approved,approved,Raison médicale insuffisante,high,True,32
12e03d77-ed24-4084-a6db-bf8f3f32f043,EMP52059,Danielle Leclerc,pharmacien_adjoint,formation,2024-11-22,2024-11-29,7,Besoin de repos,refused,refused,Justificatif requis,high,True,14
402cd132-6891-4db6-b92f-1acabed72b51,EMP72404,Jacques Delorme,pharmacien_titulaire,RTT,2024-01-19,2024-01-23,4,Maladie,pending,,,medium,False,1
f8d13cc3-474d-4060-bdc3-3a9d6462de3e,EMP42048,Thierry Leclerc,employé_rayon,RTT,2024-10-16,2024-10-22,6,Besoin de repos,pending,,,high,False,14
329ba036-9ac9-49ad-b0e4-f741e4dd1abc,EMP26400,Jacques Fournier,préparateur,congé_payé,2024-04-05,2024-04-06,1,Maladie,approved,approved,Conflit avec autre absence,medium,True,34
414f5226-b58b-4d3e-9669-f1e07f4e5792,EMP60879,Valérie Renaud,préparateur,RTT,2024-09-29,2024-09-30,1,Raison personnelle,approved,refused,Conflit avec autre absence,medium,False,25
6037edf1-ad35-4b31-abbf-601210f96d49,EMP52985,Martine Laurent,employé_rayon,maternité,2024-08-21,2024-09-04,14,Maternité,pending,,,high,True,41
2d946607-86b8-4e7c-83f1-960dd739749a,EMP31068,Christian Martin,employé_rayon,maladie,2024-01-31,2024-02-08,8,Congé maladie,pending,,,medium,False,1
eba07bc5-db42-42f5-aa43-c34b3ce4265e,EMP79965,Alain Lefevre,pharmacien_adjoint,congé_payé,2024-04-03,2024-04-10,7,Formation professionnelle,approved,refused,Couverture disponible,low,False,5
4479ce9d-43f9-4bfe-a745-30987af1b1d7,EMP84521,Cécile Leclerc,préparateur,événement_familial,2024-02-14,2024-02-20,6,Maladie,approved,refused,Justificatif requis,high,False,30
fdaa54ca-1525-4632-9f8b-cbcbed25fd4d,EMP57995,Martine Lefevre,pharmacien_titulaire,formation,2024-03-08,2024-03-13,5,Raison personnelle,approved,refused,Couverture disponible,medium,True,43
ce6e402e-1bd9-4a58-9a26-813f13b63251,EMP97823,Stéphanie Gaillard,pharmacien_adjoint,événement_familial,2024-12-24,2025-01-01,8,Maternité,approved,refused,Raison médicale insuffisante,high,True,48
198a38cd-f0ec-4134-8d98-6c908bc50848,EMP27278,Jacques Rousseau,pharmacien_adjoint,RTT,2024-09-22,2024-09-24,2,Maladie,pending,,,low,False,21
2a1115f3-edfa-4a2a-b90d-e9fa5817e4b7,EMP80419,Marc Chevalier,préparateur,congé_payé,2024-08-25,2024-09-04,10,Maladie,approved,refused,Couverture disponible,medium,False,6
96ce32b3-f2ca-4a9c-92aa-9acab7003d16,EMP69721,Joseph Martin,préparateur,congé_payé,2024-03-30,2024-03-31,1,Besoin de repos,approved,refused,Justificatif requis,high,False,38
8a7d31f0-b1a8-4fea-91c5-39ef5bd15bf8,EMP94339,Michel Poulain,préparateur,formation,2024-01-03,2024-01-13,10,Raison personnelle,approved,refused,Couverture disponible,low,True,26
a87ff3de-45ad-4d5b-a44c-75b1e377da1f,EMP57995,Martine Lefevre,pharmacien_titulaire,maladie,2024-06-28,2024-07-02,4,Congé maladie,pending,,,medium,False,44
3c22253f-34e4-4ddd-8203-63ca2b74cd20,EMP67420,Michèle Maillard,pharmacien_adjoint,formation,2024-05-29,2024-06-10,12,Besoin de repos,approved,approved,Conflit avec autre absence,medium,False,33
2cd0369d-86ce-45bd-9961-d2cc2434d14d,EMP14872,Jean Fabre,préparateur,maladie,2024-10-12,2024-10-25,13,Congé maladie,refused,refused,Raison médicale insuffisante,low,True,4
4aaf389f-9b55-4c1d-af2f-745b3a0e5e78,EMP76314,Philippe Delorme,employé_rayon,maternité,2024-06-24,2024-07-03,9,Besoin de repos,approved,approved,Couverture disponible,low,True,2
69f4c212-45d3-4340-a908-a22a5d2042a9,EMP87652,Philippe Delorme,pharmacien_adjoint,événement_familial,2024-12-04,2024-12-05,1,Maternité,approved,refused,Raison médicale insuffisante,medium,True,12
175361bd-b01f-49ec-b592-2e13236363a1,EMP91836,Olivier Chevalier,employé_rayon,événement_familial,2024-10-11,2024-10-16,5,Besoin de repos,approved,refused,Couverture disponible,high,True,27
7fc92f67-24a2-4bf9-ba24-fa6c039d160e,EMP66862,Catherine Leroy,pharmacien_titulaire,événement_familial,2024-09-20,2024-09-23,3,Maternité,refused,refused,Raison médicale insuffisante,high,False,8
187b2b75-c4c2-4075-a455-714380a6c0e6,EMP22852,Laurent Poirier,pharmacien_adjoint,formation,2024-05-03,2024-05-18,15,Maternité,approved,refused,Raison médicale insuffisante,low,True,14
99c96143-7c4a-417c-ac0c-8c39e03e3b68,EMP63052,Bernard Gaillard,préparateur,RTT,2024-12-11,2024-12-13,2,Formation professionnelle,pending,,,medium,False,17
780df639-bb2f-461c-a6a8-26622aeabd78,EMP64556,Marie Delorme,pharmacien_adjoint,maternité,2024-06-27,2024-07-09,12,Formation professionnelle,approved,refused,Justificatif requis,low,True,14
3a847c94-9888-41d3-b166-eae8c7fc405d,EMP26400,Jacques Fournier,préparateur,congé_payé,2024-02-18,2024-02-21,3,Maternité,approved,approved,Raison médicale insuffisante,low,True,1
febd5c06-a700-4d78-96e8-97e3ab7834d2,EMP51665,Laurent Renaud,pharmacien_adjoint,congé_payé,2024-04-29,2024-05-09,10,Événement familial,approved,approved,Couverture disponible,low,True,8
f7fab70a-89c8-4c45-9723-16b1d02b0508,EMP33933,Bernard Dupont,pharmacien_titulaire,maternité,2024-08-29,2024-09-12,14,Événement familial,approved,refused,Justificatif requis,high,True,45
a0e887b5-acaf-4a82-9f2d-7f8242c46aaa,EMP61716,Philippe Renaud,pharmacien_titulaire,RTT,2024-04-09,2024-04-15,6,Maladie,pending,,,high,True,44
2bdf6ac6-16ca-4171-9496-9753433b3f38,EMP30417,Sylvie Rousseau,pharmacien_adjoint,RTT,2024-04-29,2024-05-04,5,Événement familial,approved,refused,Conflit avec autre absence,low,False,11
fd9966d9-17dc-4cd9-a176-ab40ba5e79e6,EMP93540,André Michel,préparateur,maternité,2024-06-14,2024-06-20,6,Maternité,approved,refused,Justificatif requis,high,True,36
603ce462-eeae-495c-849e-c93469361f49,EMP95514,Jean Bernard,préparateur,congé_payé,2024-05-09,2024-05-24,15,Événement familial,approved,refused,Raison médicale insuffisante,high,True,22
1b641428-79ef-4720-a568-8fa402bd98b7,EMP23811,Luc Gérard,pharmacien_adjoint,maternité,2024-04-28,2024-05-01,3,Maladie,approved,refused,Accord manager,medium,True,32
917be338-7b5f-4f36-af51-511ecc333205,EMP39914,Françoise Fontaine,pharmacien_adjoint,congé_payé,2024-01-26,2024-01-30,4,Besoin de repos,refused,approved,Conflit avec autre absence,high,False,24
873b35b0-5971-4846-8b39-f508ca2cb104,EMP17303,Bernard Benoit,pharmacien_adjoint,congé_payé,2024-08-21,2024-08-29,8,Maladie,approved,refused,Justificatif requis,high,False,42
d7825894-b367-4d5f-a515-b313f858c300,EMP73974,Pierre Girard,préparateur,maternité,2024-08-26,2024-09-06,11,Maladie,pending,,,high,False,36
0601b302-ebf9-4f44-8a97-4a8b8a9168c3,EMP19773,Anne Michel,préparateur,congé_payé,2024-02-11,2024-02-25,14,Raison personnelle,approved,refused,Accord manager,high,False,3
f60c5fc3-1057-4764-a5d8-944e76c5aa92,EMP69324,Valérie Gaillard,préparateur,maternité,2024-08-07,2024-08-15,8,Événement familial,pending,,,low,False,35
a43fceff-70ca-4f87-b8ab-6f386b4ba023,EMP41092,Valérie Benoit,pharmacien_titulaire,événement_familial,2024-06-19,2024-06-27,8,Événement familial,approved,approved,Raison médicale insuffisante,high,True,39
97d1364f-6386-49c6-ba70-938fb6837fa6,EMP32397,Jean Rousseau,employé_rayon,RTT,2024-02-09,2024-02-24,15,Maternité,approved,approved,Raison médicale insuffisante,low,True,44
60c62067-e56f-48b9-ad51-fabbb2d44f86,EMP66285,Joseph Fontaine,pharmacien_adjoint,maladie,2024-04-22,2024-05-07,15,Congé maladie,refused,approved,Conflit avec autre absence,medium,True,15
8bf1a37a-2374-4b3b-a822-5ed126808825,EMP70877,Jacques Rousseau,préparateur,événement_familial,2024-04-25,2024-04-28,3,Besoin de repos,approved,approved,Accord manager,high,True,8
03e720e7-7c9a-4c51-9c84-9992407b25fe,EMP95409,Françoise Arnould,employé_rayon,formation,2024-12-11,2024-12-14,3,Raison personnelle,approved,refused,Conflit avec autre absence,high,True,45
677a8db8-7afd-46ed-a487-16f011f66854,EMP31748,Christian Delacroix,préparateur,maladie,2024-02-17,2024-02-29,12,Congé maladie,approved,approved,Couverture disponible,low,False,42
5a2041ef-2141-4743-8a0c-e5646e6c87e8,EMP77415,Françoise Fournier,pharmacien_adjoint,maladie,2024-06-05,2024-06-06,1,Congé maladie,approved,refused,Conflit avec autre absence,medium,False,33
c0d68b3d-2bdd-4709-a008-47e3a81ce983,EMP62720,Michel Lefevre,préparateur,RTT,2024-08-09,2024-08-20,11,Besoin de repos,approved,refused,Accord manager,medium,False,47
ed6f6838-1bb9-4917-8f8b-535619eea2ec,EMP79714,Christiane Girard,préparateur,maternité,2024-12-22,2024-12-29,7,Besoin de repos,refused,refused,Justificatif requis,medium,True,44
defc9fad-1426-4d7e-ad1b-7ab505a98ca9,EMP20908,Pierre Bernier,préparateur,RTT,2024-07-26,2024-07-31,5,Maternité,approved,refused,Couverture disponible,medium,False,24
779112f6-d0ac-475b-8cd3-26a1f09ae86b,EMP57228,Michel Blanc,préparateur,congé_payé,2024-01-16,2024-01-22,6,Événement familial,approved,approved,Accord manager,high,False,29
ae3d35b6-401e-471b-8436-5b5fc7109620,EMP76841,Jacques Arnould,pharmacien_adjoint,maternité,2024-06-23,2024-06-26,3,Maladie,approved,refused,Couverture disponible,low,False,22
06190e68-1d72-4b4d-ac36-ac3bb976f9c9,EMP31748,Christian Delacroix,préparateur,maladie,2024-11-04,2024-11-06,2,Congé maladie,refused,approved,Raison médicale insuffisante,low,True,45
8233524b-f483-411c-a6bd-50dccb51c9c6,EMP46159,Danielle Gérard,employé_rayon,maladie,2024-11-05,2024-11-14,9,Congé maladie,refused,refused,Conflit avec autre absence,low,True,2
1de77fe5-3e08-4ba1-a4c2-6e98c4a18e91,EMP75855,Françoise Girard,préparateur,RTT,2024-09-08,2024-09-22,14,Besoin de repos,approved,refused,Justificatif requis,high,True,43
8f773f54-ac89-4eeb-a59a-006e26f32dee,EMP45961,Laurent Girard,préparateur,événement_familial,2024-01-30,2024-02-13,14,Formation professionnelle,approved,approved,Couverture disponible,high,False,26
9c60fd04-9db0-439b-bc23-6642f5553683,EMP24604,Danielle Fournier,pharmacien_adjoint,maternité,2024-08-12,2024-08-17,5,Formation professionnelle,approved,refused,Conflit avec autre absence,high,True,30
aa0446e3-8f3a-4f96-b044-d3601713dd49,EMP77805,Michel Rousseau,employé_rayon,maladie,2024-10-24,2024-10-27,3,Congé maladie,refused,refused,Couverture disponible,medium,True,39
367545e6-a0e9-4a2c-9ca7-517794b77396,EMP95894,Thérèse Delorme,pharmacien_titulaire,maladie,2024-11-02,2024-11-05,3,Congé maladie,pending,,,medium,True,42
b70aa879-60bf-4826-b3ae-f14261bfb62d,EMP85839,Thérèse Fabre,employé_rayon,congé_payé,2024-01-14,2024-01-15,1,Événement familial,pending,,,high,False,39
81264a6b-59ea-4fac-b594-67d687321b92,EMP88805,Philippe Dubois,pharmacien_adjoint,maternité,2024-03-11,2024-03-22,11,Besoin de repos,pending,,,medium,True,32
d42685d9-fc65-4570-9a56-2a80a753f2c2,EMP59253,Pierre Martin,pharmacien_adjoint,maternité,2024-09-22,2024-09-28,6,Formation professionnelle,approved,approved,Couverture disponible,high,False,11
32fd9d82-4b58-4eb4-9e7e-308d415dbc6d,EMP76224,Jean Fabre,préparateur,événement_familial,2024-11-22,2024-11-25,3,Besoin de repos,approved,approved,Conflit avec autre absence,low,False,5
72656f54-cc79-40c1-b103-97f3a5610c98,EMP97807,Luc Poulain,stagiaire,RTT,2024-03-12,2024-03-22,10,Maladie,approved,refused,Conflit avec autre absence,high,False,38
1b4d975c-9677-41d0-92ec-fef0a7982704,EMP69124,Claire Renaud,pharmacien_adjoint,RTT,2024-09-26,2024-10-05,9,Formation professionnelle,approved,approved,Couverture disponible,medium,False,35
b7ce506c-2b03-4411-a324-97c4032e9846,EMP81029,Jacques Bernier,pharmacien_adjoint,formation,2024-12-17,2024-12-24,7,Formation professionnelle,approved,approved,Couverture disponible,medium,False,41
ddbe2b63-150f-4e4f-a968-6b17404216e0,EMP21924,Christine Morin,pharmacien_titulaire,événement_familial,2024-09-07,2024-09-18,11,Événement familial,approved,approved,Conflit avec autre absence,low,True,19
865761a4-f190-47da-b316-256d18ab57fa,EMP51329,Monique Dubois,employé_rayon,formation,2024-02-28,2024-03-13,14,Raison personnelle,refused,refused,Conflit avec autre absence,high,True,35
1c362f0d-d7ce-4268-a3e0-f3b0051466e4,EMP27518,Laurent Renaud,pharmacien_adjoint,maternité,2024-12-01,2024-12-12,11,Besoin de repos,approved,refused,Accord manager,medium,True,26
7851bc01-9964-420c-b3dc-0e7d061070e7,EMP33870,Luc Delorme,pharmacien_titulaire,maladie,2024-01-16,2024-01-19,3,Congé maladie,approved,approved,Couverture disponible,medium,True,48
a4ce7ab1-0c38-40c1-a2bf-b9b2e07bc306,EMP30092,Alain Blanc,pharmacien_titulaire,formation,2024-03-21,2024-04-05,15,Formation professionnelle,pending,,,high,False,39
50f09eaa-57c1-4619-b48f-b425b813df18,EMP78728,Alain Fournier,préparateur,maternité,2024-03-03,2024-03-18,15,Formation professionnelle,pending,,,low,False,40
554011fc-f9dd-4ec9-be7f-646d770b7aa7,EMP87177,Paul Michel,préparateur,maladie,2024-11-08,2024-11-13,5,Congé maladie,approved,refused,Raison médicale insuffisante,medium,False,5
d22ea19b-93f8-4c48-9d2b-03f4cde27cb5,EMP17191,Daniel Leclerc,pharmacien_adjoint,maternité,2024-08-01,2024-08-02,1,Maladie,approved,refused,Couverture disponible,medium,False,3
808a4c9e-948a-40e2-afd6-0800a6a3f5be,EMP37064,Sophie Delacroix,préparateur,congé_payé,2024-12-22,2024-12-28,6,Besoin de repos,pending,,,high,True,25
cf72c882-c7bd-4a83-82c7-5fc00a910a20,EMP12502,Christine Girard,préparateur,maternité,2024-01-11,2024-01-13,2,Formation professionnelle,pending,,,high,False,9
a3b2e1b0-2e35-461d-9e83-2775eb5b6026,EMP63795,Catherine Poirier,préparateur,formation,2024-09-05,2024-09-18,13,Maternité,approved,refused,Justificatif requis,low,True,20
9ee69f6b-b562-49ef-98e9-413709618552,EMP53103,Georges Laurent,employé_rayon,événement_familial,2024-09-14,2024-09-26,12,Raison personnelle,refused,approved,Justificatif requis,high,True,4
716554ab-b086-4850-8069-653eb80734f6,EMP63400,Marc Poirier,pharmacien_titulaire,maladie,2024-05-24,2024-06-07,14,Congé maladie,pending,,,high,True,37
45669915-7703-4ec6-91e3-09336d770e53,EMP40282,René Arnould,pharmacien_titulaire,RTT,2024-02-06,2024-02-13,7,Maladie,pending,,,medium,False,43
f73764c1-5140-432d-97fc-4a4adc99467f,EMP46402,Martine Bernard,employé_rayon,RTT,2024-05-05,2024-05-06,1,Besoin de repos,approved,refused,Conflit avec autre absence,low,True,37
7bb96bbf-1d56-4d2d-9e33-dc993f8ac3d6,EMP88991,Nathalie Renaud,pharmacien_titulaire,maternité,2024-04-05,2024-04-13,8,Événement familial,approved,refused,Justificatif requis,high,False,9
7ace9662-d947-40dd-aac5-cff7c8f0048b,EMP99282,Christine Leroy,employé_rayon,maladie,2024-03-08,2024-03-12,4,Congé maladie,approved,refused,Couverture disponible,low,True,44
e7b51050-e183-4973-bf9e-9900f0e9506c,EMP85890,Alain Girard,pharmacien_adjoint,événement_familial,2024-09-03,2024-09-10,7,Événement familial,refused,approved,Raison médicale insuffisante,low,True,17
da2581df-1cca-4b1a-be99-3329c18674c3,EMP93439,Valérie Benoit,employé_rayon,maladie,2024-09-05,2024-09-19,14,Congé maladie,approved,refused,Conflit avec autre absence,high,False,36
7b117bf2-4246-4564-9f09-1f7311c2e33f,EMP27278,Jacques Rousseau,pharmacien_adjoint,maternité,2024-03-03,2024-03-15,12,Maternité,pending,,,medium,True,12
8a1b5860-e85d-4c07-a79d-49e6ff15682d,EMP76442,Alain Simon,préparateur,maladie,2024-08-02,2024-08-08,6,Congé maladie,approved,refused,Accord manager,medium,False,25
835e8a91-a703-48af-a73e-ccd71ebc410b,EMP97804,Daniel Lefevre,préparateur,événement_familial,2024-01-21,2024-01-24,3,Maladie,approved,refused,Conflit avec autre absence,low,True,29
576b13d5-f7f2-4514-bce7-93ee8c980c6e,EMP27393,Joseph Chevalier,employé_rayon,formation,2024-12-18,2024-12-30,12,Maternité,pending,,,medium,True,14
58b08f49-b4b1-46ff-82e9-26c705fd5055,EMP70018,Pierre Rousseau,préparateur,maladie,2024-07-04,2024-07-16,12,Congé maladie,refused,refused,Raison médicale insuffisante,medium,False,41
b31f7269-d112-4d69-8cff-e463895062fc,EMP69465,Laurent Arnould,pharmacien_adjoint,événement_familial,2024-10-16,2024-10-22,6,Besoin de repos,pending,,,high,True,43
bfa3f0ee-3445-4912-b3c6-8da362ef22dd,EMP97171,Michèle Benoit,pharmacien_adjoint,maladie,2024-01-10,2024-01-25,15,Congé maladie,approved,refused,Justificatif requis,high,True,5
9d9bc4f9-c2db-4a80-a7a0-8ef45a8fba7b,EMP71342,Michèle Morin,stagiaire,maladie,2024-04-18,2024-05-03,15,Congé maladie,approved,approved,Couverture disponible,low,True,6
a6374510-2b85-46b4-abe0-6ad755eec88b,EMP19132,Anne Morin,pharmacien_titulaire,formation,2024-08-31,2024-09-10,10,Raison personnelle,approved,approved,Raison médicale insuffisante,low,False,43
0bb1a692-7afa-4107-a41c-cad9221850ae,EMP11722,Philippe Girard,préparateur,formation,2024-02-01,2024-02-06,5,Formation professionnelle,refused,refused,Accord manager,low,False,29
036b0eec-dc57-4c7b-8dc3-9ebb5e5f35da,EMP28475,Michel Rousseau,pharmacien_adjoint,congé_payé,2024-01-28,2024-02-10,13,Formation professionnelle,approved,refused,Couverture disponible,medium,True,42
f3fd9be4-e956-44ee-a9a1-c2fa997ab3ae,EMP57938,Paul Bernier,préparateur,événement_familial,2024-04-21,2024-05-05,14,Formation professionnelle,approved,refused,Conflit avec autre absence,low,True,16
c735f184-7db9-427f-81bf-3358f7260406,EMP86798,André Gaillard,préparateur,RTT,2024-09-18,2024-09-27,9,Maladie,approved,approved,Conflit avec autre absence,medium,False,25
f21669aa-44ee-48b0-b435-af9c25839769,EMP28475,Michel Rousseau,pharmacien_adjoint,formation,2024-05-30,2024-06-03,4,Besoin de repos,approved,approved,Raison médicale insuffisante,low,True,5
93b0fbd9-ced3-4cbb-8349-9b87f55b7e5a,EMP70715,Claire Michel,pharmacien_adjoint,maladie,2024-09-25,2024-10-02,7,Congé maladie,approved,refused,Raison médicale insuffisante,high,True,11
58442e79-11a2-44c9-b0c4-de526f777c6e,EMP68457,Christine Martin,stagiaire,maternité,2024-01-06,2024-01-09,3,Formation professionnelle,approved,approved,Couverture disponible,medium,False,41
de745fcc-0c10-4962-920b-c3d822b95abb,EMP46402,Martine Bernard,employé_rayon,événement_familial,2024-04-13,2024-04-25,12,Formation professionnelle,refused,refused,Conflit avec autre absence,high,False,37
c7999084-1499-43cc-81b0-e00a4248cc50,EMP90904,André Leclerc,préparateur,RTT,2024-08-07,2024-08-16,9,Raison personnelle,pending,,,low,False,43
98309459-c212-4f45-8cea-e01c5b9aee53,EMP44811,Florence Fabre,préparateur,RTT,2024-01-30,2024-02-14,15,Maladie,pending,,,high,False,36
eed72c6e-9f19-4758-b8f7-ab9d51bdf778,EMP68457,Christine Martin,stagiaire,maternité,2024-09-25,2024-10-08,13,Événement familial,approved,refused,Raison médicale insuffisante,low,True,9
c2ce61ea-a2e1-40d0-b7c3-6b52e19147f5,EMP67415,Thierry Laurent,pharmacien_titulaire,formation,2024-10-13,2024-10-28,15,Raison personnelle,pending,,,high,True,17
c6814fd3-182e-4eff-a5a0-25588a2d422c,EMP64556,Marie Delorme,pharmacien_adjoint,événement_familial,2024-10-19,2024-10-20,1,Formation professionnelle,refused,refused,Conflit avec autre absence,medium,False,30
fa334688-e790-4614-a96a-08a636943762,EMP66886,Thierry Renaud,pharmacien_titulaire,formation,2024-03-10,2024-03-18,8,Maladie,refused,refused,Conflit avec autre absence,low,False,31
ba059f12-d2a7-4fc4-af55-21f13a8fc12f,EMP93540,André Michel,préparateur,maladie,2024-09-05,2024-09-14,9,Congé maladie,pending,,,low,False,46
3c55800c-4830-4d65-9b62-1f0ce6548043,EMP40282,René Arnould,pharmacien_titulaire,RTT,2024-11-10,2024-11-16,6,Événement familial,pending,,,high,True,26
0a0e2ae1-2e90-4c40-a133-e456071edf7a,EMP80940,Marc Poirier,employé_rayon,maternité,2024-03-24,2024-04-08,15,Maternité,approved,approved,Accord manager,low,True,28
44181034-65f9-4300-84cc-6c1d3cc6bba2,EMP48344,André Bernard,pharmacien_adjoint,formation,2024-06-21,2024-06-23,2,Maternité,pending,,,high,False,6
13ccb6e2-acfb-41f4-96ef-675bc29f29c7,EMP22918,Catherine Delorme,pharmacien_adjoint,maladie,2024-03-06,2024-03-16,10,Congé maladie,approved,approved,Couverture disponible,low,True,39
654fe991-1b9d-4c44-bf30-c5b57b6d610b,EMP57775,Olivier Fabre,préparateur,RTT,2024-03-25,2024-03-26,1,Raison personnelle,approved,refused,Couverture disponible,low,False,5
6ffbc2ea-a9d1-4d70-bd31-e355a1e1447e,EMP27620,Jacques Blanc,pharmacien_titulaire,congé_payé,2024-07-15,2024-07-24,9,Raison personnelle,approved,refused,Conflit avec autre absence,high,True,17
4b319844-3a27-452a-ba05-bc67914e6e4f,EMP17619,Olivier Gérard,préparateur,congé_payé,2024-12-13,2024-12-16,3,Raison personnelle,approved,refused,Conflit avec autre absence,medium,False,32
ddbf07b7-ba22-4235-95cd-581038d647e1,EMP86970,Christiane Gaillard,pharmacien_titulaire,RTT,2024-03-25,2024-04-04,10,Maladie,approved,refused,Accord manager,medium,False,4
5403f75c-9786-4e14-a1b6-94021f819e3b,EMP52985,Martine Laurent,employé_rayon,maternité,2024-12-05,2024-12-20,15,Besoin de repos,pending,,,high,False,6
a86ea8fe-0035-4d9f-9139-bb46ce2185a4,EMP24026,Irène Fontaine,pharmacien_adjoint,maladie,2024-02-04,2024-02-17,13,Congé maladie,approved,refused,Conflit avec autre absence,high,True,19
c51704eb-2540-48c1-93ce-929c3c6c2907,EMP56558,Paul Chevalier,employé_rayon,RTT,2024-02-27,2024-03-09,11,Besoin de repos,approved,refused,Justificatif requis,high,False,17
b1148a16-d3ac-47e7-a630-c9d4eec9bdc8,EMP87724,Isabelle Simon,pharmacien_adjoint,maladie,2024-07-07,2024-07-20,13,Congé maladie,approved,refused,Couverture disponible,low,False,39
9eabceaa-3ee2-4d89-9638-362130f8495d,EMP89395,Irène Poulain,préparateur,formation,2024-03-29,2024-04-01,3,Raison personnelle,pending,,,low,True,13
920fed3a-eeb1-4747-88e7-71bb0ad5187d,EMP29117,André Roux,préparateur,formation,2024-12-05,2024-12-08,3,Maternité,approved,refused,Accord manager,high,True,20
0b87bccd-94d5-4ebf-aaf1-e037c6751d3d,EMP65433,Claire Arnould,pharmacien_adjoint,RTT,2024-04-19,2024-04-22,3,Événement familial,refused,approved,Accord manager,high,False,10
fc64a6fb-bac8-4610-b61f-59b73b14b609,EMP48344,André Bernard,pharmacien_adjoint,événement_familial,2024-04-26,2024-04-29,3,Raison personnelle,approved,approved,Raison médicale insuffisante,high,False,45
07154691-950b-4ef2-bf80-f7c4a2663fe0,EMP63795,Catherine Poirier,préparateur,RTT,2024-07-05,2024-07-16,11,Événement familial,refused,refused,Couverture disponible,medium,True,44
db47bbc3-85df-4c90-925d-3f1748ecbafe,EMP35306,Pierre Poirier,préparateur,congé_payé,2024-12-22,2024-12-26,4,Formation professionnelle,refused,refused,Accord manager,high,True,7
ac47e6f9-470e-42e3-aedd-3b0ab89ce3f2,EMP91836,Olivier Chevalier,employé_rayon,RTT,2024-07-24,2024-07-30,6,Maternité,approved,refused,Raison médicale insuffisante,low,False,40
6af5753f-c068-4c20-b051-3686596b7822,EMP77144,Michel Bernier,employé_rayon,maternité,2024-12-03,2024-12-04,1,Maladie,pending,,,low,False,19
c3967c58-1850-40f3-af60-aef0e9bf278e,EMP27620,Jacques Blanc,pharmacien_titulaire,congé_payé,2024-02-11,2024-02-18,7,Maternité,refused,approved,Couverture disponible,low,True,29
2cc21ba8-d7a8-43e1-8c11-e83740577b8a,EMP80959,Stéphanie Fontaine,préparateur,maladie,2024-05-20,2024-06-03,14,Congé maladie,pending,,,medium,False,47
96d4cee4-e10b-4a74-9bd6-dfb6f69032e6,EMP67544,Marc Benoit,préparateur,formation,2024-05-20,2024-06-02,13,Maladie,approved,refused,Justificatif requis,high,False,22
90284ee8-2ad1-42ef-b468-c047cbb48b80,EMP83393,Danielle Laurent,pharmacien_titulaire,maladie,2024-08-13,2024-08-15,2,Congé maladie,approved,refused,Accord manager,low,False,29
8cecabb4-cbff-4ee9-b4f8-f1b20437a987,EMP89129,Thérèse Michel,pharmacien_adjoint,événement_familial,2024-08-07,2024-08-09,2,Besoin de repos,approved,refused,Conflit avec autre absence,medium,False,36
cb48516b-bfc5-4978-afa7-cd13674f2a4a,EMP42421,Isabelle Bernard,pharmacien_adjoint,RTT,2024-07-14,2024-07-22,8,Formation professionnelle,approved,approved,Raison médicale insuffisante,medium,False,25
394e2327-5ded-47ff-af23-8d5572fa3228,EMP66886,Thierry Renaud,pharmacien_titulaire,événement_familial,2024-03-31,2024-04-08,8,Formation professionnelle,refused,approved,Accord manager,medium,True,36
a294b9be-bdc2-424c-9b9c-b97c15d33b81,EMP33394,Philippe Lefevre,préparateur,formation,2024-10-25,2024-11-02,8,Événement familial,refused,approved,Couverture disponible,low,True,19
4c260c15-59a7-4271-846d-4bdb39162b24,EMP10272,Sophie Michel,pharmacien_adjoint,événement_familial,2024-08-11,2024-08-17,6,Maladie,pending,,,low,False,40
3f25c317-9f7c-4c2f-be54-2aebab165b30,EMP85782,Daniel Leroy,préparateur,RTT,2024-01-27,2024-02-07,11,Besoin de repos,approved,refused,Couverture disponible,low,False,19
cff06b74-5aa8-42c2-8bf8-fdc6cd53b9b3,EMP21286,Bernard Morin,stagiaire,événement_familial,2024-05-20,2024-06-04,15,Événement familial,pending,,,low,True,17
ee03fd4e-6b8e-4e7e-91d9-00c8e16a46b4,EMP72417,Cécile Leclerc,préparateur,événement_familial,2024-08-15,2024-08-28,13,Maladie,refused,refused,Accord manager,medium,True,10
41ce2783-2887-4ab9-912e-8963b76c32e8,EMP61350,Michèle Benoit,pharmacien_titulaire,RTT,2024-03-31,2024-04-15,15,Raison personnelle,approved,approved,Accord manager,low,True,35
79dcea43-8d98-4921-86fc-362d8b4b3a97,EMP41655,Christiane Bernier,employé_rayon,événement_familial,2024-05-04,2024-05-08,4,Formation professionnelle,approved,refused,Accord manager,low,True,25
fa64d716-0f48-4488-9f71-c3f0542233eb,EMP87140,René Girard,stagiaire,formation,2024-07-19,2024-08-01,13,Maladie,approved,approved,Raison médicale insuffisante,low,False,15
b01349fa-358f-4ce8-af23-cf78530845f9,EMP22918,Catherine Delorme,pharmacien_adjoint,congé_payé,2024-02-29,2024-03-08,8,Formation professionnelle,pending,,,medium,False,18
53bb0898-8c1a-4090-beee-5f1936f202d1,EMP22656,Michel Fournier,employé_rayon,maternité,2024-01-05,2024-01-11,6,Maladie,approved,refused,Accord manager,low,False,39
62410344-ddd4-4f09-88a2-f24398598c15,EMP39307,Sylvie Renaud,stagiaire,maternité,2024-11-08,2024-11-19,11,Maternité,approved,approved,Raison médicale insuffisante,low,True,11
6e7a39e3-7904-40ca-a630-ab030a4ca6ef,EMP18030,Catherine Arnould,préparateur,maternité,2024-11-25,2024-12-06,11,Maladie,approved,refused,Justificatif requis,medium,True,27
df2bcfa5-3562-4b13-8644-2ab6d27d135b,EMP39284,Alain Bernier,pharmacien_titulaire,maladie,2024-01-22,2024-02-01,10,Congé maladie,refused,refused,Conflit avec autre absence,medium,False,41
c53c47df-1c0c-45af-883f-4eb51c98887e,EMP89004,René Roux,préparateur,formation,2024-11-20,2024-11-26,6,Maternité,pending,,,high,True,37
9a45f527-79e9-4a51-8a02-455dae9d5c97,EMP77144,Michel Bernier,employé_rayon,RTT,2024-01-15,2024-01-29,14,Maladie,approved,refused,Justificatif requis,low,False,21
6ef126ee-4a7d-49ff-9ca9-d8de7cce3bf4,EMP42072,André Fabre,employé_rayon,événement_familial,2024-10-07,2024-10-08,1,Raison personnelle,pending,,,medium,True,38
a7b8e17e-50ee-40aa-a11d-0098e92b87c2,EMP90317,Georges Fabre,stagiaire,événement_familial,2024-12-05,2024-12-15,10,Besoin de repos,approved,approved,Conflit avec autre absence,medium,False,26
70946c63-0653-4566-b60b-283ae2960eca,EMP46402,Martine Bernard,employé_rayon,congé_payé,2024-01-11,2024-01-23,12,Besoin de repos,approved,approved,Justificatif requis,high,True,4
468f9108-cc40-4591-bf93-b11c49aa4923,EMP25587,Michèle Martin,pharmacien_titulaire,événement_familial,2024-02-17,2024-02-23,6,Maternité,approved,approved,Couverture disponible,low,True,4
b93b4d6e-4293-4431-8e51-7c7aabd5767e,EMP75210,Sophie Roux,employé_rayon,événement_familial,2024-07-21,2024-07-29,8,Maladie,approved,refused,Justificatif requis,low,True,24
7ba27fdb-5d7b-44b7-b49c-582175a4ab33,EMP27518,Laurent Renaud,pharmacien_adjoint,formation,2024-06-06,2024-06-15,9,Besoin de repos,approved,approved,Conflit avec autre absence,medium,True,14
a38966e0-6bda-4baf-b0ce-2aab031aa2eb,EMP57938,Paul Bernier,préparateur,RTT,2024-04-11,2024-04-12,1,Événement familial,pending,,,high,False,4
dc2b8b19-b9e1-4121-a5c1-e351508d1850,EMP47053,Thierry Fontaine,employé_rayon,maternité,2024-12-05,2024-12-17,12,Besoin de repos,approved,refused,Raison médicale insuffisante,medium,False,31
ad5aaa06-1b7d-42d6-a8bd-c7a5279f2197,EMP26857,Pierre Renaud,pharmacien_titulaire,RTT,2024-02-29,2024-03-01,1,Maladie,approved,refused,Accord manager,low,False,41
1752f754-5e02-4d76-82fe-56ae5415b413,EMP68832,Catherine Girard,stagiaire,maladie,2024-12-02,2024-12-17,15,Congé maladie,pending,,,medium,False,23
94a67dd2-8b59-446e-ae6b-a148fbe14061,EMP95454,Jacques Lefevre,préparateur,maladie,2024-11-05,2024-11-15,10,Congé maladie,approved,approved,Conflit avec autre absence,low,True,34
79fc775c-217f-4f25-9a83-fcc5cdff726d,EMP96830,Jean Roux,pharmacien_titulaire,RTT,2024-10-16,2024-10-24,8,Raison personnelle,refused,refused,Justificatif requis,medium,True,8
c157ff96-c9a5-4619-a398-ae479b3446bf,EMP80940,Marc Poirier,employé_rayon,congé_payé,2024-12-19,2024-12-23,4,Formation professionnelle,approved,approved,Raison médicale insuffisante,high,False,2
163d2a57-e827-44c7-9d10-e0a86bbc31eb,EMP32743,Valérie Fontaine,stagiaire,maternité,2024-02-10,2024-02-12,2,Besoin de repos,approved,refused,Accord manager,medium,False,19
89ba4a61-a9b4-4b3e-8753-634bc3a10453,EMP96221,Cécile Fabre,préparateur,RTT,2024-04-26,2024-05-11,15,Formation professionnelle,approved,refused,Conflit avec autre absence,high,False,41
092dd1be-88bf-4fa1-a880-8794683a00ee,EMP46301,Pierre Poirier,employé_rayon,événement_familial,2024-09-01,2024-09-04,3,Maternité,refused,refused,Accord manager,low,False,9
d1fc127b-4b3e-4bcb-9467-e0f47c71543e,EMP40282,René Arnould,pharmacien_titulaire,événement_familial,2024-02-07,2024-02-19,12,Événement familial,approved,approved,Raison médicale insuffisante,low,True,42
1909e763-c0be-4e09-b309-dd86f990a969,EMP62367,Anne Michel,pharmacien_adjoint,événement_familial,2024-08-11,2024-08-19,8,Maternité,approved,approved,Couverture disponible,high,True,24
d51c8d9b-b8f6-4e33-8b86-b43f21835d40,EMP87724,Isabelle Simon,pharmacien_adjoint,maladie,2024-12-16,2024-12-28,12,Congé maladie,refused,refused,Accord manager,high,False,43
c81c9aa7-f903-42f6-80dc-23135296ed32,EMP61898,Jacques Gérard,préparateur,maternité,2024-12-24,2024-12-29,5,Événement familial,approved,approved,Conflit avec autre absence,medium,True,5
2a29ddd7-9887-48c6-8e94-f317147a299e,EMP18133,Jean-Paul Blanc,stagiaire,formation,2024-05-09,2024-05-12,3,Besoin de repos,refused,refused,Justificatif requis,high,False,43
084aba48-692d-42bc-8c32-dfbe1e8f5992,EMP70071,Sophie Bernard,préparateur,maternité,2024-04-06,2024-04-10,4,Formation professionnelle,approved,refused,Raison médicale insuffisante,low,True,7
49fb8902-d2a2-4f01-9cd3-ff3ec13c8f55,EMP17619,Olivier Gérard,préparateur,événement_familial,2024-11-06,2024-11-12,6,Formation professionnelle,pending,,,medium,True,22
b3c64b9d-f3df-4e82-aa51-c2ce5a99dbdb,EMP93016,Daniel Blanc,pharmacien_titulaire,maladie,2024-12-25,2024-12-28,3,Congé maladie,refused,refused,Couverture disponible,high,True,36
57c5e59f-7d62-49b3-8c75-ca6589942d48,EMP67700,Marc Moreau,pharmacien_titulaire,événement_familial,2024-07-24,2024-07-26,2,Événement familial,approved,refused,Raison médicale insuffisante,medium,True,42
4d4a50e5-2920-473d-bd18-513b866a16fd,EMP89175,Jacques Andre,employé_rayon,maternité,2024-03-24,2024-04-05,12,Formation professionnelle,refused,approved,Accord manager,high,True,34
9cd49d4d-b60d-4284-96bd-82cde67dc499,EMP66285,Joseph Fontaine,pharmacien_adjoint,maladie,2024-08-08,2024-08-11,3,Congé maladie,refused,approved,Justificatif requis,high,False,8
836b414c-0b3c-409e-93e1-4e9291ffb8d3,EMP59767,Pascale Delorme,pharmacien_adjoint,maternité,2024-04-20,2024-04-22,2,Besoin de repos,approved,approved,Conflit avec autre absence,high,True,47
02848f8a-3d61-4692-802c-3d6cc68435ca,EMP86798,André Gaillard,préparateur,formation,2024-11-01,2024-11-11,10,Maternité,pending,,,high,True,32
8dd463ba-8474-40f1-a784-dbf1a5085c11,EMP89511,Georges Rousseau,pharmacien_adjoint,maternité,2024-08-06,2024-08-13,7,Besoin de repos,approved,refused,Raison médicale insuffisante,low,False,36
eec99d2d-1543-4886-9eac-c09ca0cdd2b2,EMP78485,Michèle Rousseau,pharmacien_adjoint,événement_familial,2024-04-16,2024-04-29,13,Formation professionnelle,approved,refused,Couverture disponible,high,False,40
580c0b5e-a575-46db-9ec3-f1facb58f6ee,EMP85709,René Chevalier,pharmacien_adjoint,RTT,2024-11-04,2024-11-06,2,Formation professionnelle,approved,refused,Justificatif requis,low,False,43
ce8156da-a1c7-4bde-88ea-27c3681e316d,EMP56955,Daniel Arnould,pharmacien_adjoint,RTT,2024-03-02,2024-03-15,13,Besoin de repos,approved,refused,Couverture disponible,high,False,41
8e402099-1949-437c-90b2-7ed5db490987,EMP80842,Thérèse Girard,pharmacien_titulaire,événement_familial,2024-10-22,2024-10-29,7,Formation professionnelle,approved,refused,Accord manager,high,True,4
50b2e828-cab1-4c66-8170-73050bd190f2,EMP54855,Jean Gaillard,préparateur,RTT,2024-06-02,2024-06-07,5,Maladie,approved,approved,Raison médicale insuffisante,low,False,37
1c1e5e1b-208a-4f81-b8a2-9ba43ae09518,EMP57995,Martine Lefevre,pharmacien_titulaire,congé_payé,2024-01-07,2024-01-14,7,Maternité,approved,refused,Couverture disponible,medium,False,23
c2823eda-46f4-4334-af5f-f54a2025dd46,EMP54776,Jean Bernier,préparateur,formation,2024-02-24,2024-03-07,12,Formation professionnelle,pending,,,high,False,6
f8a9046d-9e20-469a-a4e2-a8260fc6a5af,EMP61716,Philippe Renaud,pharmacien_titulaire,maternité,2024-03-17,2024-03-29,12,Formation professionnelle,approved,refused,Accord manager,medium,True,22
4c2cce81-b575-41a7-ae5b-3ce29a096630,EMP84621,Alain Delorme,préparateur,événement_familial,2024-02-05,2024-02-18,13,Maladie,approved,approved,Accord manager,high,False,10
0f79ce23-d40a-4f60-a342-009611e7e4d3,EMP35003,Danielle Martin,préparateur,événement_familial,2024-08-01,2024-08-11,10,Maladie,refused,refused,Accord manager,low,False,8
f58e8eac-e91d-4627-bd01-a45ca4ce7a51,EMP71769,Nathalie Delorme,pharmacien_adjoint,RTT,2024-11-15,2024-11-30,15,Raison personnelle,pending,,,medium,True,46
835ef01c-2c2a-4022-898e-d48c7c6440a8,EMP59368,Christiane Gaillard,pharmacien_adjoint,formation,2024-05-18,2024-05-22,4,Événement familial,refused,approved,Raison médicale insuffisante,low,True,33
6bb61631-b7f5-46ed-aa8e-0aa8103ce92f,EMP72160,Irène Bernard,pharmacien_titulaire,événement_familial,2024-01-30,2024-02-01,2,Besoin de repos,approved,refused,Justificatif requis,medium,False,18
6975e3c7-fe52-450e-b776-2aaa71cef197,EMP27393,Joseph Chevalier,employé_rayon,événement_familial,2024-04-21,2024-04-27,6,Raison personnelle,approved,refused,Accord manager,medium,False,32
b4b80507-8599-4f98-ac8c-6b7a66a64856,EMP84211,Danielle Bernier,préparateur,maladie,2024-04-14,2024-04-25,11,Congé maladie,approved,refused,Couverture disponible,low,False,25
6b5fa23b-006d-4728-848b-8661fb03d88c,EMP37747,Sylvie Delacroix,pharmacien_adjoint,formation,2024-04-22,2024-05-04,12,Événement familial,approved,refused,Raison médicale insuffisante,medium,True,19
23fcbefd-152a-4f1c-b57a-a7508304a5a6,EMP52279,Monique Simon,préparateur,maternité,2024-02-16,2024-03-02,15,Maladie,approved,refused,Couverture disponible,medium,False,25
76bd9b9a-20dc-4542-97e2-1d9b99514a62,EMP81329,Georges Chevalier,employé_rayon,maternité,2024-09-24,2024-09-30,6,Maternité,approved,refused,Couverture disponible,high,True,3
c9b6840d-b7c5-4ff0-a4c1-23acb1700130,EMP25177,Danielle Moreau,employé_rayon,congé_payé,2024-07-06,2024-07-10,4,Raison personnelle,pending,,,high,True,24
5e302bb3-4ddb-4d4f-b3b0-daa1a87fc37b,EMP26804,Christiane Dupont,pharmacien_titulaire,maladie,2024-01-09,2024-01-16,7,Congé maladie,approved,approved,Accord manager,medium,True,31
8dda86cf-e401-490f-9591-3ad845da6738,EMP41092,Valérie Benoit,pharmacien_titulaire,événement_familial,2024-09-15,2024-09-18,3,Maladie,refused,approved,Accord manager,medium,True,28
b64e38ae-22e4-48f6-ae6f-5b54b38e9b09,EMP50997,Marc Blanc,pharmacien_adjoint,congé_payé,2024-02-21,2024-02-27,6,Maternité,pending,,,low,True,20
b6ee5d38-7f41-48b2-9997-1f5c3875f5d7,EMP24604,Danielle Fournier,pharmacien_adjoint,maternité,2024-08-05,2024-08-15,10,Maladie,approved,refused,Accord manager,high,False,47
9344f5fc-0b31-4a17-903d-26ea75efd5cd,EMP34081,Isabelle Bernier,pharmacien_titulaire,maternité,2024-05-10,2024-05-23,13,Raison personnelle,approved,approved,Raison médicale insuffisante,low,False,28
58421dab-94ac-47a7-bb0e-2c13f5b58861,EMP62720,Michel Lefevre,préparateur,maladie,2024-02-04,2024-02-06,2,Congé maladie,refused,refused,Accord manager,high,True,4
90474f1b-bcba-4343-a147-70b2f9a59d5d,EMP22656,Michel Fournier,employé_rayon,maladie,2024-04-16,2024-04-21,5,Congé maladie,approved,refused,Accord manager,medium,False,19
acf79318-88fc-4188-8456-1d42c4eca157,EMP49470,Valérie Maillard,préparateur,maternité,2024-09-06,2024-09-16,10,Besoin de repos,pending,,,high,True,1
43b86eec-4c8f-4c24-928b-6745f0b1e81b,EMP55435,Daniel Morin,employé_rayon,maladie,2024-03-01,2024-03-14,13,Congé maladie,approved,refused,Couverture disponible,low,False,37
b02a1789-1ab9-4a94-a509-f84129790582,EMP12256,Olivier Arnould,préparateur,congé_payé,2024-07-17,2024-07-19,2,Maternité,approved,refused,Raison médicale insuffisante,high,True,3
4fb1cba4-6b61-4595-855e-1b142e3e6985,EMP13797,Christiane Fontaine,pharmacien_titulaire,événement_familial,2024-01-16,2024-01-17,1,Événement familial,approved,refused,Accord manager,high,True,28
3378117b-05b8-432a-8011-ae7096631acf,EMP98051,Anne Renaud,pharmacien_adjoint,événement_familial,2024-05-19,2024-05-31,12,Maternité,approved,approved,Raison médicale insuffisante,low,True,13
be4c888b-e791-4ad8-a9e6-6a41c6262fb4,EMP72417,Cécile Leclerc,préparateur,RTT,2024-03-03,2024-03-18,15,Besoin de repos,approved,approved,Raison médicale insuffisante,low,True,37
0175ca44-b8ba-45cc-b75a-dad1e9b4498f,EMP35644,Marc Bernier,pharmacien_adjoint,congé_payé,2024-07-25,2024-07-30,5,Maternité,approved,approved,Justificatif requis,low,False,5
48146e45-5470-48c8-8881-d325db261794,EMP93439,Valérie Benoit,employé_rayon,formation,2024-10-07,2024-10-13,6,Événement familial,pending,,,low,False,26
26393169-d73e-42de-8831-8fc288e3cc1d,EMP60681,Florence Benoit,préparateur,maternité,2024-08-30,2024-09-07,8,Besoin de repos,pending,,,medium,True,26
83a10b44-3610-498c-b860-a5b681179f2c,EMP96221,Cécile Fabre,préparateur,RTT,2024-02-10,2024-02-22,12,Maternité,pending,,,medium,False,47
0bb7b9e5-d6fe-457a-a1bd-b047aeb436a4,EMP33562,Georges Poirier,employé_rayon,événement_familial,2024-10-10,2024-10-11,1,Événement familial,approved,approved,Raison médicale insuffisante,medium,True,3
d13d965c-02e8-4978-bad4-851c3be27ad3,EMP22649,Luc Leroy,employé_rayon,maternité,2024-01-15,2024-01-28,13,Raison personnelle,pending,,,high,False,15
4e955246-ede8-4edc-b730-b6bb96414dbe,EMP37747,Sylvie Delacroix,pharmacien_adjoint,RTT,2024-01-18,2024-01-28,10,Maladie,pending,,,medium,True,48
3cc37ac8-ec0b-4eb4-827e-15cc58fe34ec,EMP10078,Pascale Gérard,employé_rayon,événement_familial,2024-03-02,2024-03-06,4,Raison personnelle,pending,,,low,True,27
68caa769-fc58-4ded-a353-acada529f5da,EMP84066,Thérèse Chevalier,pharmacien_adjoint,formation,2024-03-08,2024-03-21,13,Maternité,refused,approved,Accord manager,low,True,11
e9f9b53e-81fb-4ca8-a228-e3e61a8d7b2b,EMP52916,Martine Gérard,préparateur,maternité,2024-08-31,2024-09-07,7,Événement familial,approved,approved,Accord manager,medium,True,19
4afccfe0-f411-4467-9b95-03e778ec3016,EMP56747,Christian Leroy,employé_rayon,événement_familial,2024-05-30,2024-06-02,3,Formation professionnelle,approved,refused,Justificatif requis,medium,True,8
8c3cc587-02ed-4aab-baf6-1a2c67349e7c,EMP33913,Marie Benoit,employé_rayon,maladie,2024-12-09,2024-12-17,8,Congé maladie,approved,refused,Raison médicale insuffisante,low,False,43
2efde9b2-d329-4b55-be4f-b82cf755505b,EMP73014,Philippe Michel,pharmacien_titulaire,congé_payé,2024-04-27,2024-05-02,5,Raison personnelle,approved,refused,Couverture disponible,low,False,48
4bfe2b9f-70f9-48ec-b448-c21c68134cf7,EMP92167,Sophie Fournier,stagiaire,congé_payé,2024-07-25,2024-07-31,6,Besoin de repos,approved,approved,Raison médicale insuffisante,medium,False,16
6b1c2e2a-6c92-468a-adda-5f3decd98bbb,EMP62744,Philippe Fontaine,employé_rayon,événement_familial,2024-08-27,2024-08-30,3,Maladie,pending,,,medium,True,20
1cfa6448-d75c-4e8f-9861-4a727333c09a,EMP67762,Isabelle Fabre,employé_rayon,formation,2024-11-02,2024-11-14,12,Maladie,pending,,,high,False,32
42a0b2d9-7135-4580-875c-fa18b30e3443,EMP27620,Jacques Blanc,pharmacien_titulaire,RTT,2024-05-26,2024-06-04,9,Maladie,refused,refused,Couverture disponible,high,False,26
ccda89a8-a2be-4059-b569-3f676c8b97d5,EMP74002,Sophie Dubois,préparateur,événement_familial,2024-06-23,2024-06-25,2,Maternité,approved,approved,Accord manager,medium,True,4
779f5362-03ea-43f2-85c6-70d3e4e282eb,EMP91377,Daniel Laurent,pharmacien_adjoint,congé_payé,2024-10-05,2024-10-16,11,Maladie,approved,approved,Justificatif requis,low,False,45
302f05fc-3d2d-409e-993b-734a4083c1a4,EMP82178,Laurent Dupont,préparateur,maternité,2024-05-10,2024-05-12,2,Besoin de repos,approved,refused,Conflit avec autre absence,medium,True,12
50e21718-37f4-4a19-9471-7ec8973eba5c,EMP10139,Jacques Blanc,préparateur,maternité,2024-08-16,2024-08-22,6,Formation professionnelle,approved,refused,Couverture disponible,medium,False,18
af9b47a1-23ea-4c54-807c-4e13561be8d3,EMP74025,Laurent Roux,employé_rayon,congé_payé,2024-12-27,2025-01-07,11,Maternité,approved,approved,Conflit avec autre absence,medium,False,47
0fe11636-288b-4aa5-b100-76a264c1e61d,EMP79692,Christian Delorme,pharmacien_adjoint,formation,2024-03-07,2024-03-11,4,Maladie,approved,approved,Justificatif requis,medium,False,2
407e1b64-304f-4abd-baee-95e2298c3243,EMP75237,Jacques Fabre,préparateur,maladie,2024-10-31,2024-11-07,7,Congé maladie,pending,,,low,True,22
a2065c7f-2c91-4e06-ab9a-c7b137a96fbe,EMP30829,Jacques Bernard,préparateur,RTT,2024-04-22,2024-04-25,3,Raison personnelle,approved,approved,Conflit avec autre absence,high,False,42
324686cd-db27-45a5-94f6-29715dcb2872,EMP61727,Monique Roux,pharmacien_adjoint,maternité,2024-09-02,2024-09-16,14,Besoin de repos,approved,refused,Conflit avec autre absence,low,False,48
8a84945b-4fea-4a07-ae6f-acfb90aea82f,EMP30635,Marc Martin,pharmacien_titulaire,maternité,2024-07-24,2024-08-04,11,Raison personnelle,pending,,,medium,False,10
b7e551ba-0d39-47e9-b093-50a9ce932f6c,EMP55780,Marie Gaillard,pharmacien_adjoint,RTT,2024-01-11,2024-01-13,2,Raison personnelle,approved,approved,Couverture disponible,low,False,19
ce96fa6f-c165-4dbb-b867-d9a61cb1aded,EMP67059,Christiane Martin,préparateur,RTT,2024-08-08,2024-08-13,5,Besoin de repos,approved,approved,Couverture disponible,high,False,28
697cc01d-3d8c-4c1d-8e02-b9a159526379,EMP41092,Valérie Benoit,pharmacien_titulaire,congé_payé,2024-11-16,2024-11-29,13,Raison personnelle,pending,,,high,False,4
40ab1784-da2e-4003-9ce9-24408aac47f4,EMP29117,André Roux,préparateur,maladie,2024-10-26,2024-11-08,13,Congé maladie,approved,refused,Accord manager,medium,False,26
0cc0f9ef-4741-48c2-b3d5-6b4c91cbea4d,EMP33477,Valérie Poirier,préparateur,maternité,2024-04-03,2024-04-10,7,Événement familial,approved,approved,Accord manager,high,True,16
9b4b4002-03c3-43da-b12b-34f9cafde815,EMP63052,Bernard Gaillard,préparateur,formation,2024-03-01,2024-03-08,7,Événement familial,approved,approved,Conflit avec autre absence,medium,False,47
32864049-3e98-435f-be2f-7653b6ac8683,EMP13230,Christian Fournier,préparateur,RTT,2024-11-17,2024-12-01,14,Besoin de repos,approved,refused,Accord manager,high,False,18
cf646d94-7fd7-4ecd-8046-7ebb6e1c6d17,EMP80460,Christian Michel,pharmacien_adjoint,maladie,2024-12-18,2024-12-29,11,Congé maladie,approved,refused,Conflit avec autre absence,medium,True,11
167275de-a282-4428-90b5-994d9254f772,EMP13230,Christian Fournier,préparateur,événement_familial,2024-12-15,2024-12-30,15,Maladie,approved,approved,Conflit avec autre absence,high,False,25
41a52836-c429-4649-b87f-4d97b6fd038b,EMP79678,Catherine Moreau,pharmacien_adjoint,formation,2024-08-06,2024-08-19,13,Maladie,pending,,,medium,True,8
7bbcf6b5-00f8-4c09-b8e4-6b4f85cbc424,EMP67155,Marie Chevalier,employé_rayon,événement_familial,2024-04-05,2024-04-06,1,Maladie,approved,refused,Couverture disponible,medium,False,10
760bcd8a-5d5b-405f-9c67-3667df6b5c27,EMP52059,Danielle Leclerc,pharmacien_adjoint,congé_payé,2024-01-08,2024-01-16,8,Formation professionnelle,approved,approved,Conflit avec autre absence,high,True,29
a8996d1e-4950-449c-9d6f-919ce8b99e1c,EMP88485,Christine Gaillard,employé_rayon,formation,2024-02-23,2024-03-03,9,Formation professionnelle,approved,refused,Justificatif requis,high,False,5
7fd29d66-7dad-4699-a2b1-afa3faa04909,EMP95514,Jean Bernard,préparateur,formation,2024-04-29,2024-04-30,1,Formation professionnelle,pending,,,medium,False,23
0056944f-c16b-4415-984e-b0013e1f533f,EMP45961,Laurent Girard,préparateur,RTT,2024-01-07,2024-01-13,6,Besoin de repos,pending,,,low,True,19
76c10fed-7ac9-487a-88c1-e4261278ff3e,EMP67059,Christiane Martin,préparateur,congé_payé,2024-11-05,2024-11-07,2,Événement familial,pending,,,medium,False,4
2df59ded-1988-415b-84e5-de5fca83f3f5,EMP84521,Cécile Leclerc,préparateur,événement_familial,2024-01-31,2024-02-12,12,Besoin de repos,approved,refused,Conflit avec autre absence,medium,False,14
17e54121-39df-4318-b0c5-bc56e5bfe5ee,EMP44274,Philippe Morin,employé_rayon,formation,2024-03-05,2024-03-12,7,Maternité,pending,,,low,False,30
08b6853a-e954-4eb7-9fbd-5880049f2317,EMP68350,Jacques Leroy,employé_rayon,événement_familial,2024-11-24,2024-11-26,2,Formation professionnelle,approved,approved,Conflit avec autre absence,high,True,41
b669e276-c6b1-4c0b-8fca-a2dbf46b70ce,EMP66285,Joseph Fontaine,pharmacien_adjoint,formation,2024-07-10,2024-07-18,8,Maternité,pending,,,medium,False,34
e6005fae-e0ea-4497-93aa-986af037fa6e,EMP38443,Christian Rousseau,préparateur,RTT,2024-10-04,2024-10-14,10,Événement familial,approved,approved,Justificatif requis,low,True,24
b5434aef-ba5f-4df6-b787-95013a0278bd,EMP77314,Danielle Blanc,pharmacien_titulaire,maternité,2024-01-21,2024-01-25,4,Besoin de repos,refused,approved,Justificatif requis,medium,False,23
57e46ff3-f525-4837-8ca5-ff7426fdc06c,EMP51138,Joseph Blanc,préparateur,congé_payé,2024-09-14,2024-09-19,5,Raison personnelle,approved,refused,Justificatif requis,low,False,21
a0affcfa-1e32-4063-b71b-153d11c9fc56,EMP11393,Laurent Bernard,pharmacien_titulaire,maladie,2024-07-05,2024-07-12,7,Congé maladie,pending,,,low,False,35
7d477b08-c9bb-4b25-ad1f-18f1aa04527e,EMP73014,Philippe Michel,pharmacien_titulaire,formation,2024-04-13,2024-04-20,7,Formation professionnelle,pending,,,medium,False,29
e7edcfc8-8f0b-4c9f-8249-841eca97786e,EMP62383,Jacques Girard,employé_rayon,événement_familial,2024-03-05,2024-03-10,5,Besoin de repos,pending,,,low,False,23
6433df73-732f-49be-a8b2-f37b298ff253,EMP16526,Michel Dubois,préparateur,congé_payé,2024-09-27,2024-10-12,15,Maternité,approved,refused,Raison médicale insuffisante,low,True,14
def3634c-b03e-43c1-9c88-ce6198f4dab4,EMP25587,Michèle Martin,pharmacien_titulaire,maternité,2024-09-05,2024-09-10,5,Besoin de repos,approved,refused,Justificatif requis,medium,False,4
5bc0179d-7940-4322-a981-dde1d58c33af,EMP57938,Paul Bernier,préparateur,RTT,2024-09-07,2024-09-12,5,Besoin de repos,approved,refused,Raison médicale insuffisante,medium,False,11
fbef8142-36b4-4e65-b1b7-c1dbcd463753,EMP11894,Paul Dubois,préparateur,congé_payé,2024-08-28,2024-09-02,5,Formation professionnelle,pending,,,medium,False,24
481dd244-0602-4e26-9962-0b920530de10,EMP91623,Joseph Andre,pharmacien_titulaire,formation,2024-09-01,2024-09-07,6,Événement familial,refused,approved,Couverture disponible,medium,True,32
2a5c1815-ded5-4600-aab5-3ac0b9354746,EMP10390,Isabelle Fontaine,préparateur,congé_payé,2024-10-18,2024-10-26,8,Besoin de repos,pending,,,high,True,36
d6a8447f-339e-4000-ba35-17ef3dfd9236,EMP88485,Christine Gaillard,employé_rayon,formation,2024-03-22,2024-04-02,11,Maladie,approved,approved,Justificatif requis,low,True,45
13a0a145-d198-4169-8bd9-be89614c6040,EMP92426,Luc Fournier,préparateur,maternité,2024-07-08,2024-07-20,12,Formation professionnelle,approved,approved,Conflit avec autre absence,high,False,11
1b4e143a-b84d-4045-a007-cc37504bfa4e,EMP22918,Catherine Delorme,pharmacien_adjoint,événement_familial,2024-08-07,2024-08-12,5,Besoin de repos,approved,approved,Justificatif requis,low,True,5
f3ab03bb-943f-49ea-abb0-eca2d1c897b8,EMP78728,Alain Fournier,préparateur,maladie,2024-12-11,2024-12-23,12,Congé maladie,refused,refused,Accord manager,high,True,40
180be283-39f4-4775-b62d-f132c5f82fea,EMP29927,Alain Maillard,employé_rayon,RTT,2024-07-05,2024-07-15,10,Besoin de repos,approved,approved,Couverture disponible,high,True,37
be6fce1a-3ff0-4d3d-8906-dde13ceffb8e,EMP84523,Paul Bernard,préparateur,congé_payé,2024-09-18,2024-09-21,3,Maternité,approved,refused,Justificatif requis,low,False,38
c05400ec-bffc-4bf7-873d-6f94981bf940,EMP14872,Jean Fabre,préparateur,formation,2024-03-15,2024-03-16,1,Raison personnelle,approved,approved,Justificatif requis,low,False,25
b1c57818-63dc-4763-b587-ebec0e3fe6b4,EMP70018,Pierre Rousseau,préparateur,congé_payé,2024-11-23,2024-12-01,8,Besoin de repos,approved,refused,Accord manager,medium,True,39
1678425c-be7e-4269-8d55-2068d00a1c34,EMP71342,Michèle Morin,stagiaire,maternité,2024-11-06,2024-11-07,1,Événement familial,approved,refused,Raison médicale insuffisante,low,False,30
ac91493c-6ddc-4261-87c5-c4eead534d04,EMP45961,Laurent Girard,préparateur,événement_familial,2024-02-25,2024-02-26,1,Formation professionnelle,refused,refused,Conflit avec autre absence,high,True,14
a1bc557a-b81c-4621-936e-38319b454738,EMP54857,Alain Leroy,pharmacien_adjoint,RTT,2024-01-14,2024-01-22,8,Événement familial,approved,refused,Accord manager,medium,False,21
8b745cc0-df38-480c-acfc-9ec7eb71b3f5,EMP85782,Daniel Leroy,préparateur,RTT,2024-08-16,2024-08-28,12,Raison personnelle,approved,approved,Accord manager,high,False,12
1bed0bbc-aab6-415c-8601-99484a45c158,EMP30635,Marc Martin,pharmacien_titulaire,événement_familial,2024-10-24,2024-11-07,14,Besoin de repos,approved,refused,Raison médicale insuffisante,high,False,33
6ea8bde1-7fb1-4cd3-ac01-849b8ceea8ed,EMP86947,Stéphanie Fournier,employé_rayon,maladie,2024-09-21,2024-09-28,7,Congé maladie,refused,approved,Conflit avec autre absence,high,True,48
03ca44c5-da30-4be0-880c-dde098384818,EMP96830,Jean Roux,pharmacien_titulaire,formation,2024-12-03,2024-12-13,10,Formation professionnelle,pending,,,low,False,12
6e3316f2-e614-489a-b4bb-9e6f425dfd99,EMP10883,Valérie Gérard,préparateur,maternité,2024-09-14,2024-09-19,5,Maladie,approved,refused,Accord manager,medium,True,43
df383349-f3b8-4fac-893c-87d729f39302,EMP25177,Danielle Moreau,employé_rayon,congé_payé,2024-03-26,2024-04-01,6,Besoin de repos,pending,,,high,False,13
b82c7003-6ab7-47bd-8ac3-adbd77ae951e,EMP69324,Valérie Gaillard,préparateur,RTT,2024-06-27,2024-07-06,9,Maternité,approved,refused,Justificatif requis,medium,False,43
6a84faac-7f1e-4b7b-839e-40056b29ff20,EMP44811,Florence Fabre,préparateur,congé_payé,2024-01-04,2024-01-18,14,Événement familial,approved,approved,Raison médicale insuffisante,low,False,5
ccc07edb-c0af-4c58-8d8d-a5091d34b25f,EMP84188,Thierry Fabre,pharmacien_adjoint,RTT,2024-11-26,2024-12-11,15,Besoin de repos,pending,,,medium,False,33
bdafc7ff-43e3-4710-8a2f-d5bc3ba4e267,EMP32397,Jean Rousseau,employé_rayon,maternité,2024-04-09,2024-04-13,4,Besoin de repos,pending,,,high,True,9
7f4fdc75-c917-45fd-b13a-8f53384db19a,EMP39607,Nathalie Leroy,préparateur,RTT,2024-09-29,2024-09-30,1,Maladie,approved,refused,Accord manager,medium,False,25
db9fdd3a-b3a1-448c-9903-c99af2b7c296,EMP87958,Marie Gaillard,pharmacien_adjoint,congé_payé,2024-03-12,2024-03-17,5,Événement familial,pending,,,high,False,46
c7262e22-992e-45f7-aafd-b7552963c291,EMP46402,Martine Bernard,employé_rayon,congé_payé,2024-05-10,2024-05-16,6,Maternité,pending,,,low,False,21
cb3fddaf-f03c-425c-a73c-310d19372545,EMP77805,Michel Rousseau,employé_rayon,événement_familial,2024-07-04,2024-07-17,13,Raison personnelle,pending,,,low,False,19
69c4eadf-f023-431a-8b27-a838243c3317,EMP52819,Joseph Girard,pharmacien_titulaire,formation,2024-01-04,2024-01-15,11,Maladie,approved,refused,Accord manager,low,False,31
1436ecb6-ef91-4b7e-9247-7040b9dfc25e,EMP45752,Luc Rousseau,employé_rayon,congé_payé,2024-12-01,2024-12-04,3,Événement familial,pending,,,low,True,31
0695932f-b73c-4c29-8102-9ee6cec484bc,EMP27231,Jacques Leclerc,préparateur,RTT,2024-03-14,2024-03-28,14,Besoin de repos,pending,,,low,False,43
8a1b3f3f-9411-4652-82a5-718ef09d6046,EMP35115,Cécile Roux,employé_rayon,RTT,2024-09-19,2024-09-21,2,Raison personnelle,approved,refused,Raison médicale insuffisante,medium,True,4
47cd1635-aeb5-4719-903f-c802f0730ec0,EMP57150,Catherine Martin,pharmacien_adjoint,congé_payé,2024-04-29,2024-05-01,2,Maladie,pending,,,low,False,46
514823ef-6c69-4f42-81cd-ace98a65985a,EMP44811,Florence Fabre,préparateur,formation,2024-07-31,2024-08-03,3,Formation professionnelle,approved,approved,Raison médicale insuffisante,medium,False,39
719d1d7c-b94e-49cb-a736-2365bc83d9ec,EMP57775,Olivier Fabre,préparateur,événement_familial,2024-07-21,2024-07-25,4,Maladie,approved,approved,Raison médicale insuffisante,low,True,40
3def6d33-a444-4953-851e-bca6263f5421,EMP84523,Paul Bernard,préparateur,maternité,2024-08-16,2024-08-28,12,Maternité,pending,,,medium,False,9
a50d7186-828a-44b0-95a0-4f385e4782b9,EMP62493,Alain Bernier,pharmacien_titulaire,formation,2024-12-02,2024-12-06,4,Maternité,refused,approved,Raison médicale insuffisante,medium,False,18
ffc82bb7-3cc1-4547-b2bd-8298169324fb,EMP58872,Christiane Simon,stagiaire,RTT,2024-03-09,2024-03-10,1,Maladie,approved,refused,Raison médicale insuffisante,medium,True,47
3f0ac2af-c14a-46d6-863c-50360dbbffec,EMP21530,Florence Benoit,employé_rayon,maladie,2024-05-09,2024-05-23,14,Congé maladie,pending,,,medium,False,34
ee49157e-97f9-4f1c-884d-7063513820bf,EMP58872,Christiane Simon,stagiaire,maternité,2024-02-17,2024-02-19,2,Maternité,approved,refused,Accord manager,medium,True,20
8701e199-aa38-4c0a-99da-d0273231bc50,EMP97804,Daniel Lefevre,préparateur,formation,2024-05-06,2024-05-09,3,Besoin de repos,approved,refused,Couverture disponible,high,False,7
3a067631-079a-4d16-b86b-7a9e946aab9b,EMP97595,Danielle Benoit,employé_rayon,maternité,2024-02-16,2024-02-18,2,Formation professionnelle,pending,,,low,False,7
a067fe60-d118-4f41-a9e0-248149a8fabd,EMP57584,Jacques Benoit,employé_rayon,maladie,2024-12-31,2025-01-05,5,Congé maladie,approved,refused,Accord manager,medium,False,40
a96cc468-60b7-430c-99a7-6e2ec8c59978,EMP79049,Paul Gérard,pharmacien_adjoint,maternité,2024-05-18,2024-05-20,2,Maternité,pending,,,high,True,7
d2034b65-f5de-422c-a33f-e74efe0cff76,EMP98895,Florence Poulain,pharmacien_titulaire,maladie,2024-07-08,2024-07-10,2,Congé maladie,refused,approved,Justificatif requis,medium,True,6
9a08e5bd-4ac0-4bc0-9e42-7473e36d3d32,EMP13230,Christian Fournier,préparateur,maternité,2024-07-14,2024-07-29,15,Raison personnelle,approved,approved,Conflit avec autre absence,high,True,27
805dc970-47b3-44c4-a360-bf5b39f6661a,EMP48246,Laurent Lefevre,pharmacien_adjoint,maladie,2024-01-18,2024-01-25,7,Congé maladie,pending,,,high,False,26
5bf14fe3-8919-409c-997b-171dd93fde54,EMP79678,Catherine Moreau,pharmacien_adjoint,événement_familial,2024-10-11,2024-10-13,2,Raison personnelle,pending,,,medium,False,33
218e7e98-c97f-4535-9aca-07310fbf2f96,EMP71300,Valérie Laurent,préparateur,maternité,2024-02-11,2024-02-15,4,Formation professionnelle,refused,approved,Raison médicale insuffisante,high,True,27
9401fc30-46a5-4fee-9d38-2796456a843d,EMP50997,Marc Blanc,pharmacien_adjoint,formation,2024-03-28,2024-04-12,15,Besoin de repos,approved,approved,Justificatif requis,medium,False,8
591a3750-6044-4400-9adb-f57c381de908,EMP44360,Michel Girard,employé_rayon,formation,2024-09-01,2024-09-15,14,Maladie,approved,refused,Conflit avec autre absence,high,True,3
917f82ba-0d1e-439a-bc74-b6bd9f886709,EMP31068,Christian Martin,employé_rayon,événement_familial,2024-07-30,2024-08-11,12,Événement familial,approved,approved,Raison médicale insuffisante,high,False,22
e1d6e9a2-273b-428a-86dc-d2b9853bab94,EMP20067,Florence Rousseau,pharmacien_titulaire,maladie,2024-11-04,2024-11-18,14,Congé maladie,refused,refused,Justificatif requis,low,True,19
bbd5ae4f-a40f-4b05-9d71-9c474048e928,EMP22280,Pierre Delacroix,employé_rayon,formation,2024-09-26,2024-10-07,11,Raison personnelle,approved,refused,Justificatif requis,high,True,9
3c6ebc29-d2e9-4b36-a8a3-c4c3dc36f1c0,EMP91836,Olivier Chevalier,employé_rayon,maternité,2024-08-08,2024-08-18,10,Formation professionnelle,pending,,,medium,True,8
ef593f79-594b-4368-be24-4a3491b5a142,EMP42072,André Fabre,employé_rayon,maternité,2024-12-21,2024-12-29,8,Maternité,pending,,,high,False,39
2a2fe74b-c07a-4b1f-bd34-887d47b15afd,EMP24604,Danielle Fournier,pharmacien_adjoint,formation,2024-05-24,2024-05-30,6,Maternité,approved,refused,Conflit avec autre absence,high,False,5
2408ce51-373a-48fd-a5fe-da89691b9756,EMP50680,Danielle Leroy,stagiaire,formation,2024-08-01,2024-08-03,2,Maternité,approved,refused,Accord manager,low,False,38
fdb8f14e-f029-41af-87ea-fca2e18bb228,EMP84997,Florence Chevalier,employé_rayon,RTT,2024-01-18,2024-01-24,6,Formation professionnelle,approved,refused,Justificatif requis,low,True,45
95099590-498d-4e50-bfc3-90c389b2ebd7,EMP71936,Joseph Poirier,pharmacien_adjoint,formation,2024-05-17,2024-05-29,12,Événement familial,approved,approved,Couverture disponible,medium,True,12
bef666da-2354-41d0-a27f-29c2747750a4,EMP37671,Françoise Girard,préparateur,RTT,2024-11-10,2024-11-18,8,Formation professionnelle,approved,approved,Accord manager,medium,True,5
87afbc51-225e-4b75-a68a-a3b2ac012c00,EMP10390,Isabelle Fontaine,préparateur,maladie,2024-09-16,2024-09-24,8,Congé maladie,pending,,,low,False,16
23dbbac2-cca1-4970-b2e1-2cd0d30177fc,EMP11894,Paul Dubois,préparateur,formation,2024-07-19,2024-07-20,1,Formation professionnelle,approved,approved,Accord manager,high,True,36
22c7f7c1-3e52-47d1-bd3f-31bd5ba72397,EMP51521,Luc Delacroix,employé_rayon,maladie,2024-06-04,2024-06-16,12,Congé maladie,approved,approved,Accord manager,medium,False,48
8e9deed7-be85-4447-a307-89986891847d,EMP84997,Florence Chevalier,employé_rayon,RTT,2024-02-21,2024-03-06,14,Besoin de repos,approved,refused,Accord manager,medium,False,5
2096de7c-2230-4900-941d-afed11190fa4,EMP60478,René Delorme,pharmacien_adjoint,événement_familial,2024-12-13,2024-12-27,14,Maladie,pending,,,high,False,44
23c828c3-b070-4bed-8583-cf39c952989f,EMP96712,Michèle Delorme,stagiaire,congé_payé,2024-09-22,2024-09-24,2,Formation professionnelle,pending,,,medium,False,10
a71efe61-9567-4e7b-a466-c57dfe514909,EMP16526,Michel Dubois,préparateur,maladie,2024-09-09,2024-09-21,12,Congé maladie,approved,approved,Accord manager,medium,False,20
8bb63e0b-4cc7-499e-b163-48ccdb2c5aff,EMP23586,Philippe Blanc,pharmacien_adjoint,événement_familial,2024-12-02,2024-12-11,9,Maternité,pending,,,low,True,8
eba43d91-288b-41d7-9b13-65d3f41063f3,EMP66259,Alain Dubois,préparateur,maladie,2024-08-22,2024-08-27,5,Congé maladie,approved,approved,Conflit avec autre absence,low,False,30
13351a31-8f70-4af6-8364-eff44b58c8a0,EMP76442,Alain Simon,préparateur,formation,2024-12-19,2025-01-02,14,Maternité,refused,approved,Conflit avec autre absence,medium,False,16
3b2f1b56-ab26-428d-b1fd-55fb97f22670,EMP29117,André Roux,préparateur,événement_familial,2024-05-23,2024-06-03,11,Maternité,approved,refused,Justificatif requis,high,False,18
c10b6f73-7182-4803-97fe-b3ae07647c72,EMP21002,Irène Fabre,préparateur,maladie,2024-05-08,2024-05-11,3,Congé maladie,pending,,,medium,False,25
83b27167-daa0-44b6-8ac3-84ac6a3f87ed,EMP70071,Sophie Bernard,préparateur,congé_payé,2024-03-01,2024-03-09,8,Maternité,pending,,,high,False,14
35cbfefe-7935-4c6a-b361-eed5cce5dd13,EMP47547,Jacques Dubois,pharmacien_titulaire,formation,2024-12-31,2025-01-02,2,Maladie,approved,approved,Couverture disponible,medium,True,34
255c9717-a135-4b74-a076-8b1d138fed79,EMP57584,Jacques Benoit,employé_rayon,congé_payé,2024-09-26,2024-10-06,10,Besoin de repos,approved,refused,Conflit avec autre absence,low,False,5
bfcaf57e-0599-4734-b927-0421de5f0646,EMP40125,Sophie Dubois,pharmacien_adjoint,maladie,2024-05-29,2024-06-08,10,Congé maladie,refused,approved,Raison médicale insuffisante,low,False,22
198f005e-9626-4baf-9381-c25b231dabeb,EMP19622,Laurent Chevalier,pharmacien_adjoint,maladie,2024-03-13,2024-03-26,13,Congé maladie,pending,,,low,True,29
61a703dc-ec7b-47c1-b491-e84aa2d632c2,EMP61716,Philippe Renaud,pharmacien_titulaire,formation,2024-01-01,2024-01-04,3,Événement familial,approved,approved,Accord manager,high,True,2
472b5fc4-c9da-466c-ba6b-68fd392917f4,EMP84997,Florence Chevalier,employé_rayon,maladie,2024-02-05,2024-02-15,10,Congé maladie,pending,,,medium,False,15
21ae6aaa-c2bc-4418-9f6a-b211ec44f0d4,EMP60879,Valérie Renaud,préparateur,maternité,2024-06-06,2024-06-18,12,Maladie,approved,refused,Accord manager,high,True,12
95083b2d-91f6-4955-a8c5-00bcfa75bb75,EMP56955,Daniel Arnould,pharmacien_adjoint,congé_payé,2024-09-17,2024-09-26,9,Formation professionnelle,pending,,,high,True,32
71cfba28-ee06-4869-9ba0-e94a07d80527,EMP67059,Christiane Martin,préparateur,maladie,2024-06-17,2024-06-24,7,Congé maladie,refused,refused,Accord manager,medium,True,36
ebe2991b-eb9e-4889-99c7-f70954ef3d82,EMP59230,Michel Renaud,préparateur,maternité,2024-02-05,2024-02-19,14,Événement familial,pending,,,high,False,41
9928b727-c343-45f3-808a-e72f3e925bfe,EMP32743,Valérie Fontaine,stagiaire,congé_payé,2024-04-29,2024-05-08,9,Maternité,approved,refused,Justificatif requis,medium,False,14
bfdc215f-8a2b-428b-8a5e-04aac6dad95e,EMP10482,Thérèse Fournier,préparateur,maternité,2024-05-23,2024-05-30,7,Besoin de repos,refused,refused,Couverture disponible,medium,True,17
1a84d66a-6f61-437d-b772-5b872f7092c4,EMP60879,Valérie Renaud,préparateur,RTT,2024-08-18,2024-08-25,7,Maladie,refused,approved,Accord manager,medium,True,8
4c39d28e-2925-4101-a87b-4ba0e51c4f51,EMP25809,Marie Girard,pharmacien_adjoint,formation,2024-11-02,2024-11-10,8,Maladie,approved,refused,Raison médicale insuffisante,medium,False,47
bfaa9177-769a-44f1-b3e6-bda6d830161b,EMP52985,Martine Laurent,employé_rayon,maternité,2024-07-03,2024-07-17,14,Besoin de repos,approved,refused,Couverture disponible,high,False,48
6ea58850-194d-48cf-a34d-38a3efc1e405,EMP76545,Florence Poirier,pharmacien_adjoint,maternité,2024-12-11,2024-12-12,1,Besoin de repos,approved,approved,Justificatif requis,high,False,42
f6d8284f-2e69-4d99-b4df-c455b9e3a142,EMP91377,Daniel Laurent,pharmacien_adjoint,RTT,2024-04-25,2024-05-09,14,Formation professionnelle,approved,approved,Accord manager,low,False,5
fca43d28-bf94-4224-af0a-dd77617b606f,EMP86225,Michel Renaud,préparateur,RTT,2024-11-11,2024-11-13,2,Besoin de repos,approved,refused,Raison médicale insuffisante,high,True,13
41e8b29e-ef52-4434-8142-6a87e3304219,EMP62367,Anne Michel,pharmacien_adjoint,maternité,2024-05-18,2024-05-19,1,Formation professionnelle,pending,,,high,False,44
c4b972c5-5e6d-426c-b41d-b368397a1be0,EMP98895,Florence Poulain,pharmacien_titulaire,événement_familial,2024-07-23,2024-07-25,2,Maternité,approved,refused,Couverture disponible,medium,False,14
d18b0889-01b4-4100-a44c-72012428c9bd,EMP12256,Olivier Arnould,préparateur,RTT,2024-10-11,2024-10-24,13,Maladie,approved,approved,Accord manager,low,True,14
91849e42-46b5-4181-9a5c-896d699e2f2b,EMP57228,Michel Blanc,préparateur,RTT,2024-05-16,2024-05-17,1,Raison personnelle,approved,approved,Accord manager,low,True,39
57074849-b3cf-45b0-8a92-38ccef306d5c,EMP55937,Florence Gérard,pharmacien_titulaire,RTT,2024-11-03,2024-11-06,3,Raison personnelle,approved,refused,Justificatif requis,high,False,6
6fabfa81-8839-4fc5-b7cd-b88311e5ea56,EMP59230,Michel Renaud,préparateur,événement_familial,2024-08-15,2024-08-25,10,Événement familial,approved,approved,Conflit avec autre absence,medium,True,3
9c6c6236-42e5-4462-9d65-3b2712898cce,EMP87140,René Girard,stagiaire,maladie,2024-10-26,2024-11-06,11,Congé maladie,pending,,,high,True,8
ad4ce0f3-9f30-4f24-a60b-d2d3d4073139,EMP92211,Irène Maillard,pharmacien_adjoint,maternité,2024-09-13,2024-09-18,5,Raison personnelle,refused,approved,Couverture disponible,low,False,37
d74221fd-7a56-4dc8-ac95-19d9b80a48a5,EMP70504,Sylvie Gaillard,préparateur,événement_familial,2024-02-03,2024-02-18,15,Maternité,pending,,,medium,False,40
e7210723-fced-4cfc-888d-b9ec5299e5ae,EMP30635,Marc Martin,pharmacien_titulaire,congé_payé,2024-05-01,2024-05-05,4,Raison personnelle,approved,approved,Couverture disponible,high,True,43
acc752af-12c7-487c-b9e5-315b6c28bcce,EMP19801,Jean Moreau,préparateur,maladie,2024-03-06,2024-03-09,3,Congé maladie,approved,approved,Couverture disponible,low,True,21
4e09733d-f4e0-475b-ac87-a8e18fdc3b29,EMP40128,Bernard Poirier,préparateur,événement_familial,2024-10-15,2024-10-18,3,Maternité,pending,,,high,True,37
4e2f8d11-031c-4aee-a9c8-c5c5834810d0,EMP16128,Pascale Roux,préparateur,maladie,2024-08-29,2024-09-09,11,Congé maladie,pending,,,low,False,46
d45be4de-70ca-49e3-974b-3c7cc1608e7b,EMP52059,Danielle Leclerc,pharmacien_adjoint,maladie,2024-09-26,2024-10-07,11,Congé maladie,approved,refused,Couverture disponible,low,True,21
d4f71691-f6c2-4648-8f51-db99027ac79d,EMP79828,Thérèse Roux,pharmacien_adjoint,RTT,2024-07-06,2024-07-07,1,Maladie,approved,approved,Accord manager,high,True,10
6933c4b1-b3b0-4d35-a09c-8b07c7923fec,EMP16087,André Benoit,employé_rayon,maladie,2024-03-10,2024-03-19,9,Congé maladie,approved,approved,Couverture disponible,medium,True,1
6253aaf6-d528-4a37-bce0-99d6e2d3c479,EMP13704,Nathalie Martin,pharmacien_adjoint,formation,2024-02-08,2024-02-09,1,Maternité,refused,refused,Accord manager,high,False,18
22c97899-a7e6-4978-9aab-e9f70a1db42b,EMP86763,Françoise Rousseau,pharmacien_adjoint,RTT,2024-05-14,2024-05-28,14,Formation professionnelle,approved,approved,Accord manager,medium,False,47
317e1954-5a0a-44e3-bead-8e2d2f98353e,EMP89032,Philippe Leroy,préparateur,congé_payé,2024-02-14,2024-02-22,8,Formation professionnelle,refused,refused,Accord manager,medium,True,30
13b4031a-b904-4323-9e20-ce5c83bee729,EMP31016,Florence Gérard,pharmacien_titulaire,maternité,2024-11-11,2024-11-17,6,Maternité,approved,refused,Couverture disponible,medium,False,29
1d371b0d-2ef1-4620-aa5f-6b239437c1c4,EMP39270,Sophie Dubois,pharmacien_titulaire,maladie,2024-01-17,2024-01-28,11,Congé maladie,approved,refused,Conflit avec autre absence,medium,True,9
4d08ef17-05d6-4758-8762-c34e4002914e,EMP47051,Marie Roux,employé_rayon,RTT,2024-04-11,2024-04-16,5,Besoin de repos,pending,,,low,True,6
a468ebff-0ca3-4901-acb2-9da2621e00ef,EMP67753,Marc Bernard,pharmacien_adjoint,événement_familial,2024-06-25,2024-07-03,8,Raison personnelle,pending,,,high,False,39
c10c8646-6bb0-4901-816d-82c997ed81a6,EMP71300,Valérie Laurent,préparateur,maladie,2024-12-20,2024-12-22,2,Congé maladie,approved,approved,Accord manager,low,True,31
f63e27f4-d6b1-4c0c-b65f-6d63236e83a5,EMP45733,Marie Fournier,pharmacien_adjoint,événement_familial,2024-08-01,2024-08-12,11,Raison personnelle,approved,refused,Justificatif requis,medium,True,9
c9f54b95-9bdc-4fd3-bac2-7be9c49c81d1,EMP14872,Jean Fabre,préparateur,maladie,2024-09-16,2024-09-23,7,Congé maladie,pending,,,low,False,5
cb729f07-a97f-456f-a3c9-fdf91a8bee7f,EMP86225,Michel Renaud,préparateur,formation,2024-09-09,2024-09-11,2,Besoin de repos,approved,refused,Accord manager,high,True,21
0b2b4493-941f-4138-a5c1-d6582b512c90,EMP39914,Françoise Fontaine,pharmacien_adjoint,RTT,2024-04-22,2024-04-23,1,Formation professionnelle,refused,approved,Conflit avec autre absence,low,False,24
e45880b8-f285-47b0-9c3e-a1d3c0503c13,EMP84523,Paul Bernard,préparateur,événement_familial,2024-02-07,2024-02-13,6,Maladie,pending,,,low,True,20
f1503a50-e679-4b3e-adb3-03039ffef6e7,EMP43236,Sophie Bernier,pharmacien_titulaire,maternité,2024-08-17,2024-08-30,13,Besoin de repos,refused,refused,Conflit avec autre absence,low,True,15
4655d8b4-c2d2-46fd-98a7-739684c0196d,EMP27278,Jacques Rousseau,pharmacien_adjoint,maternité,2024-05-20,2024-05-22,2,Maladie,approved,approved,Couverture disponible,low,True,8
06e081c1-9c70-494f-90ba-31f347c5f20f,EMP51138,Joseph Blanc,préparateur,événement_familial,2024-01-17,2024-01-24,7,Maladie,approved,approved,Accord manager,low,True,11
a8315cb7-de73-4e1b-9196-7e947b50b3e5,EMP67155,Marie Chevalier,employé_rayon,événement_familial,2024-06-23,2024-07-07,14,Raison personnelle,approved,refused,Conflit avec autre absence,high,True,40
bce92edf-a54c-421a-aada-d11957b8ab1c,EMP28419,Paul Arnould,employé_rayon,RTT,2024-06-18,2024-07-03,15,Maladie,pending,,,low,False,40
d037267d-79f0-4dc8-bba2-981fe9d2229a,EMP25809,Marie Girard,pharmacien_adjoint,RTT,2024-07-27,2024-08-05,9,Formation professionnelle,approved,approved,Couverture disponible,low,False,34
a027fb67-66e3-4a86-875f-7c739aad56f6,EMP98495,Joseph Gaillard,pharmacien_titulaire,événement_familial,2024-05-22,2024-05-27,5,Maladie,approved,refused,Couverture disponible,medium,False,27
93d7d3fa-dcfc-40a3-b8ef-d43db3c4a8ec,EMP50680,Danielle Leroy,stagiaire,congé_payé,2024-04-04,2024-04-13,9,Événement familial,approved,approved,Raison médicale insuffisante,low,False,16
fb6e07a1-c974-47a0-9d73-470ec8a7d4be,EMP70071,Sophie Bernard,préparateur,événement_familial,2024-03-16,2024-03-18,2,Maternité,approved,approved,Raison médicale insuffisante,low,False,3
87c195d8-da41-43c1-b67a-1e0ebceb1ff8,EMP80201,Christian Girard,pharmacien_titulaire,formation,2024-07-07,2024-07-18,11,Raison personnelle,refused,refused,Justificatif requis,medium,False,32
a275f993-155a-43a9-a2e5-afcff6312cd3,EMP45460,Luc Andre,pharmacien_adjoint,congé_payé,2024-03-24,2024-04-07,14,Formation professionnelle,pending,,,medium,False,23
6a2cb1e6-66ea-45e6-b2c5-ca45d4706695,EMP99593,Paul Bernier,pharmacien_adjoint,congé_payé,2024-12-29,2025-01-04,6,Raison personnelle,approved,approved,Accord manager,low,False,13
1b2478e9-b452-4de2-807f-bf4bcc0c198d,EMP71839,Isabelle Arnould,employé_rayon,événement_familial,2024-06-16,2024-06-17,1,Événement familial,pending,,,high,True,37
1dfe0903-ddfa-4e0b-92c5-dd0b6bb5bfe6,EMP87177,Paul Michel,préparateur,maladie,2024-12-06,2024-12-11,5,Congé maladie,pending,,,high,False,29
312ffe29-ee13-44db-b7ca-b74cb8c983d3,EMP59518,Olivier Gaillard,préparateur,RTT,2024-08-07,2024-08-22,15,Maternité,approved,refused,Accord manager,low,True,4
be3f2628-a7b1-4190-a45c-1c7eb75fd353,EMP56558,Paul Chevalier,employé_rayon,maternité,2024-02-04,2024-02-15,11,Formation professionnelle,approved,approved,Justificatif requis,medium,True,6
f24108bc-62c8-460a-b6b6-f6f071c10e10,EMP42072,André Fabre,employé_rayon,RTT,2024-02-05,2024-02-14,9,Maladie,approved,refused,Couverture disponible,low,True,40
36c62dc1-2e8c-487f-a729-5c6d4f32c9be,EMP96830,Jean Roux,pharmacien_titulaire,congé_payé,2024-09-12,2024-09-27,15,Maternité,approved,refused,Raison médicale insuffisante,high,True,17
b0ab7c84-cfbe-4b0a-9b9b-a033d6b8e79b,EMP96830,Jean Roux,pharmacien_titulaire,formation,2024-01-07,2024-01-16,9,Maladie,refused,approved,Accord manager,medium,True,40
60bb5a8a-7de8-4bb6-9e1a-d4e6c2f04873,EMP29546,Anne Moreau,préparateur,formation,2024-03-19,2024-04-03,15,Maladie,pending,,,high,False,28
62f6e671-7ca0-47e0-bd59-28850f516f44,EMP11474,Alain Laurent,préparateur,RTT,2024-11-30,2024-12-14,14,Formation professionnelle,refused,approved,Raison médicale insuffisante,medium,True,47
0c7d21e9-4d85-4c10-b040-ff03073c0e63,EMP33913,Marie Benoit,employé_rayon,maternité,2024-05-04,2024-05-09,5,Maladie,approved,approved,Raison médicale insuffisante,low,False,8
45ebd18f-d086-4e03-8a9c-2f509f4b8151,EMP20908,Pierre Bernier,préparateur,formation,2024-12-24,2024-12-29,5,Raison personnelle,approved,refused,Accord manager,low,False,46
77e57058-6255-4fb9-b8b4-e4ccf24d46bf,EMP42121,Sophie Dubois,employé_rayon,RTT,2024-06-19,2024-06-23,4,Besoin de repos,approved,approved,Couverture disponible,low,True,12
050320c1-3850-4c81-945b-e7a92e5f5ac2,EMP23520,Nathalie Bernard,stagiaire,événement_familial,2024-07-16,2024-07-29,13,Événement familial,approved,refused,Couverture disponible,low,False,46
74d0a816-7ac8-4747-b65f-91bc8ab669ac,EMP41092,Valérie Benoit,pharmacien_titulaire,RTT,2024-11-27,2024-12-07,10,Événement familial,approved,approved,Justificatif requis,high,False,6
7cf396c7-40ae-409d-8990-2e0eadf1bc8c,EMP50143,Christian Benoit,préparateur,formation,2024-02-28,2024-03-01,2,Événement familial,pending,,,high,True,31
85c6a0ae-7db0-4bbc-a847-0f81fae0da14,EMP94820,Joseph Dupont,pharmacien_adjoint,événement_familial,2024-09-21,2024-10-05,14,Formation professionnelle,approved,refused,Justificatif requis,high,True,30
aedb682c-56d3-4766-9d04-e8bc2fa03e3c,EMP39246,Michel Moreau,pharmacien_titulaire,formation,2024-12-29,2025-01-11,13,Maternité,approved,approved,Couverture disponible,medium,True,34
31b398f6-b536-450c-92e2-44cd0de6e9fb,EMP95375,Danielle Leroy,stagiaire,congé_payé,2024-05-25,2024-06-05,11,Événement familial,pending,,,medium,True,31
5d2b3655-7519-4de9-a97a-b9638df3bffc,EMP10159,Nathalie Fournier,préparateur,maternité,2024-04-26,2024-04-29,3,Maternité,refused,refused,Justificatif requis,high,False,32
e4c4da46-ab77-41aa-8078-8f3268e7b22b,EMP89623,Nathalie Bernard,préparateur,maladie,2024-10-24,2024-11-08,15,Congé maladie,approved,approved,Raison médicale insuffisante,high,False,22
fa4c37be-6805-40a2-b43d-fcef9e4b5645,EMP54843,Daniel Blanc,préparateur,maternité,2024-06-20,2024-06-28,8,Besoin de repos,approved,approved,Justificatif requis,high,True,9
cffeac46-d73e-4598-86d3-530d9c6fee8b,EMP98552,Michèle Bernier,pharmacien_adjoint,RTT,2024-06-22,2024-07-03,11,Formation professionnelle,approved,refused,Justificatif requis,low,False,14
b72fa45b-1ba5-4dc8-97aa-40cd15b2ce0f,EMP52750,Marie Poirier,employé_rayon,événement_familial,2024-10-28,2024-10-30,2,Maternité,approved,approved,Conflit avec autre absence,high,False,25
c02cfbc4-dfba-4733-b547-5fe4d328f7ec,EMP95514,Jean Bernard,préparateur,formation,2024-02-20,2024-02-28,8,Maternité,approved,refused,Raison médicale insuffisante,low,False,23
608c7b4c-ebf3-442e-9673-8fe9c05b78f0,EMP95747,Bernard Gaillard,pharmacien_titulaire,formation,2024-04-29,2024-05-07,8,Maternité,refused,approved,Accord manager,medium,True,27
2bacb515-71ab-4476-a3d8-defd8536a788,EMP99282,Christine Leroy,employé_rayon,formation,2024-10-22,2024-11-05,14,Maternité,approved,refused,Accord manager,high,True,3
a7d48338-513f-4ae1-8fc4-c66c5d1b052f,EMP48514,Catherine Blanc,préparateur,maternité,2024-05-27,2024-06-06,10,Événement familial,approved,approved,Raison médicale insuffisante,low,False,32
722cade2-06f9-4ab0-99e3-2fd30cc1a9d2,EMP67544,Marc Benoit,préparateur,congé_payé,2024-01-28,2024-02-09,12,Maternité,approved,approved,Accord manager,low,True,46
5b7ad83b-bdbc-4425-a346-eccbfbbdbd4c,EMP94339,Michel Poulain,préparateur,maladie,2024-03-10,2024-03-22,12,Congé maladie,approved,approved,Justificatif requis,medium,False,20
e781326d-e1a5-4fa0-8c10-307717e20e71,EMP54365,Valérie Girard,préparateur,maternité,2024-07-24,2024-08-07,14,Formation professionnelle,refused,approved,Accord manager,high,False,41
369c4622-455d-4837-ad10-9ec83e3f596b,EMP33477,Valérie Poirier,préparateur,maternité,2024-07-02,2024-07-16,14,Maternité,refused,refused,Couverture disponible,high,False,42
b9ae7bd3-fef1-45ab-98e6-507ed4e4b1e1,EMP19801,Jean Moreau,préparateur,maternité,2024-03-13,2024-03-24,11,Maternité,approved,approved,Couverture disponible,high,True,13
91b92f22-49cc-4e6f-84af-b8e9137140f5,EMP79971,Laurent Poirier,pharmacien_adjoint,maladie,2024-01-23,2024-02-01,9,Congé maladie,approved,approved,Justificatif requis,low,False,48
f943d7fc-68fd-4ee4-a9c4-eadcb9534419,EMP22649,Luc Leroy,employé_rayon,congé_payé,2024-02-01,2024-02-04,3,Besoin de repos,refused,refused,Conflit avec autre absence,high,True,37
be9c4a5e-ae69-479f-9d04-cc6fa23a906b,EMP67420,Michèle Maillard,pharmacien_adjoint,formation,2024-10-14,2024-10-29,15,Raison personnelle,refused,refused,Justificatif requis,low,False,45
297a743a-38a5-43e3-b156-f25cec32400c,EMP19801,Jean Moreau,préparateur,formation,2024-06-03,2024-06-06,3,Raison personnelle,approved,refused,Accord manager,low,True,39
f2d41e89-7504-45ea-97b4-b8a2ff2b047f,EMP88262,Marc Dupont,préparateur,événement_familial,2024-04-14,2024-04-19,5,Raison personnelle,approved,approved,Couverture disponible,medium,True,24
b9678c2a-428d-4c46-98a1-0eaf64345572,EMP87977,Claire Rousseau,préparateur,RTT,2024-12-27,2025-01-06,10,Maladie,pending,,,low,False,19
e36c50c2-92bd-494c-ac4b-a2f12f69bdcd,EMP71640,Marc Moreau,pharmacien_adjoint,formation,2024-12-25,2025-01-09,15,Événement familial,approved,approved,Couverture disponible,low,False,25
4f187649-63c8-4edb-9d7a-689f0c2ddc51,EMP23520,Nathalie Bernard,stagiaire,formation,2024-08-31,2024-09-03,3,Maternité,approved,approved,Justificatif requis,medium,False,14
e6dda6b0-cc85-4b54-acfa-57b90b94fd86,EMP27804,Sophie Leroy,pharmacien_titulaire,congé_payé,2024-11-30,2024-12-03,3,Besoin de repos,refused,refused,Accord manager,high,True,39
73c18bbd-5d73-4fba-8673-5b2870bd4a9e,EMP11894,Paul Dubois,préparateur,RTT,2024-05-04,2024-05-17,13,Formation professionnelle,approved,approved,Couverture disponible,low,False,48
2c45f9ab-9300-4696-9c1f-d5431036734e,EMP97171,Michèle Benoit,pharmacien_adjoint,maladie,2024-10-10,2024-10-12,2,Congé maladie,approved,refused,Conflit avec autre absence,high,False,29
b21d8e6b-281a-423c-8ac6-b3888f3f8aeb,EMP87977,Claire Rousseau,préparateur,RTT,2024-06-22,2024-07-04,12,Maladie,approved,refused,Conflit avec autre absence,high,True,22
fbd2acde-d709-42ee-9215-11de9688e33a,EMP81329,Georges Chevalier,employé_rayon,RTT,2024-11-23,2024-11-29,6,Maternité,approved,approved,Conflit avec autre absence,high,True,18
46872901-0325-41c6-a959-2f073ac25fcc,EMP87085,Laurent Gérard,pharmacien_titulaire,congé_payé,2024-05-18,2024-05-19,1,Formation professionnelle,pending,,,low,True,33
47c03396-f3c0-4535-adcc-d0f8bb0c82de,EMP66293,Pierre Lefevre,employé_rayon,RTT,2024-12-03,2024-12-17,14,Formation professionnelle,approved,approved,Justificatif requis,low,False,15
6b754671-a979-4d01-a4f4-b01dcfb9a11c,EMP85782,Daniel Leroy,préparateur,événement_familial,2024-03-16,2024-03-25,9,Besoin de repos,refused,refused,Conflit avec autre absence,medium,True,27
10460601-f7fa-4bcf-a142-073d46482a6f,EMP26400,Jacques Fournier,préparateur,maladie,2024-10-20,2024-10-31,11,Congé maladie,approved,approved,Justificatif requis,medium,False,8
ad92792c-9e92-4c85-844d-77d61c518ba4,EMP70071,Sophie Bernard,préparateur,formation,2024-06-15,2024-06-16,1,Raison personnelle,approved,refused,Couverture disponible,high,False,17
7e8991bb-e278-4385-bb1c-054399099796,EMP84523,Paul Bernard,préparateur,maternité,2024-12-24,2024-12-30,6,Maternité,pending,,,high,True,19
d248645e-7af7-463c-89d0-4dbd82e5d230,EMP37671,Françoise Girard,préparateur,maternité,2024-09-05,2024-09-08,3,Événement familial,approved,refused,Accord manager,low,False,34
dcec6635-b7e0-412d-a452-af1a3d566e7a,EMP95894,Thérèse Delorme,pharmacien_titulaire,événement_familial,2024-12-05,2024-12-07,2,Besoin de repos,approved,refused,Accord manager,high,False,45
5dc3530a-a2e1-457e-ac81-2027c42cf951,EMP51487,Florence Leclerc,pharmacien_adjoint,maladie,2024-05-24,2024-06-06,13,Congé maladie,approved,refused,Raison médicale insuffisante,medium,False,42
6a3d14fa-4bad-47fe-9c0a-4a5d97a5fe85,EMP40062,Michèle Lefevre,pharmacien_titulaire,maladie,2024-08-09,2024-08-16,7,Congé maladie,approved,approved,Conflit avec autre absence,high,False,18
88590d66-ed2c-4ad2-8d25-04a54f6d087f,EMP55435,Daniel Morin,employé_rayon,RTT,2024-03-08,2024-03-18,10,Événement familial,approved,refused,Justificatif requis,low,True,13
8531164f-e10d-4661-b803-49f523e11585,EMP10664,Pierre Fabre,pharmacien_titulaire,RTT,2024-02-07,2024-02-09,2,Besoin de repos,refused,refused,Couverture disponible,low,False,26
b2927252-1aa3-47fd-9e12-6830f5605920,EMP72153,Georges Bernier,préparateur,formation,2024-07-21,2024-07-27,6,Raison personnelle,approved,approved,Couverture disponible,high,False,18
6ab831c2-1ea9-477a-8e2c-3d87447927f4,EMP97807,Luc Poulain,stagiaire,RTT,2024-01-23,2024-02-02,10,Maternité,pending,,,medium,True,44
1bd7c864-4ffc-4bb6-b83a-c9a84c48fdab,EMP55913,Catherine Girard,employé_rayon,maternité,2024-04-16,2024-04-28,12,Raison personnelle,refused,approved,Couverture disponible,medium,True,43
3b00f789-45ce-4eac-a69f-2454e0f82c3a,EMP62720,Michel Lefevre,préparateur,formation,2024-06-06,2024-06-19,13,Maternité,pending,,,medium,True,40
a4e0edaa-bc5d-46c7-a3b0-8ca8473df696,EMP98895,Florence Poulain,pharmacien_titulaire,maladie,2024-02-15,2024-02-21,6,Congé maladie,approved,refused,Couverture disponible,low,True,26
51b5702d-e824-4e83-8027-1fad78d1075c,EMP79971,Laurent Poirier,pharmacien_adjoint,maternité,2024-09-18,2024-09-23,5,Besoin de repos,refused,approved,Couverture disponible,medium,True,43
42d53892-4719-44b8-838f-8666dab173f0,EMP92710,Olivier Renaud,pharmacien_adjoint,maladie,2024-07-30,2024-08-06,7,Congé maladie,pending,,,low,False,29
85d5ba55-f26b-4760-8a83-d8b39f706aad,EMP70137,Anne Simon,employé_rayon,congé_payé,2024-01-14,2024-01-27,13,Formation professionnelle,pending,,,high,False,29
c4f00c17-2ad5-4c63-847a-c54b4a2440fb,EMP67420,Michèle Maillard,pharmacien_adjoint,RTT,2024-12-26,2025-01-02,7,Besoin de repos,approved,refused,Accord manager,high,True,40
3dfa1482-5181-4b48-8ce3-179eb33755e4,EMP61716,Philippe Renaud,pharmacien_titulaire,formation,2024-05-02,2024-05-07,5,Maladie,approved,refused,Conflit avec autre absence,low,True,33
69eeb77a-e42a-4b76-a49e-99a8b1c73709,EMP55121,Thérèse Laurent,pharmacien_titulaire,événement_familial,2024-05-07,2024-05-09,2,Raison personnelle,pending,,,medium,False,3
64007e2e-3637-4433-8895-df8956bdabe5,EMP20339,Françoise Poirier,préparateur,RTT,2024-08-08,2024-08-22,14,Maladie,pending,,,high,True,17
871eb488-d2ec-4eb5-96e4-5147ed4769a0,EMP88991,Nathalie Renaud,pharmacien_titulaire,maternité,2024-04-26,2024-05-03,7,Événement familial,refused,refused,Conflit avec autre absence,low,True,37
b81cff8c-8b80-4ad8-af07-be72a58a5db0,EMP91836,Olivier Chevalier,employé_rayon,maternité,2024-04-07,2024-04-13,6,Événement familial,approved,approved,Couverture disponible,medium,True,8
02d64737-42fd-4d4a-996d-f2ab970a73bc,EMP27620,Jacques Blanc,pharmacien_titulaire,maladie,2024-05-31,2024-06-03,3,Congé maladie,refused,refused,Couverture disponible,medium,False,31
bbc4cc28-cf6a-47d4-869b-ecc145d1ca4d,EMP56198,Isabelle Fournier,employé_rayon,événement_familial,2024-05-11,2024-05-12,1,Formation professionnelle,approved,approved,Couverture disponible,high,False,11
e7d20b9b-df34-49ca-b787-9fe8184a0f0c,EMP23472,Florence Dupont,stagiaire,maladie,2024-10-01,2024-10-04,3,Congé maladie,refused,approved,Justificatif requis,low,True,20
65dda3cb-f7a3-4e19-96e1-398856b7914c,EMP65916,Jean-Paul Chevalier,pharmacien_adjoint,événement_familial,2024-04-10,2024-04-22,12,Maladie,refused,refused,Couverture disponible,medium,False,9
8f7a721a-8e31-4922-9852-2ffa177523d9,EMP12863,Françoise Dupont,employé_rayon,RTT,2024-05-26,2024-06-05,10,Événement familial,approved,approved,Conflit avec autre absence,high,True,42
43900da0-3c5f-45cd-a886-c9985dea4a20,EMP47051,Marie Roux,employé_rayon,formation,2024-07-31,2024-08-09,9,Formation professionnelle,approved,refused,Justificatif requis,high,False,19
2892bfa4-e833-4257-8646-203f50ab8f14,EMP75237,Jacques Fabre,préparateur,événement_familial,2024-12-12,2024-12-23,11,Formation professionnelle,approved,approved,Raison médicale insuffisante,low,False,39
a51fd3af-5e41-4a38-8578-a1bf75ba2790,EMP59583,Cécile Bernard,pharmacien_adjoint,événement_familial,2024-10-28,2024-11-10,13,Formation professionnelle,pending,,,high,True,44
67d522ca-d532-4049-b80a-cbb9389e1fd7,EMP94339,Michel Poulain,préparateur,RTT,2024-12-27,2025-01-09,13,Événement familial,approved,refused,Conflit avec autre absence,low,True,31
3fbb8402-820b-4dc2-b441-f30ffc35bf6d,EMP47016,Christian Leclerc,pharmacien_adjoint,maladie,2024-08-26,2024-09-01,6,Congé maladie,pending,,,high,False,37
d388aaa3-53ce-4ada-b09f-ff5aa757cd39,EMP59767,Pascale Delorme,pharmacien_adjoint,événement_familial,2024-06-22,2024-07-04,12,Formation professionnelle,approved,approved,Justificatif requis,medium,True,8
3b0e1e03-1a25-4321-b622-0000439d1259,EMP40128,Bernard Poirier,préparateur,RTT,2024-02-07,2024-02-21,14,Formation professionnelle,refused,refused,Justificatif requis,low,False,25
9f1fcea0-431c-48f4-a40c-c0def77e3501,EMP19967,Jacques Simon,pharmacien_adjoint,congé_payé,2024-10-09,2024-10-13,4,Maternité,approved,refused,Conflit avec autre absence,low,True,31
cd7c5281-892d-4217-9e7c-b088a77987f1,EMP84211,Danielle Bernier,préparateur,événement_familial,2024-06-13,2024-06-22,9,Besoin de repos,pending,,,medium,True,12
8022c651-0503-41cc-a4fc-bc4d65dc4fa8,EMP54954,Laurent Moreau,pharmacien_adjoint,événement_familial,2024-07-14,2024-07-25,11,Besoin de repos,approved,approved,Conflit avec autre absence,low,False,24
56eec4e4-8da2-4c41-827a-1c4705ded419,EMP95409,Françoise Arnould,employé_rayon,RTT,2024-01-19,2024-02-03,15,Raison personnelle,pending,,,low,False,30
d02128fe-60b9-4b02-9a33-79cc0958f435,EMP32359,Bernard Lefevre,pharmacien_adjoint,RTT,2024-04-03,2024-04-11,8,Événement familial,approved,approved,Conflit avec autre absence,low,True,38
7fcb5f44-e40c-40b4-9cf3-b78bef659fcf,EMP19801,Jean Moreau,préparateur,formation,2024-04-30,2024-05-02,2,Maladie,approved,refused,Accord manager,medium,True,31
dc3da7ca-e971-442e-be89-ccb1626108fa,EMP75855,Françoise Girard,préparateur,maternité,2024-05-22,2024-05-28,6,Raison personnelle,approved,approved,Couverture disponible,low,True,44
96d747bb-7596-485f-b61d-309eea921217,EMP79122,Michel Leclerc,pharmacien_titulaire,formation,2024-03-08,2024-03-23,15,Formation professionnelle,approved,refused,Raison médicale insuffisante,high,False,42
a0bba388-efb8-4e39-b8fc-339733a622fb,EMP64423,Philippe Maillard,pharmacien_adjoint,maternité,2024-02-04,2024-02-19,15,Maladie,approved,approved,Raison médicale insuffisante,medium,True,23
f65e42b7-fc28-4521-89d5-3af3a604a1dd,EMP11451,Valérie Rousseau,préparateur,événement_familial,2024-08-16,2024-08-19,3,Besoin de repos,approved,refused,Couverture disponible,medium,True,9
42f81727-85b9-415e-9553-3220e2e74483,EMP20339,Françoise Poirier,préparateur,événement_familial,2024-05-19,2024-05-31,12,Événement familial,approved,approved,Couverture disponible,low,True,20
9ddb3a3f-68a9-427d-a01c-26c6782f1dfa,EMP59583,Cécile Bernard,pharmacien_adjoint,congé_payé,2024-03-24,2024-04-06,13,Besoin de repos,refused,refused,Raison médicale insuffisante,high,False,29
0e4c706f-b4f6-4def-a467-963acc43d4ca,EMP98782,Pierre Blanc,préparateur,formation,2024-09-13,2024-09-21,8,Raison personnelle,approved,refused,Justificatif requis,high,True,47
96bd6341-9f2f-43d3-b2af-e9add9e74859,EMP60478,René Delorme,pharmacien_adjoint,maladie,2024-03-17,2024-03-25,8,Congé maladie,pending,,,medium,False,29
a89e1741-474d-490a-8511-3daf24f7ea2b,EMP62383,Jacques Girard,employé_rayon,maternité,2024-09-29,2024-10-05,6,Formation professionnelle,approved,approved,Conflit avec autre absence,high,False,26
4c850e5a-c29e-48a5-96ab-beab0adcb6a4,EMP32743,Valérie Fontaine,stagiaire,RTT,2024-07-26,2024-07-30,4,Événement familial,pending,,,medium,True,23
49df0dd1-e10b-48cc-ba2d-dcef877ab167,EMP16087,André Benoit,employé_rayon,maternité,2024-07-30,2024-08-13,14,Maladie,pending,,,medium,True,12
c1f09de5-7b40-4aa3-91a7-1d2c81f27875,EMP17303,Bernard Benoit,pharmacien_adjoint,formation,2024-01-19,2024-01-22,3,Maladie,approved,approved,Conflit avec autre absence,low,True,5
ae94f121-5293-4ebf-9bd3-39c7a576538e,EMP25298,Philippe Fontaine,préparateur,RTT,2024-08-03,2024-08-12,9,Besoin de repos,approved,refused,Couverture disponible,medium,False,37
17fb504a-066a-41d4-8550-dd5876480e0f,EMP68457,Christine Martin,stagiaire,formation,2024-12-25,2025-01-04,10,Besoin de repos,approved,approved,Conflit avec autre absence,low,True,24
21e7fef8-e0fb-4d6d-bc06-0f8b223771df,EMP52985,Martine Laurent,employé_rayon,congé_payé,2024-03-30,2024-04-09,10,Maternité,pending,,,medium,False,8
451d73e7-3e16-45aa-96cc-1f12105b4c32,EMP85890,Alain Girard,pharmacien_adjoint,RTT,2024-08-24,2024-08-26,2,Besoin de repos,approved,approved,Couverture disponible,high,False,20
5dc240ce-1efb-40d8-be70-1f86b97bdc89,EMP62493,Alain Bernier,pharmacien_titulaire,RTT,2024-11-04,2024-11-13,9,Formation professionnelle,approved,refused,Justificatif requis,high,True,18
ee981b50-cf96-4ec2-9be2-900fef9566bd,EMP89175,Jacques Andre,employé_rayon,RTT,2024-09-23,2024-10-06,13,Maternité,pending,,,medium,False,2
4dedde5f-1798-4275-a4c5-cc7455d60b34,EMP28835,Philippe Fabre,pharmacien_adjoint,formation,2024-01-21,2024-01-29,8,Besoin de repos,approved,approved,Conflit avec autre absence,medium,True,38
28d75167-5b93-4342-bc42-034679eea2e4,EMP57938,Paul Bernier,préparateur,maternité,2024-04-27,2024-05-12,15,Événement familial,approved,approved,Couverture disponible,medium,False,16
be102e60-0535-4148-8df7-ec41b525e337,EMP56955,Daniel Arnould,pharmacien_adjoint,congé_payé,2024-05-19,2024-05-21,2,Maladie,approved,approved,Raison médicale insuffisante,medium,False,36
28425d91-b954-48f2-92d3-a70d272879a6,EMP19622,Laurent Chevalier,pharmacien_adjoint,maternité,2024-02-12,2024-02-18,6,Événement familial,approved,refused,Raison médicale insuffisante,low,True,20
85281cc5-4274-4a02-9356-f501174276fa,EMP68870,Florence Michel,pharmacien_titulaire,maladie,2024-03-02,2024-03-10,8,Congé maladie,approved,refused,Accord manager,medium,True,29
b3cb812b-358d-4c2a-b6c5-f0bc49639c8d,EMP92496,Michel Laurent,pharmacien_titulaire,formation,2024-11-10,2024-11-18,8,Formation professionnelle,approved,refused,Couverture disponible,medium,False,25
434fbac3-24c8-4fc6-ac68-0152b2b03bbf,EMP25809,Marie Girard,pharmacien_adjoint,événement_familial,2024-12-06,2024-12-15,9,Formation professionnelle,pending,,,low,False,41
d6f0c6ff-bb14-4a49-bda3-923f53ac7b5a,EMP63400,Marc Poirier,pharmacien_titulaire,événement_familial,2024-01-24,2024-02-06,13,Raison personnelle,pending,,,high,True,24
ec954c1e-ea4b-487d-b65e-5eefaa1924eb,EMP51487,Florence Leclerc,pharmacien_adjoint,congé_payé,2024-11-16,2024-11-27,11,Maladie,pending,,,medium,False,15
e1e45760-c3f1-454d-9eb5-5142a8879d06,EMP48313,Florence Renaud,employé_rayon,formation,2024-05-31,2024-06-14,14,Formation professionnelle,approved,approved,Raison médicale insuffisante,medium,False,45
e998f764-8802-490c-be68-8fc9d8fa3d90,EMP10482,Thérèse Fournier,préparateur,congé_payé,2024-06-01,2024-06-06,5,Besoin de repos,approved,refused,Conflit avec autre absence,low,True,8
1a0b6d3b-2811-4169-9e97-5f09567bdd64,EMP51329,Monique Dubois,employé_rayon,congé_payé,2024-05-19,2024-05-28,9,Raison personnelle,approved,refused,Accord manager,low,True,28
d66e1d1b-ba80-4189-8ae5-e0fd84c5b3e5,EMP14020,Anne Arnould,préparateur,formation,2024-06-08,2024-06-17,9,Besoin de repos,approved,approved,Justificatif requis,low,False,6
d0ca1258-a8a3-4438-99cf-829f12b6305d,EMP27620,Jacques Blanc,pharmacien_titulaire,congé_payé,2024-04-23,2024-04-26,3,Maternité,approved,approved,Justificatif requis,low,False,15
438b4fea-913e-42c3-9f2e-6f21d2afb166,EMP61716,Philippe Renaud,pharmacien_titulaire,événement_familial,2024-03-16,2024-03-31,15,Événement familial,approved,refused,Justificatif requis,low,False,33
a7381458-c248-4eac-a038-12736ee1e4d6,EMP65496,Jacques Delorme,pharmacien_titulaire,maternité,2024-04-17,2024-04-18,1,Formation professionnelle,pending,,,medium,False,29
6f0f6469-5203-4de0-84f3-5b1125d73ba4,EMP97821,Nathalie Rousseau,pharmacien_titulaire,événement_familial,2024-04-27,2024-05-09,12,Besoin de repos,approved,approved,Accord manager,high,False,2
ac1cf77b-e0e4-4618-aeb4-5d6c63bcd549,EMP87177,Paul Michel,préparateur,maternité,2024-12-11,2024-12-22,11,Formation professionnelle,approved,refused,Accord manager,medium,True,33
d20aa206-b84a-4c28-8787-0d73b41d4866,EMP14516,Catherine Rousseau,pharmacien_titulaire,événement_familial,2024-02-01,2024-02-05,4,Événement familial,pending,,,high,True,20
577b642e-a1eb-41bf-a61d-898d63156cb0,EMP33083,Catherine Fontaine,pharmacien_titulaire,maternité,2024-07-31,2024-08-14,14,Raison personnelle,approved,approved,Accord manager,medium,False,37
443d384e-7733-43d3-b988-8f53f178681a,EMP42421,Isabelle Bernard,pharmacien_adjoint,événement_familial,2024-08-21,2024-08-26,5,Maladie,pending,,,medium,False,12
1ed62fcd-cfaa-46d4-8164-f8122ee7d7f4,EMP65496,Jacques Delorme,pharmacien_titulaire,maternité,2024-03-12,2024-03-27,15,Maternité,approved,approved,Justificatif requis,medium,True,15
5bed4957-6b6e-4fd5-8b80-d8b6f88445a5,EMP72404,Jacques Delorme,pharmacien_titulaire,congé_payé,2024-10-18,2024-10-26,8,Maladie,pending,,,high,True,36
a12fbe49-933f-46ec-a85b-25933883da1e,EMP11451,Valérie Rousseau,préparateur,maternité,2024-08-24,2024-09-03,10,Événement familial,approved,approved,Accord manager,medium,False,21
cdaf937e-83e3-454b-8f57-a90e0ae24b56,EMP95409,Françoise Arnould,employé_rayon,congé_payé,2024-09-08,2024-09-09,1,Maternité,approved,refused,Accord manager,low,False,36
986f8948-7247-49cb-85d7-898af43fde45,EMP84211,Danielle Bernier,préparateur,formation,2024-11-17,2024-11-28,11,Événement familial,refused,approved,Couverture disponible,high,False,48
2ebd2c52-b609-4a8d-a1f0-943ff4c897d2,EMP31748,Christian Delacroix,préparateur,événement_familial,2024-10-10,2024-10-16,6,Maladie,approved,approved,Conflit avec autre absence,medium,False,27
83a033e7-5bff-496c-96e5-2752052c835d,EMP37671,Françoise Girard,préparateur,événement_familial,2024-06-17,2024-06-23,6,Maternité,refused,approved,Conflit avec autre absence,medium,True,2
03c0f798-0454-4bb6-afae-aab1bf9c053f,EMP77415,Françoise Fournier,pharmacien_adjoint,RTT,2024-09-14,2024-09-21,7,Maternité,approved,approved,Justificatif requis,low,False,30
fa2023fa-e7c1-436d-9a04-f0d907acd438,EMP98552,Michèle Bernier,pharmacien_adjoint,événement_familial,2024-01-07,2024-01-22,15,Raison personnelle,pending,,,high,True,19
b6bc66e9-94e0-4f04-a3d9-c19a321c03cb,EMP68301,Danielle Arnould,préparateur,RTT,2024-08-26,2024-09-07,12,Formation professionnelle,approved,approved,Accord manager,high,False,24
ae4071fd-f8fc-4ca5-9a12-0b1b6156d1f1,EMP21002,Irène Fabre,préparateur,maladie,2024-09-08,2024-09-20,12,Congé maladie,approved,approved,Raison médicale insuffisante,high,True,44
c3342b6f-274a-43e4-ac7d-ddbb3538e79b,EMP27393,Joseph Chevalier,employé_rayon,formation,2024-10-15,2024-10-16,1,Formation professionnelle,refused,refused,Justificatif requis,high,True,40
c309c7dd-45a7-42fe-8532-c1b0a777d9a6,EMP84066,Thérèse Chevalier,pharmacien_adjoint,événement_familial,2024-06-01,2024-06-06,5,Maladie,approved,refused,Couverture disponible,medium,False,1
b130fd31-c044-4623-aac3-24f9363d5865,EMP38348,Florence Renaud,pharmacien_titulaire,congé_payé,2024-08-12,2024-08-21,9,Besoin de repos,approved,refused,Accord manager,low,True,28
cf140087-2ca8-4072-9439-3a056dfc34d2,EMP74758,Françoise Poirier,employé_rayon,RTT,2024-02-14,2024-02-15,1,Raison personnelle,refused,approved,Accord manager,low,False,11
77fdc3f8-2316-439d-99c2-d1ed40c7b873,EMP32359,Bernard Lefevre,pharmacien_adjoint,RTT,2024-08-29,2024-09-12,14,Événement familial,pending,,,low,False,44
9e1592df-8eaa-47b3-ae9a-8b2f7eb8ab55,EMP70071,Sophie Bernard,préparateur,événement_familial,2024-01-24,2024-01-29,5,Maladie,approved,approved,Raison médicale insuffisante,high,False,31
b8d997bb-8064-4571-b917-b60a9c27dd8f,EMP13191,René Simon,préparateur,événement_familial,2024-09-09,2024-09-21,12,Besoin de repos,approved,refused,Justificatif requis,high,True,19
401f757d-8fdb-4a98-bf4f-25635d6214ef,EMP26804,Christiane Dupont,pharmacien_titulaire,RTT,2024-04-13,2024-04-23,10,Maladie,approved,refused,Raison médicale insuffisante,medium,False,36
ae8fbd1a-4aca-4f61-a2ed-01188d89831d,EMP32359,Bernard Lefevre,pharmacien_adjoint,RTT,2024-01-26,2024-02-01,6,Besoin de repos,approved,approved,Couverture disponible,low,True,37
d858335d-beb3-41d7-a27b-007ea7de40f4,EMP55913,Catherine Girard,employé_rayon,événement_familial,2024-12-13,2024-12-23,10,Besoin de repos,refused,refused,Raison médicale insuffisante,low,True,7
33b1a88f-b8d5-43cf-a44f-00dcc89db9d4,EMP10078,Pascale Gérard,employé_rayon,RTT,2024-01-01,2024-01-09,8,Raison personnelle,approved,approved,Conflit avec autre absence,high,True,36
7c5e9072-866b-44fe-882b-2d490d7f3873,EMP35115,Cécile Roux,employé_rayon,maladie,2024-05-24,2024-06-05,12,Congé maladie,approved,approved,Couverture disponible,low,True,30
6391ef03-8f0e-47a3-9e17-d68c3e980c55,EMP30620,Philippe Poulain,pharmacien_adjoint,maladie,2024-10-13,2024-10-20,7,Congé maladie,pending,,,high,False,18
57915abd-948a-4a90-8a7a-6b2a4770d90d,EMP20339,Françoise Poirier,préparateur,maternité,2024-04-14,2024-04-24,10,Besoin de repos,approved,refused,Conflit avec autre absence,low,False,24
dbf60555-7583-4841-aac9-09ce553e7c5d,EMP46169,Monique Delorme,employé_rayon,maternité,2024-04-06,2024-04-09,3,Événement familial,approved,approved,Couverture disponible,low,False,6
f3a00f8f-848e-4e8f-bc40-a87b46493cf0,EMP30620,Philippe Poulain,pharmacien_adjoint,RTT,2024-02-03,2024-02-07,4,Besoin de repos,approved,approved,Conflit avec autre absence,low,True,42
71f3f86c-f35b-40a4-8e57-7fa1c95d203e,EMP40125,Sophie Dubois,pharmacien_adjoint,RTT,2024-05-09,2024-05-20,11,Maternité,pending,,,high,False,12
f9fff14e-a5c3-4aae-8092-ed254eb0bd7e,EMP46169,Monique Delorme,employé_rayon,événement_familial,2024-08-07,2024-08-08,1,Raison personnelle,refused,approved,Conflit avec autre absence,high,True,24
88bbf956-5425-48dc-b7f4-db97696a57a8,EMP18133,Jean-Paul Blanc,stagiaire,événement_familial,2024-01-02,2024-01-08,6,Formation professionnelle,approved,approved,Conflit avec autre absence,medium,True,9
a4e4db0e-bd25-4d29-8b28-73b4c9f87127,EMP80419,Marc Chevalier,préparateur,congé_payé,2024-05-21,2024-05-30,9,Maladie,pending,,,high,True,2
78191ee2-0761-44e3-8547-e232ba11b5a1,EMP35644,Marc Bernier,pharmacien_adjoint,maternité,2024-07-15,2024-07-20,5,Formation professionnelle,approved,refused,Raison médicale insuffisante,low,True,19
a44040f5-0fd8-4d68-9de8-bb5bb778392b,EMP61480,Georges Martin,préparateur,RTT,2024-07-17,2024-07-23,6,Événement familial,approved,approved,Justificatif requis,low,True,33
66305983-4286-4691-b9b4-6e166f455d5d,EMP35306,Pierre Poirier,préparateur,maternité,2024-12-21,2024-12-27,6,Besoin de repos,approved,approved,Accord manager,low,False,27
031ef8c4-4636-45b9-b2d4-718a59409dff,EMP23520,Nathalie Bernard,stagiaire,maladie,2024-08-08,2024-08-20,12,Congé maladie,approved,approved,Couverture disponible,medium,True,17
5fbb8113-48ed-46cf-969c-2a932b06374c,EMP47053,Thierry Fontaine,employé_rayon,événement_familial,2024-07-23,2024-07-29,6,Événement familial,approved,approved,Justificatif requis,medium,True,39
17a3b07f-c2ea-45b8-9f73-d3d027449a70,EMP10078,Pascale Gérard,employé_rayon,congé_payé,2024-08-31,2024-09-13,13,Raison personnelle,approved,approved,Raison médicale insuffisante,medium,True,30
3919f12e-0cd3-49e7-8d24-809ff0840532,EMP67753,Marc Bernard,pharmacien_adjoint,congé_payé,2024-10-23,2024-11-03,11,Événement familial,refused,approved,Conflit avec autre absence,high,True,16
0e4d79ad-1c73-4982-abb8-7e58593b226c,EMP67544,Marc Benoit,préparateur,RTT,2024-04-21,2024-04-23,2,Formation professionnelle,approved,refused,Raison médicale insuffisante,low,False,46
9f3f34e7-c234-42e5-b648-2cd0fbc97c0a,EMP93016,Daniel Blanc,pharmacien_titulaire,maternité,2024-11-14,2024-11-22,8,Formation professionnelle,pending,,,medium,False,42
4f11f555-b79c-4026-a8eb-d342b70a566e,EMP20339,Françoise Poirier,préparateur,maladie,2024-07-16,2024-07-25,9,Congé maladie,pending,,,low,False,24
2eb5e0a0-d35d-41cb-91ce-5abda353e792,EMP19622,Laurent Chevalier,pharmacien_adjoint,RTT,2024-11-22,2024-11-29,7,Maladie,refused,refused,Raison médicale insuffisante,low,True,11
1a4a0a4b-0c68-4599-b2d1-4a3337e8a0ad,EMP45752,Luc Rousseau,employé_rayon,maladie,2024-06-12,2024-06-20,8,Congé maladie,approved,refused,Conflit avec autre absence,high,True,46
c1fa98b8-0fab-4ed4-bacd-bdffc03074c8,EMP47016,Christian Leclerc,pharmacien_adjoint,événement_familial,2024-05-04,2024-05-09,5,Besoin de repos,refused,approved,Couverture disponible,high,False,8
b09563d3-05ce-48d2-9675-7ab723298156,EMP13797,Christiane Fontaine,pharmacien_titulaire,maladie,2024-09-05,2024-09-06,1,Congé maladie,refused,refused,Couverture disponible,low,False,7
b73395fc-1b31-4a29-b9ce-d830e5d920ba,EMP94780,Paul Dupont,pharmacien_titulaire,maternité,2024-05-05,2024-05-07,2,Formation professionnelle,approved,refused,Couverture disponible,medium,True,13
75e194e2-10b6-4f17-976f-2460453e3fd5,EMP77144,Michel Bernier,employé_rayon,congé_payé,2024-05-08,2024-05-16,8,Maladie,approved,refused,Justificatif requis,medium,False,30
6f19038f-6c20-4731-bc94-8cbb7c600feb,EMP98141,Daniel Fournier,employé_rayon,maternité,2024-07-27,2024-08-05,9,Maladie,pending,,,low,False,15
08b49a2f-787d-4ee8-90ca-987f7123b4bd,EMP39307,Sylvie Renaud,stagiaire,RTT,2024-01-08,2024-01-18,10,Formation professionnelle,refused,refused,Raison médicale insuffisante,high,False,20
dc7052b9-bb95-4cd7-bb72-0bd3df3db1a5,EMP61456,Anne Bernier,stagiaire,maternité,2024-02-14,2024-02-20,6,Événement familial,approved,approved,Conflit avec autre absence,low,False,29
428dc2bf-a095-47f6-9686-4a0f6ec530c9,EMP63052,Bernard Gaillard,préparateur,congé_payé,2024-05-21,2024-05-26,5,Raison personnelle,approved,approved,Raison médicale insuffisante,medium,True,16
066f7af6-4713-42a9-89e3-2cf085c0121f,EMP63736,Françoise Morin,stagiaire,maternité,2024-09-08,2024-09-15,7,Maladie,approved,refused,Raison médicale insuffisante,low,True,22
8c583ba9-4d4b-4842-bc57-27cb2837aca5,EMP33913,Marie Benoit,employé_rayon,maladie,2024-12-03,2024-12-05,2,Congé maladie,approved,refused,Couverture disponible,medium,False,43
3b1e4dff-1499-4851-b2d9-e0ce371934dd,EMP95747,Bernard Gaillard,pharmacien_titulaire,maladie,2024-01-04,2024-01-08,4,Congé maladie,pending,,,medium,True,7
0a647480-2f7d-4899-99d4-9997e373a0c3,EMP71936,Joseph Poirier,pharmacien_adjoint,maladie,2024-08-15,2024-08-22,7,Congé maladie,pending,,,high,False,41
913f275b-5cc4-4b0b-92cd-32396bc84af9,EMP74025,Laurent Roux,employé_rayon,événement_familial,2024-03-01,2024-03-11,10,Événement familial,pending,,,medium,False,17
d6d88dcd-73df-4402-971b-21fde24c7cb4,EMP21527,Daniel Martin,préparateur,maladie,2024-08-07,2024-08-21,14,Congé maladie,approved,refused,Raison médicale insuffisante,medium,True,44
f2e07dd8-c99c-463e-9ccf-949d357c1bfa,EMP15711,Alain Renaud,pharmacien_adjoint,maternité,2024-08-28,2024-09-12,15,Événement familial,approved,approved,Raison médicale insuffisante,medium,True,22
bb647299-bbdf-4d27-b61a-6713e2f813f3,EMP86970,Christiane Gaillard,pharmacien_titulaire,maternité,2024-10-02,2024-10-16,14,Maternité,approved,refused,Raison médicale insuffisante,high,True,21
a30322f1-ca25-4760-a040-9dad60b8e04e,EMP81765,Pierre Poirier,pharmacien_adjoint,maladie,2024-09-18,2024-10-02,14,Congé maladie,refused,refused,Justificatif requis,low,False,29
21b224b4-dce2-4b62-ba56-8a7ea8ae8e83,EMP34741,Nathalie Lefevre,employé_rayon,maladie,2024-09-21,2024-10-04,13,Congé maladie,pending,,,medium,True,33
64976149-d35a-48ef-9ee2-4969a0233ed6,EMP58426,Michel Bernard,employé_rayon,formation,2024-06-23,2024-07-03,10,Événement familial,pending,,,medium,True,37
5d734e6e-9c94-4dd8-9a9c-1d64719f3467,EMP37671,Françoise Girard,préparateur,RTT,2024-09-19,2024-10-01,12,Formation professionnelle,refused,approved,Conflit avec autre absence,low,True,24
438fe091-8402-47e8-99e2-3ceb8fa33eab,EMP33562,Georges Poirier,employé_rayon,RTT,2024-01-28,2024-02-12,15,Raison personnelle,approved,refused,Conflit avec autre absence,high,False,6
51a93a82-1edb-4e65-9845-437222b12149,EMP70964,Jacques Blanc,préparateur,maladie,2024-10-14,2024-10-27,13,Congé maladie,approved,refused,Accord manager,high,True,31
3ab90d27-73fa-4888-8642-01be79d6a91e,EMP39936,André Girard,pharmacien_adjoint,maternité,2024-09-04,2024-09-05,1,Raison personnelle,approved,approved,Couverture disponible,medium,False,48
6d04e131-db86-4805-ba21-e17dda7a246f,EMP11758,Marie Andre,employé_rayon,congé_payé,2024-06-07,2024-06-12,5,Maternité,refused,refused,Couverture disponible,high,False,4
4d19afc7-194e-4f4b-863f-39d9d5b08614,EMP46402,Martine Bernard,employé_rayon,congé_payé,2024-11-02,2024-11-04,2,Raison personnelle,pending,,,high,False,10
9b242b33-2003-4235-b63b-64b211f56b43,EMP95409,Françoise Arnould,employé_rayon,formation,2024-01-10,2024-01-15,5,Formation professionnelle,approved,approved,Justificatif requis,high,True,1
02852052-181e-45aa-a33e-0f04de52ad8b,EMP87177,Paul Michel,préparateur,événement_familial,2024-07-22,2024-08-03,12,Événement familial,approved,refused,Conflit avec autre absence,low,False,24
8558286f-7c84-4846-acdf-1f32134fe9b5,EMP37130,Irène Simon,employé_rayon,formation,2024-04-03,2024-04-15,12,Maladie,approved,approved,Justificatif requis,low,False,15
32b367a4-3dc6-4348-9433-cb89d3fc2ab4,EMP70071,Sophie Bernard,préparateur,maladie,2024-12-25,2025-01-04,10,Congé maladie,approved,refused,Accord manager,medium,True,39
92d87a6a-9dcf-4383-bcd4-784d1817ac36,EMP21198,Stéphanie Blanc,préparateur,congé_payé,2024-09-26,2024-10-05,9,Maternité,approved,approved,Raison médicale insuffisante,medium,False,6
710e097a-6c5e-4bf3-a21d-6ffd81ba299a,EMP80460,Christian Michel,pharmacien_adjoint,maternité,2024-09-10,2024-09-19,9,Événement familial,refused,refused,Couverture disponible,high,True,42
f57901ba-3363-4cc3-8ff1-8f8e8972b4a3,EMP65496,Jacques Delorme,pharmacien_titulaire,congé_payé,2024-10-29,2024-11-06,8,Maternité,approved,refused,Accord manager,high,True,2
ea9aa924-137c-4642-984d-fae6d4491bf1,EMP83393,Danielle Laurent,pharmacien_titulaire,maladie,2024-12-19,2024-12-22,3,Congé maladie,approved,approved,Conflit avec autre absence,low,True,44
72c807a1-fec3-4f07-80ac-623f134e69de,EMP20067,Florence Rousseau,pharmacien_titulaire,maternité,2024-04-04,2024-04-18,14,Événement familial,approved,approved,Justificatif requis,low,False,41
df08d260-0bd3-47af-b891-4db3db6b2c70,EMP95409,Françoise Arnould,employé_rayon,événement_familial,2024-08-02,2024-08-09,7,Événement familial,approved,refused,Couverture disponible,low,False,6
f28e033f-9805-4899-b966-1cd1e2178f84,EMP77892,Laurent Michel,pharmacien_titulaire,RTT,2024-04-19,2024-05-04,15,Événement familial,pending,,,high,True,23
17cd57ad-c23d-4bbd-8ecc-e50c55d5c2a1,EMP35306,Pierre Poirier,préparateur,événement_familial,2024-02-26,2024-03-12,15,Formation professionnelle,refused,refused,Conflit avec autre absence,medium,False,21
651b4df3-e0b7-436f-b66f-f734ff15badf,EMP89175,Jacques Andre,employé_rayon,maladie,2024-03-03,2024-03-14,11,Congé maladie,refused,approved,Accord manager,medium,False,38
ce54adfe-d0b0-4253-a102-396607a9a7a3,EMP84523,Paul Bernard,préparateur,RTT,2024-07-15,2024-07-23,8,Maternité,approved,approved,Raison médicale insuffisante,high,True,29
92821e7e-ea38-4755-9bd9-34808adacd2e,EMP47053,Thierry Fontaine,employé_rayon,formation,2024-09-13,2024-09-27,14,Maladie,pending,,,medium,True,10
ee1beae9-a51d-4d04-80bd-8ffea73bfa01,EMP55121,Thérèse Laurent,pharmacien_titulaire,événement_familial,2024-11-22,2024-11-29,7,Formation professionnelle,approved,refused,Justificatif requis,low,False,22
a9308373-1165-4b51-8788-b3974c816f0f,EMP28949,Stéphanie Bernard,employé_rayon,maternité,2024-06-02,2024-06-13,11,Formation professionnelle,pending,,,low,True,37
4ce1a7fa-5301-439c-a33f-6ff496ad3e9f,EMP26721,Luc Bernard,pharmacien_titulaire,RTT,2024-08-02,2024-08-04,2,Formation professionnelle,pending,,,high,False,19
9ec500de-7c67-42bb-a617-411971c923a9,EMP71936,Joseph Poirier,pharmacien_adjoint,événement_familial,2024-12-04,2024-12-13,9,Raison personnelle,approved,approved,Raison médicale insuffisante,high,True,35
09eaf986-9b59-4600-883b-6d62c21d0901,EMP37064,Sophie Delacroix,préparateur,maladie,2024-01-03,2024-01-11,8,Congé maladie,pending,,,medium,False,5
a2d21860-baac-4b2c-950a-09892cbfdb66,EMP54954,Laurent Moreau,pharmacien_adjoint,maternité,2024-06-24,2024-07-09,15,Formation professionnelle,pending,,,high,False,7
bc051c06-1ba6-4d32-ad8b-23ce3a199f76,EMP77415,Françoise Fournier,pharmacien_adjoint,RTT,2024-03-05,2024-03-06,1,Raison personnelle,pending,,,low,False,45
c499ba36-6edf-4574-8cc7-dcf0114bd39f,EMP84997,Florence Chevalier,employé_rayon,maladie,2024-06-24,2024-07-07,13,Congé maladie,approved,approved,Raison médicale insuffisante,low,True,12
133ee08d-32d7-4e28-989e-1d2a5aec1265,EMP25177,Danielle Moreau,employé_rayon,événement_familial,2024-12-14,2024-12-17,3,Raison personnelle,refused,refused,Justificatif requis,medium,True,31
ea7d1c23-1dd4-45af-95c3-8d046144d255,EMP66886,Thierry Renaud,pharmacien_titulaire,maladie,2024-10-10,2024-10-18,8,Congé maladie,approved,refused,Conflit avec autre absence,medium,True,28
f1c1fcf5-7e5a-432b-acaa-633ae276a5f2,EMP78750,Laurent Simon,employé_rayon,congé_payé,2024-07-04,2024-07-19,15,Événement familial,approved,refused,Conflit avec autre absence,medium,True,40
f2494745-9ef2-4181-91fe-80eafd37568b,EMP76841,Jacques Arnould,pharmacien_adjoint,RTT,2024-06-19,2024-07-02,13,Formation professionnelle,approved,approved,Couverture disponible,low,False,3
1aca4dbc-271b-45ef-86cc-194490fa46d4,EMP49856,Anne Morin,pharmacien_adjoint,événement_familial,2024-02-17,2024-03-01,13,Formation professionnelle,approved,refused,Conflit avec autre absence,medium,False,45
df8fa2c4-3691-4809-97c1-0551565888e1,EMP52819,Joseph Girard,pharmacien_titulaire,maladie,2024-01-19,2024-01-21,2,Congé maladie,approved,approved,Justificatif requis,low,False,7
0b7c8c73-12c1-4287-a83b-c789d267287e,EMP15485,Michèle Bernier,préparateur,RTT,2024-01-08,2024-01-21,13,Événement familial,approved,refused,Justificatif requis,medium,True,31
a56098e5-a5d0-4301-9287-4a424814c43a,EMP95375,Danielle Leroy,stagiaire,maternité,2024-07-24,2024-07-29,5,Événement familial,approved,refused,Raison médicale insuffisante,low,False,14
e52e9d0b-e0f2-476a-ac52-30a9c39b7488,EMP97804,Daniel Lefevre,préparateur,congé_payé,2024-10-23,2024-11-07,15,Formation professionnelle,approved,refused,Justificatif requis,low,False,9
6bc9d9da-815a-45f1-87bc-1667068b82e9,EMP33933,Bernard Dupont,pharmacien_titulaire,RTT,2024-02-26,2024-03-06,9,Maladie,pending,,,medium,True,46
569130e9-56a2-4c6d-b540-8dc732af8a88,EMP38149,Valérie Simon,employé_rayon,RTT,2024-01-13,2024-01-15,2,Événement familial,refused,approved,Couverture disponible,medium,False,46
6e98185a-7507-4162-8480-24952f30e15f,EMP87977,Claire Rousseau,préparateur,formation,2024-11-19,2024-11-24,5,Raison personnelle,refused,approved,Couverture disponible,low,False,48
2733c46f-e19e-49de-9bee-cef3d78b5b56,EMP70137,Anne Simon,employé_rayon,maternité,2024-03-06,2024-03-13,7,Raison personnelle,pending,,,low,False,41
1bb29680-3fb6-4d58-96bc-4e010c95e2f0,EMP54365,Valérie Girard,préparateur,congé_payé,2024-05-08,2024-05-18,10,Maladie,approved,refused,Couverture disponible,medium,True,45
790e75c3-c162-4603-89bc-a6e088c7832f,EMP13704,Nathalie Martin,pharmacien_adjoint,événement_familial,2024-05-02,2024-05-16,14,Raison personnelle,approved,approved,Conflit avec autre absence,low,True,9
9584f13f-46b2-40ec-af28-fbeab37f8385,EMP25809,Marie Girard,pharmacien_adjoint,maternité,2024-08-11,2024-08-20,9,Événement familial,approved,approved,Accord manager,high,False,35
5f543086-7fdb-4032-aa2e-efd8e34bd9e7,EMP33933,Bernard Dupont,pharmacien_titulaire,maternité,2024-07-27,2024-07-30,3,Besoin de repos,pending,,,high,True,46
f09a55e6-8d97-46ca-83d3-540f889f2bee,EMP90724,Jean-Paul Laurent,stagiaire,événement_familial,2024-02-15,2024-02-26,11,Besoin de repos,approved,refused,Conflit avec autre absence,low,True,3
a5857936-9736-40d0-bab6-47ba986d748e,EMP51521,Luc Delacroix,employé_rayon,congé_payé,2024-06-17,2024-06-23,6,Maternité,pending,,,high,False,19
1af1ba28-f838-4a2b-9637-b933dd46d7ad,EMP88262,Marc Dupont,préparateur,RTT,2024-12-23,2025-01-01,9,Besoin de repos,approved,approved,Conflit avec autre absence,high,False,11
55da8a15-80ae-458a-b9e1-191f9a3f2cde,EMP73974,Pierre Girard,préparateur,RTT,2024-09-04,2024-09-06,2,Raison personnelle,approved,refused,Raison médicale insuffisante,medium,False,5
3bef215d-c82e-4dbc-a1ca-ee89c7ac5d2c,EMP85709,René Chevalier,pharmacien_adjoint,maternité,2024-08-22,2024-09-05,14,Formation professionnelle,refused,refused,Conflit avec autre absence,medium,False,32
e0527877-0a2a-4dda-b878-ced9337b5713,EMP52816,Thérèse Laurent,pharmacien_adjoint,RTT,2024-07-12,2024-07-13,1,Besoin de repos,pending,,,high,True,17
92532f40-e40f-47f9-b91f-dcb3a15f6240,EMP89032,Philippe Leroy,préparateur,maladie,2024-01-15,2024-01-18,3,Congé maladie,pending,,,low,False,15
a231c8a6-6b24-4432-9a32-922ef4447f16,EMP22659,Nathalie Lefevre,préparateur,maternité,2024-05-20,2024-05-25,5,Besoin de repos,pending,,,high,False,44
927a52f4-23ca-413b-88db-3ef83f13bacb,EMP40107,Michèle Arnould,employé_rayon,maladie,2024-07-20,2024-08-02,13,Congé maladie,refused,approved,Justificatif requis,high,True,42
c86bdf7b-618f-4b57-b2e8-2a5a0e3b2008,EMP73014,Philippe Michel,pharmacien_titulaire,formation,2024-09-30,2024-10-14,14,Besoin de repos,approved,approved,Accord manager,low,True,37
63611521-e64a-4068-b2a3-0435f17f8556,EMP71300,Valérie Laurent,préparateur,événement_familial,2024-06-17,2024-06-20,3,Événement familial,approved,approved,Couverture disponible,high,True,46
647f5dcb-bf3b-4dda-a533-ccebb77b9987,EMP13797,Christiane Fontaine,pharmacien_titulaire,maternité,2024-02-07,2024-02-14,7,Formation professionnelle,approved,approved,Raison médicale insuffisante,low,False,45
7016ec31-c14d-4edc-8a6a-09e9d6a21813,EMP76360,Cécile Renaud,pharmacien_titulaire,formation,2024-01-07,2024-01-10,3,Événement familial,refused,approved,Justificatif requis,high,True,25
94612c5c-290b-4c99-9bb9-f0d1c083d2b9,EMP75210,Sophie Roux,employé_rayon,maternité,2024-03-06,2024-03-13,7,Formation professionnelle,approved,refused,Raison médicale insuffisante,medium,True,4
1eaf7e9d-b324-4f32-afb5-4d2c1379ef4c,EMP67313,Michèle Blanc,pharmacien_adjoint,événement_familial,2024-11-07,2024-11-22,15,Raison personnelle,pending,,,low,False,42
aaadb413-76f6-4bae-9cdc-6468d1414518,EMP44811,Florence Fabre,préparateur,maternité,2024-09-23,2024-10-06,13,Raison personnelle,approved,approved,Accord manager,medium,True,47
6288973f-7eb8-4aa7-bef7-79edf11b8aa1,EMP76442,Alain Simon,préparateur,formation,2024-04-29,2024-05-14,15,Maladie,approved,refused,Couverture disponible,medium,True,29
969cb483-e179-4acc-b411-5df32b4d5d64,EMP94780,Paul Dupont,pharmacien_titulaire,formation,2024-11-03,2024-11-16,13,Événement familial,approved,refused,Conflit avec autre absence,low,False,20
165d1f67-51fc-40f8-9010-8184576d8419,EMP39307,Sylvie Renaud,stagiaire,RTT,2024-03-19,2024-03-22,3,Maladie,refused,approved,Couverture disponible,high,True,23
b075f126-d3e6-49c5-8557-769b9ea98893,EMP40128,Bernard Poirier,préparateur,maternité,2024-01-12,2024-01-26,14,Maternité,approved,refused,Raison médicale insuffisante,high,False,2
44af003d-7117-42ac-ab03-a0995bfd8dc7,EMP35115,Cécile Roux,employé_rayon,congé_payé,2024-09-03,2024-09-11,8,Raison personnelle,refused,refused,Justificatif requis,low,True,4
1579088b-2ea9-432f-b5d3-531fc118d380,EMP74025,Laurent Roux,employé_rayon,RTT,2024-06-27,2024-07-05,8,Formation professionnelle,approved,approved,Raison médicale insuffisante,low,False,6
5972a26e-bf5d-4f0d-9f30-13844ffc763a,EMP74072,Jacques Fontaine,préparateur,congé_payé,2024-10-15,2024-10-18,3,Besoin de repos,refused,refused,Accord manager,medium,False,1
14e3c6d5-2856-4bed-99f6-5d59d5351de4,EMP97821,Nathalie Rousseau,pharmacien_titulaire,maternité,2024-01-07,2024-01-22,15,Maladie,pending,,,high,True,20
ef61e4a7-4055-48c8-b832-8358a47b8d65,EMP83140,Thierry Delacroix,employé_rayon,maladie,2024-08-08,2024-08-23,15,Congé maladie,pending,,,low,False,12
e4272be1-7be3-4daa-8d3f-1270187391dc,EMP48514,Catherine Blanc,préparateur,congé_payé,2024-11-09,2024-11-15,6,Raison personnelle,pending,,,medium,False,30
6d54acfc-e45f-484e-8494-9eaacb41ad42,EMP12502,Christine Girard,préparateur,formation,2024-04-19,2024-04-24,5,Besoin de repos,refused,refused,Accord manager,low,False,12
97c16044-a189-4716-9768-84fab8b861af,EMP63052,Bernard Gaillard,préparateur,événement_familial,2024-01-20,2024-01-29,9,Besoin de repos,approved,approved,Justificatif requis,medium,True,41
92ddcd96-15ba-4441-ada6-013dbc4def45,EMP31068,Christian Martin,employé_rayon,maternité,2024-06-26,2024-07-01,5,Formation professionnelle,approved,refused,Raison médicale insuffisante,medium,True,17
84e40a15-3cc9-4d64-a7d1-15248c9d5787,EMP28475,Michel Rousseau,pharmacien_adjoint,événement_familial,2024-05-15,2024-05-20,5,Maladie,approved,refused,Accord manager,medium,True,46
985a0892-18a1-4b47-8acc-617d2adc176f,EMP96830,Jean Roux,pharmacien_titulaire,maternité,2024-01-09,2024-01-18,9,Besoin de repos,pending,,,high,True,1
a78f0d72-6691-412b-9e87-7708595f1bc5,EMP25177,Danielle Moreau,employé_rayon,congé_payé,2024-05-19,2024-05-23,4,Maladie,approved,approved,Justificatif requis,medium,False,40
881ca3ad-6443-45ee-a761-49a1bd414bf3,EMP15555,René Chevalier,préparateur,congé_payé,2024-06-16,2024-06-21,5,Événement familial,pending,,,medium,True,35
99d90df6-5113-488c-ace0-7ea557e34821,EMP69057,Valérie Michel,employé_rayon,formation,2024-03-18,2024-03-31,13,Maladie,approved,refused,Conflit avec autre absence,high,False,3
76f7ca33-997b-4e44-b855-7260d9f2a139,EMP22656,Michel Fournier,employé_rayon,congé_payé,2024-06-01,2024-06-02,1,Formation professionnelle,approved,approved,Raison médicale insuffisante,low,True,10
65b518ab-b3fe-44a1-b049-0ab42b60713b,EMP76841,Jacques Arnould,pharmacien_adjoint,maladie,2024-11-29,2024-12-09,10,Congé maladie,approved,approved,Couverture disponible,low,True,27
a72e5a1f-ce06-4153-909d-856125517d83,EMP70964,Jacques Blanc,préparateur,maternité,2024-07-15,2024-07-28,13,Formation professionnelle,approved,approved,Conflit avec autre absence,high,False,12
cb3a784c-3f5d-4a89-a129-78710ff56565,EMP98120,Georges Arnould,employé_rayon,maladie,2024-09-17,2024-09-27,10,Congé maladie,approved,approved,Raison médicale insuffisante,high,False,3
f0e5552e-9815-49ad-9c60-6ac688538b45,EMP25177,Danielle Moreau,employé_rayon,événement_familial,2024-12-13,2024-12-18,5,Maladie,pending,,,low,True,1
1910a8c8-c049-4239-846a-6abf13e258ae,EMP46298,Sylvie Poulain,préparateur,formation,2024-07-10,2024-07-23,13,Formation professionnelle,approved,refused,Raison médicale insuffisante,medium,False,15
5a005fc1-27dd-4d36-b7ab-519876773fca,EMP55780,Marie Gaillard,pharmacien_adjoint,RTT,2024-04-17,2024-04-25,8,Besoin de repos,approved,approved,Accord manager,low,False,29
8c6d8a45-305a-4a57-bfe5-b1fb0dbc510f,EMP59230,Michel Renaud,préparateur,RTT,2024-10-09,2024-10-18,9,Événement familial,approved,approved,Accord manager,medium,True,38
958ec084-ed35-41d6-8812-0e8cb90786cb,EMP45733,Marie Fournier,pharmacien_adjoint,congé_payé,2024-08-31,2024-09-06,6,Besoin de repos,approved,refused,Conflit avec autre absence,medium,False,15
d21b87ed-7487-4424-84d2-eb3c913a4363,EMP92211,Irène Maillard,pharmacien_adjoint,RTT,2024-02-20,2024-02-29,9,Maternité,approved,approved,Conflit avec autre absence,medium,True,37
3de2f688-458b-480d-8256-add78324cb55,EMP87977,Claire Rousseau,préparateur,maladie,2024-07-09,2024-07-17,8,Congé maladie,refused,refused,Conflit avec autre absence,medium,False,11
33546921-f953-41cb-a3c5-c95db025a9bd,EMP99430,Nathalie Arnould,employé_rayon,formation,2024-08-26,2024-09-02,7,Maternité,approved,approved,Raison médicale insuffisante,low,True,37
76b3c0cf-44ee-4814-b41a-ea916f50bf7d,EMP30620,Philippe Poulain,pharmacien_adjoint,maladie,2024-11-26,2024-11-30,4,Congé maladie,approved,approved,Conflit avec autre absence,low,False,39
ab9848b7-ca8c-4e08-a1b5-f576cd26f9b2,EMP94289,Laurent Laurent,employé_rayon,congé_payé,2024-10-18,2024-11-01,14,Maternité,approved,refused,Accord manager,high,False,7
cd2181cf-210f-491b-8621-20b35098fcea,EMP30620,Philippe Poulain,pharmacien_adjoint,congé_payé,2024-02-05,2024-02-11,6,Besoin de repos,pending,,,high,True,11
fc43d913-b371-46c9-bc57-93dff373ef03,EMP80842,Thérèse Girard,pharmacien_titulaire,formation,2024-07-30,2024-08-14,15,Raison personnelle,approved,refused,Conflit avec autre absence,low,True,23
1cea444c-5081-41d2-8d7b-58ed7f6d7cfc,EMP45752,Luc Rousseau,employé_rayon,maternité,2024-03-06,2024-03-08,2,Maladie,approved,refused,Accord manager,low,True,35
e9074f0a-e350-495c-9a56-7638045eabb0,EMP89869,Anne Lefevre,employé_rayon,formation,2024-05-12,2024-05-23,11,Raison personnelle,approved,approved,Accord manager,medium,True,35
12d18931-9e8f-42cb-bd64-5dd75afe40e6,EMP57938,Paul Bernier,préparateur,RTT,2024-09-02,2024-09-12,10,Formation professionnelle,refused,refused,Couverture disponible,medium,False,25
2377c23e-742a-413b-b326-f063415ccef5,EMP97846,Jean Gaillard,pharmacien_titulaire,événement_familial,2024-12-18,2024-12-27,9,Événement familial,approved,approved,Raison médicale insuffisante,low,False,42
527c17e5-af7c-4b65-b662-8f75f5af6ae9,EMP78485,Michèle Rousseau,pharmacien_adjoint,événement_familial,2024-02-11,2024-02-23,12,Formation professionnelle,pending,,,high,False,38
0bb47b59-e702-44b3-a80e-f232537dde6b,EMP10078,Pascale Gérard,employé_rayon,maternité,2024-12-11,2024-12-23,12,Maladie,pending,,,medium,False,14
1e3d9b95-f545-4974-8f3b-06e0599a916b,EMP42148,Joseph Leclerc,employé_rayon,maternité,2024-12-15,2024-12-20,5,Maternité,refused,approved,Conflit avec autre absence,medium,False,22
bae96f34-d945-4d7d-9471-734935d4a94f,EMP55780,Marie Gaillard,pharmacien_adjoint,maternité,2024-10-26,2024-10-29,3,Besoin de repos,approved,refused,Couverture disponible,high,True,44
598ae630-d03e-4265-9185-1464e87b1463,EMP73604,Monique Moreau,préparateur,maladie,2024-06-28,2024-07-12,14,Congé maladie,approved,refused,Justificatif requis,low,True,35
efd317e3-925e-4e5a-bd5b-520bf4f31a58,EMP33278,Pierre Benoit,préparateur,événement_familial,2024-03-07,2024-03-08,1,Besoin de repos,pending,,,high,False,2
fa2179e1-921f-4a45-a461-bb2eb0ebf1aa,EMP87652,Philippe Delorme,pharmacien_adjoint,RTT,2024-05-06,2024-05-11,5,Maternité,pending,,,low,False,13
499f69da-0fc5-46f3-8ede-e69987123909,EMP53103,Georges Laurent,employé_rayon,maternité,2024-01-29,2024-02-01,3,Événement familial,approved,approved,Couverture disponible,high,False,6
0f41e3eb-4c7b-4520-839f-7c49b64d9cca,EMP80959,Stéphanie Fontaine,préparateur,formation,2024-11-25,2024-11-28,3,Événement familial,approved,approved,Raison médicale insuffisante,medium,False,6
bccac001-5d3f-4ad5-b2ff-85d0aeabac9b,EMP60478,René Delorme,pharmacien_adjoint,maternité,2024-12-18,2024-12-22,4,Formation professionnelle,refused,approved,Conflit avec autre absence,high,True,39
82e1800a-a338-49b3-9b40-228d6a0d611d,EMP96146,Joseph Arnould,employé_rayon,maladie,2024-08-10,2024-08-16,6,Congé maladie,approved,refused,Accord manager,medium,False,36
f6c3094f-cecf-4ce3-8b79-607ab19d6295,EMP52816,Thérèse Laurent,pharmacien_adjoint,maladie,2024-10-04,2024-10-15,11,Congé maladie,approved,approved,Couverture disponible,high,True,2
0acb73eb-3731-4c9f-a699-73129a30a3b9,EMP67313,Michèle Blanc,pharmacien_adjoint,congé_payé,2024-01-08,2024-01-23,15,Maladie,approved,refused,Raison médicale insuffisante,high,False,18
6efd97f8-0edd-4303-ad33-3e748ee4a69b,EMP40062,Michèle Lefevre,pharmacien_titulaire,congé_payé,2024-02-13,2024-02-25,12,Raison personnelle,approved,refused,Justificatif requis,high,False,27
ce9ae304-6344-4aa4-bc7e-42f5fde99613,EMP79122,Michel Leclerc,pharmacien_titulaire,formation,2024-10-10,2024-10-11,1,Événement familial,refused,approved,Raison médicale insuffisante,low,True,32
1e244db6-5506-4f04-9738-1938051bfd65,EMP37747,Sylvie Delacroix,pharmacien_adjoint,événement_familial,2024-01-03,2024-01-18,15,Formation professionnelle,pending,,,medium,False,43
319f15e6-4475-4038-8cdf-f250667cda21,EMP38625,Christiane Bernard,préparateur,formation,2024-08-22,2024-09-03,12,Besoin de repos,refused,refused,Conflit avec autre absence,high,True,4
7529559d-fe5c-4164-bfd2-d9ab071afc32,EMP37064,Sophie Delacroix,préparateur,RTT,2024-12-27,2025-01-05,9,Formation professionnelle,refused,approved,Conflit avec autre absence,low,False,37
c7624762-3296-4b80-a4d0-09d21d5f1d5f,EMP25177,Danielle Moreau,employé_rayon,événement_familial,2024-06-17,2024-06-23,6,Maternité,approved,refused,Couverture disponible,high,True,16
6019c32f-1b93-4a49-802d-debe2781e547,EMP12863,Françoise Dupont,employé_rayon,formation,2024-10-27,2024-11-10,14,Formation professionnelle,approved,approved,Accord manager,low,False,25
947d8000-24d8-45a0-ae17-640df034feef,EMP39307,Sylvie Renaud,stagiaire,maternité,2024-10-27,2024-11-09,13,Raison personnelle,approved,approved,Conflit avec autre absence,medium,False,11
6e34d00b-d949-4962-881d-888376ba9179,EMP65434,Joseph Poulain,pharmacien_titulaire,formation,2024-11-02,2024-11-08,6,Raison personnelle,approved,approved,Justificatif requis,medium,True,35
2cf2f6bf-5796-4d38-8c1c-6baa105de2a5,EMP72153,Georges Bernier,préparateur,maladie,2024-03-14,2024-03-28,14,Congé maladie,approved,approved,Raison médicale insuffisante,low,False,37
c0bcc3de-fbbc-41aa-a97c-a8561861dcb3,EMP87098,Laurent Leclerc,pharmacien_titulaire,formation,2024-02-14,2024-02-28,14,Raison personnelle,pending,,,high,False,48
7fc949e9-bf96-44a1-849f-b5c1f10bdf45,EMP21198,Stéphanie Blanc,préparateur,congé_payé,2024-01-17,2024-01-30,13,Maladie,pending,,,medium,False,15
6b0bed4a-da18-4a21-9af7-c08ac7001dd0,EMP39307,Sylvie Renaud,stagiaire,RTT,2024-05-05,2024-05-07,2,Raison personnelle,pending,,,low,False,10
8d688e3f-7f15-4754-a9fb-b473f565e78c,EMP59583,Cécile Bernard,pharmacien_adjoint,RTT,2024-01-01,2024-01-13,12,Besoin de repos,approved,approved,Conflit avec autre absence,high,False,3
d9c56f5a-8468-4bc6-b8f3-5789ffbf9ee3,EMP67700,Marc Moreau,pharmacien_titulaire,congé_payé,2024-09-17,2024-09-19,2,Maternité,refused,approved,Accord manager,high,False,43
8ba47eb5-9df0-4572-8774-e4e401503357,EMP46402,Martine Bernard,employé_rayon,congé_payé,2024-01-04,2024-01-05,1,Maladie,approved,approved,Conflit avec autre absence,high,True,25
0ef92559-2e1e-496b-93c1-1a27daf72bb2,EMP71769,Nathalie Delorme,pharmacien_adjoint,maternité,2024-06-25,2024-07-10,15,Maladie,pending,,,low,False,3
76947ce8-55e5-42a4-9549-9a4bd0031fc4,EMP80460,Christian Michel,pharmacien_adjoint,RTT,2024-01-16,2024-01-25,9,Maladie,pending,,,low,True,48
1ed452a4-a0ba-49ad-b354-97677d95d734,EMP70672,Florence Poirier,employé_rayon,formation,2024-04-08,2024-04-15,7,Événement familial,approved,approved,Couverture disponible,low,False,33
7653cc1c-c942-42a7-8ea6-5cdd361237e5,EMP89032,Philippe Leroy,préparateur,congé_payé,2024-12-18,2024-12-24,6,Besoin de repos,approved,approved,Raison médicale insuffisante,medium,False,42
fb7c5ff2-18c0-4a99-97e6-c6f9492e3114,EMP10159,Nathalie Fournier,préparateur,événement_familial,2024-08-20,2024-08-21,1,Formation professionnelle,approved,approved,Justificatif requis,medium,False,22
afed7970-7fc7-42f7-910e-63562f721ce6,EMP86947,Stéphanie Fournier,employé_rayon,événement_familial,2024-07-17,2024-07-29,12,Besoin de repos,approved,approved,Couverture disponible,high,True,22
d1281d63-f54c-4720-ae4a-7a37c4b455ea,EMP71300,Valérie Laurent,préparateur,maternité,2024-05-13,2024-05-22,9,Événement familial,approved,approved,Couverture disponible,low,False,16
7a35f2cd-7368-4937-b654-636b2fccb940,EMP87062,Jean Michel,pharmacien_titulaire,événement_familial,2024-11-05,2024-11-12,7,Besoin de repos,refused,approved,Couverture disponible,high,False,42
5ffc04b6-b605-4b32-a581-23368c93c260,EMP53093,Thérèse Girard,pharmacien_adjoint,formation,2024-10-19,2024-10-31,12,Maladie,approved,refused,Couverture disponible,high,True,44
4c027ba8-dfb4-4769-9db3-15ca1d091ed8,EMP72404,Jacques Delorme,pharmacien_titulaire,formation,2024-10-15,2024-10-28,13,Besoin de repos,refused,refused,Raison médicale insuffisante,high,True,14
caa51360-6965-423b-9b91-ba47510e0ca0,EMP89004,René Roux,préparateur,formation,2024-02-02,2024-02-10,8,Besoin de repos,approved,approved,Accord manager,medium,False,14
5eb91968-04ca-4517-9796-ada411da1a76,EMP79606,Jean-Paul Simon,pharmacien_adjoint,RTT,2024-02-19,2024-03-04,14,Formation professionnelle,approved,refused,Justificatif requis,high,True,12
77406e24-3643-430d-8bd5-d31ef7a9ed2c,EMP89032,Philippe Leroy,préparateur,congé_payé,2024-10-13,2024-10-14,1,Besoin de repos,approved,refused,Accord manager,medium,True,38
c9d3c0d5-2cf4-477e-9095-11b2ade63373,EMP65783,Catherine Gaillard,préparateur,maladie,2024-11-04,2024-11-08,4,Congé maladie,pending,,,low,False,4
cf526c4e-98c7-415d-bad8-b361f0a00d8b,EMP86225,Michel Renaud,préparateur,formation,2024-05-19,2024-05-23,4,Raison personnelle,approved,approved,Accord manager,medium,True,8
6de535d5-fb2e-42bb-a4cf-61c90cc20d3d,EMP96712,Michèle Delorme,stagiaire,maladie,2024-03-26,2024-04-10,15,Congé maladie,pending,,,low,True,4
11f7c173-2e15-4fb9-8760-d4919edeaa15,EMP19801,Jean Moreau,préparateur,événement_familial,2024-12-14,2024-12-16,2,Besoin de repos,approved,refused,Raison médicale insuffisante,low,False,26
6a4aeddf-8348-4347-a5df-55c73149eef4,EMP24026,Irène Fontaine,pharmacien_adjoint,RTT,2024-10-19,2024-10-29,10,Maladie,pending,,,medium,False,33
2bc41920-7864-4e82-a34e-296f249c0a41,EMP45460,Luc Andre,pharmacien_adjoint,événement_familial,2024-07-05,2024-07-19,14,Maladie,pending,,,medium,False,33
971049a2-40b6-4471-8ee3-cb7d45860e82,EMP22280,Pierre Delacroix,employé_rayon,formation,2024-09-21,2024-09-30,9,Formation professionnelle,approved,refused,Raison médicale insuffisante,medium,False,18
444a96a9-61a3-4312-90ed-f16fd3af594e,EMP85839,Thérèse Fabre,employé_rayon,événement_familial,2024-12-17,2024-12-23,6,Besoin de repos,pending,,,low,True,20
db9f7257-bccb-49c8-ba70-dd2a05484691,EMP86970,Christiane Gaillard,pharmacien_titulaire,RTT,2024-07-16,2024-07-18,2,Raison personnelle,approved,approved,Couverture disponible,low,True,37
38b97a6c-4c31-41c0-a0d5-8d85df50c89c,EMP39284,Alain Bernier,pharmacien_titulaire,événement_familial,2024-08-19,2024-08-27,8,Formation professionnelle,approved,refused,Conflit avec autre absence,high,True,2
46e445ad-57d1-40b8-b852-7f85bc51a052,EMP12256,Olivier Arnould,préparateur,événement_familial,2024-12-17,2024-12-27,10,Événement familial,pending,,,low,True,6
fa23e6d6-36ba-4fdb-8c1c-2de47d1ba954,EMP25635,Thierry Gaillard,stagiaire,RTT,2024-06-21,2024-06-27,6,Raison personnelle,approved,approved,Justificatif requis,medium,True,3
4c7963af-0b20-49c1-8609-78ef7f6ca4ba,EMP92426,Luc Fournier,préparateur,événement_familial,2024-03-08,2024-03-12,4,Maladie,pending,,,medium,True,2
18e29e85-4712-4df0-ade7-4e5cd7d9b9f4,EMP67415,Thierry Laurent,pharmacien_titulaire,maladie,2024-02-01,2024-02-10,9,Congé maladie,approved,approved,Accord manager,high,True,28
22d3c968-53dd-436b-9fe0-4b3288c44b13,EMP98552,Michèle Bernier,pharmacien_adjoint,maladie,2024-02-26,2024-03-10,13,Congé maladie,refused,refused,Couverture disponible,low,False,16
a6578476-2efc-4e12-91dd-e70f8f74fffd,EMP67059,Christiane Martin,préparateur,congé_payé,2024-09-23,2024-10-02,9,Événement familial,approved,refused,Accord manager,medium,True,25
917c9316-e4ee-4ba1-b1c9-63e94982e785,EMP97821,Nathalie Rousseau,pharmacien_titulaire,formation,2024-07-28,2024-08-02,5,Maladie,pending,,,low,False,21
f95f1e8e-66b4-438e-9b75-139c91ff107a,EMP37671,Françoise Girard,préparateur,maternité,2024-05-19,2024-05-22,3,Besoin de repos,pending,,,medium,False,20
7f7b4ae7-47ad-4f87-9c79-b2c4df3a4c54,EMP36050,Sophie Fournier,pharmacien_titulaire,formation,2024-06-01,2024-06-03,2,Besoin de repos,approved,refused,Justificatif requis,low,True,1
9f66d49f-7ae0-4c0a-8166-e250b8ba55bf,EMP33870,Luc Delorme,pharmacien_titulaire,maladie,2024-05-31,2024-06-02,2,Congé maladie,approved,approved,Couverture disponible,low,False,20
024561cd-56cd-4399-86fb-f91fa437004f,EMP86763,Françoise Rousseau,pharmacien_adjoint,RTT,2024-01-25,2024-01-28,3,Besoin de repos,approved,refused,Couverture disponible,low,False,42
d42848f8-b2c9-44a8-8cbb-3f2dcdb7aa34,EMP31016,Florence Gérard,pharmacien_titulaire,congé_payé,2024-05-08,2024-05-23,15,Raison personnelle,refused,approved,Conflit avec autre absence,medium,True,4
a13ce8ce-3c48-4c2a-b9d0-2f66524ed002,EMP80965,Anne Michel,préparateur,maternité,2024-12-02,2024-12-04,2,Formation professionnelle,approved,approved,Couverture disponible,low,True,7
3ae1bfe5-b447-487d-a395-c082d3b8e03d,EMP65783,Catherine Gaillard,préparateur,congé_payé,2024-10-28,2024-11-01,4,Maternité,pending,,,low,False,21
b4721b0b-f440-4db9-8cb7-20d6a82e5625,EMP69324,Valérie Gaillard,préparateur,événement_familial,2024-02-04,2024-02-11,7,Maternité,pending,,,medium,True,44
95a10b4a-0ab0-4ac0-91f0-89ca60948348,EMP29546,Anne Moreau,préparateur,congé_payé,2024-05-29,2024-05-31,2,Maladie,pending,,,medium,True,20
70f59920-839c-4139-aece-83654adcfaa7,EMP69324,Valérie Gaillard,préparateur,RTT,2024-03-07,2024-03-19,12,Raison personnelle,approved,approved,Raison médicale insuffisante,high,True,44
cf01fdf3-8656-483c-93e5-47a6624eb375,EMP73014,Philippe Michel,pharmacien_titulaire,maternité,2024-01-12,2024-01-19,7,Événement familial,refused,refused,Raison médicale insuffisante,high,True,7
bad79816-e733-48c1-accf-298874cb23bf,EMP67415,Thierry Laurent,pharmacien_titulaire,maladie,2024-08-09,2024-08-18,9,Congé maladie,pending,,,low,True,5
e1624e8a-c34a-4743-bf14-6aa530feb672,EMP97821,Nathalie Rousseau,pharmacien_titulaire,congé_payé,2024-03-26,2024-03-31,5,Besoin de repos,approved,refused,Raison médicale insuffisante,medium,True,15
6eda2812-f508-4a29-b0cb-a39fa206ad47,EMP16526,Michel Dubois,préparateur,congé_payé,2024-04-23,2024-04-30,7,Besoin de repos,approved,refused,Conflit avec autre absence,low,False,12
28f02203-632e-4b55-be95-b071e51679ca,EMP31748,Christian Delacroix,préparateur,RTT,2024-02-26,2024-03-04,7,Événement familial,pending,,,low,True,48
3fed0ba4-d5fa-4d1c-a079-f1527502e331,EMP56558,Paul Chevalier,employé_rayon,congé_payé,2024-08-11,2024-08-22,11,Maladie,refused,approved,Couverture disponible,low,True,42
61d8c0dc-eb87-47e7-9b38-1f185eb2ab35,EMP88805,Philippe Dubois,pharmacien_adjoint,RTT,2024-12-11,2024-12-14,3,Raison personnelle,refused,refused,Couverture disponible,low,False,24
1ef8bede-bb9f-40a4-a204-4520d82fb4fb,EMP81452,Philippe Martin,pharmacien_titulaire,RTT,2024-01-14,2024-01-25,11,Maladie,pending,,,low,True,10
c16a4af1-4500-4f22-b6f2-46b34d1f7592,EMP37747,Sylvie Delacroix,pharmacien_adjoint,maternité,2024-12-26,2025-01-08,13,Maladie,approved,refused,Accord manager,low,True,10
9a417d7d-8cc6-47b6-822d-9a4780399816,EMP84997,Florence Chevalier,employé_rayon,maladie,2024-06-13,2024-06-28,15,Congé maladie,approved,refused,Conflit avec autre absence,medium,True,40
16576e8a-53ab-4acb-bbcc-ca5aba8e18d0,EMP32915,Nathalie Leclerc,pharmacien_titulaire,congé_payé,2024-12-15,2024-12-19,4,Raison personnelle,approved,approved,Conflit avec autre absence,high,False,15
9dae6b1a-2a83-46b8-bc77-5e9f75c751a9,EMP69465,Laurent Arnould,pharmacien_adjoint,RTT,2024-11-18,2024-11-26,8,Événement familial,approved,refused,Conflit avec autre absence,high,False,25
6fbcb181-0f93-4979-a7fa-53ef8c77f44c,EMP11722,Philippe Girard,préparateur,maternité,2024-04-06,2024-04-15,9,Événement familial,refused,approved,Justificatif requis,medium,False,45
f3b3124b-7592-4c75-81b9-8853e82a87c1,EMP62383,Jacques Girard,employé_rayon,RTT,2024-12-05,2024-12-18,13,Maladie,approved,refused,Accord manager,high,True,30
e621efa7-6b71-4886-b999-6ca68af674c6,EMP33278,Pierre Benoit,préparateur,congé_payé,2024-09-23,2024-09-24,1,Événement familial,pending,,,high,True,31
bf26fcb4-5133-4f6a-a309-7c81956a3741,EMP69699,Alain Renaud,préparateur,maternité,2024-04-06,2024-04-18,12,Événement familial,pending,,,high,False,5
99afca0e-d121-40d1-aed6-44632e364314,EMP85709,René Chevalier,pharmacien_adjoint,RTT,2024-12-21,2024-12-26,5,Formation professionnelle,pending,,,medium,False,7
bfb76556-464b-4304-8f94-885d4d9095fd,EMP77805,Michel Rousseau,employé_rayon,formation,2024-12-13,2024-12-21,8,Événement familial,refused,approved,Justificatif requis,high,False,36
8fd20a28-0291-40d0-a11a-7d4c0f0918de,EMP76841,Jacques Arnould,pharmacien_adjoint,maladie,2024-02-10,2024-02-25,15,Congé maladie,approved,approved,Raison médicale insuffisante,medium,True,38
423cd748-ad78-4cb8-b877-83067c12fd0a,EMP62885,Jean Lefevre,préparateur,congé_payé,2024-12-09,2024-12-11,2,Événement familial,pending,,,medium,False,20
cd3925cf-6402-42ff-9585-6a236115a264,EMP88160,Laurent Arnould,préparateur,maladie,2024-01-19,2024-02-01,13,Congé maladie,pending,,,medium,True,29
ec80c58c-8f2b-421e-af7b-62685efbb475,EMP33933,Bernard Dupont,pharmacien_titulaire,congé_payé,2024-05-26,2024-06-03,8,Maternité,pending,,,high,False,13
73d91752-659a-4471-bba2-896efdac2441,EMP67155,Marie Chevalier,employé_rayon,maladie,2024-11-11,2024-11-20,9,Congé maladie,refused,approved,Justificatif requis,high,False,18
b4d7bb95-b9e6-4fca-95f2-f6aaa56fc51b,EMP99048,Marc Rousseau,préparateur,maternité,2024-04-05,2024-04-06,1,Maladie,pending,,,high,False,35
2a54a806-c3d5-44df-9cc6-d16db4874bf6,EMP23535,Stéphanie Fontaine,pharmacien_titulaire,événement_familial,2024-05-18,2024-05-28,10,Maternité,approved,refused,Conflit avec autre absence,high,False,8
7553340c-d081-4982-b190-e12ff4f13a96,EMP21286,Bernard Morin,stagiaire,maladie,2024-07-29,2024-08-02,4,Congé maladie,approved,approved,Raison médicale insuffisante,low,False,28
70e19a87-2b20-4d5a-8ba2-3a985971c7cb,EMP29546,Anne Moreau,préparateur,maladie,2024-07-01,2024-07-07,6,Congé maladie,approved,refused,Accord manager,medium,False,44
7fd6ff9d-3947-474c-b364-35e0fab9a8f0,EMP77805,Michel Rousseau,employé_rayon,formation,2024-12-10,2024-12-24,14,Formation professionnelle,refused,approved,Couverture disponible,medium,True,27
52668867-3f75-4d05-85cc-20edd58a39cf,EMP27804,Sophie Leroy,pharmacien_titulaire,événement_familial,2024-09-16,2024-09-21,5,Formation professionnelle,approved,approved,Conflit avec autre absence,medium,False,34
f6e4fa27-3cfa-4a3b-b829-ee41695231db,EMP85890,Alain Girard,pharmacien_adjoint,événement_familial,2024-11-20,2024-11-25,5,Maternité,approved,approved,Justificatif requis,high,True,30
6ebeacc4-229e-4e7d-b785-2557cdf3bb40,EMP14020,Anne Arnould,préparateur,congé_payé,2024-08-14,2024-08-27,13,Maladie,approved,approved,Conflit avec autre absence,medium,False,26
403d31e4-e704-4d9d-8d6d-846e45eaf1a9,EMP37671,Françoise Girard,préparateur,maladie,2024-12-11,2024-12-14,3,Congé maladie,approved,approved,Couverture disponible,medium,False,45
0583db3a-5a53-4322-9684-ee814cd33c4d,EMP51911,Claire Andre,pharmacien_titulaire,maladie,2024-05-09,2024-05-16,7,Congé maladie,approved,refused,Raison médicale insuffisante,low,True,34
ca945067-a5c7-45b7-b1fa-8b78d6e89f47,EMP44360,Michel Girard,employé_rayon,événement_familial,2024-04-23,2024-04-24,1,Formation professionnelle,pending,,,medium,False,48
b53a0f27-89cd-4fd3-9c7c-d12ac67b0803,EMP40893,Daniel Maillard,pharmacien_adjoint,congé_payé,2024-05-14,2024-05-29,15,Raison personnelle,approved,refused,Conflit avec autre absence,medium,False,22
a9fe715d-e81d-4a35-913a-714fb084805f,EMP67420,Michèle Maillard,pharmacien_adjoint,événement_familial,2024-02-08,2024-02-10,2,Formation professionnelle,pending,,,low,True,28
3176d625-30e7-4dbd-9465-4d61a15c0261,EMP81029,Jacques Bernier,pharmacien_adjoint,formation,2024-08-28,2024-09-10,13,Maladie,approved,approved,Conflit avec autre absence,low,False,4
5cbac9b6-ae17-4951-b07b-3d6a9ec8a329,EMP81029,Jacques Bernier,pharmacien_adjoint,maternité,2024-09-12,2024-09-19,7,Besoin de repos,pending,,,medium,False,40
f2261af6-43fa-4c6d-b681-8b0a84149ced,EMP67415,Thierry Laurent,pharmacien_titulaire,RTT,2024-02-27,2024-03-12,14,Formation professionnelle,pending,,,medium,True,27
f3290064-7c6f-4122-93df-c688dc4b8718,EMP16128,Pascale Roux,préparateur,RTT,2024-04-25,2024-05-03,8,Formation professionnelle,approved,approved,Couverture disponible,low,True,28
2f00c943-0842-4fc5-944e-2f0a63ae9314,EMP46298,Sylvie Poulain,préparateur,formation,2024-04-07,2024-04-17,10,Événement familial,approved,refused,Couverture disponible,high,False,26
b8374f58-7e20-4176-b78b-6a0e981a088b,EMP98895,Florence Poulain,pharmacien_titulaire,maternité,2024-04-29,2024-05-10,11,Maternité,pending,,,high,True,45
ac4030ec-1070-44e5-835f-644fb50eccc8,EMP95409,Françoise Arnould,employé_rayon,formation,2024-11-16,2024-12-01,15,Raison personnelle,pending,,,high,False,42
8769e100-588d-4b6f-be9b-8a90d468633f,EMP66259,Alain Dubois,préparateur,RTT,2024-09-11,2024-09-24,13,Maternité,pending,,,high,True,31
740a087b-399e-4abc-a9ce-126acb944430,EMP23811,Luc Gérard,pharmacien_adjoint,événement_familial,2024-12-18,2024-12-21,3,Maternité,approved,refused,Raison médicale insuffisante,medium,False,12
58096031-9cb7-4eb2-86c6-ab974797b793,EMP63325,Thérèse Simon,pharmacien_adjoint,événement_familial,2024-06-13,2024-06-18,5,Maternité,approved,refused,Raison médicale insuffisante,high,False,37
dd5e1c17-0bdd-4d5c-bccb-bd30845b2874,EMP34081,Isabelle Bernier,pharmacien_titulaire,RTT,2024-07-05,2024-07-09,4,Maternité,approved,approved,Couverture disponible,low,False,28
acf17706-2a14-46d9-95a3-bbd31b20a03e,EMP37747,Sylvie Delacroix,pharmacien_adjoint,maladie,2024-07-14,2024-07-19,5,Congé maladie,refused,refused,Justificatif requis,low,True,37
50d1eb7a-dbcb-420f-87df-5fbda2300f03,EMP61535,Jacques Dubois,préparateur,congé_payé,2024-11-12,2024-11-16,4,Raison personnelle,pending,,,low,True,47
0d8aea2c-9b54-433c-826c-f536f0db632a,EMP94289,Laurent Laurent,employé_rayon,formation,2024-11-08,2024-11-14,6,Événement familial,pending,,,high,False,40
b19c5ff6-6d79-4d07-a09e-a51d9e6c6c5a,EMP81452,Philippe Martin,pharmacien_titulaire,RTT,2024-12-14,2024-12-26,12,Maladie,pending,,,high,True,27
0927b724-833b-4dac-b3b6-2b04e0aa05bb,EMP92710,Olivier Renaud,pharmacien_adjoint,événement_familial,2024-06-06,2024-06-21,15,Besoin de repos,pending,,,medium,False,45
78932136-9208-4286-b335-1434e6bbb55a,EMP89395,Irène Poulain,préparateur,maladie,2024-06-30,2024-07-10,10,Congé maladie,approved,refused,Raison médicale insuffisante,low,False,16
10dd5cff-96c5-4f58-ac70-b5e02f5eeb67,EMP92211,Irène Maillard,pharmacien_adjoint,formation,2024-10-04,2024-10-19,15,Maladie,pending,,,medium,False,16
c9142c8f-95f4-48cf-afc8-c6871bda15a7,EMP54365,Valérie Girard,préparateur,congé_payé,2024-12-08,2024-12-15,7,Raison personnelle,approved,refused,Raison médicale insuffisante,high,True,23
997ba705-ca67-4969-a059-096378c006d9,EMP23535,Stéphanie Fontaine,pharmacien_titulaire,maternité,2024-10-11,2024-10-26,15,Besoin de repos,refused,refused,Raison médicale insuffisante,medium,True,1
83daa0f1-bead-43e8-949c-8a3fb18c9a00,EMP73052,Danielle Laurent,préparateur,RTT,2024-02-12,2024-02-14,2,Formation professionnelle,refused,approved,Raison médicale insuffisante,medium,True,28
d4ada25d-d66d-4d24-b3af-2ab7f3079722,EMP71769,Nathalie Delorme,pharmacien_adjoint,formation,2024-08-26,2024-08-27,1,Événement familial,pending,,,medium,False,11
0b6812c6-c776-457e-a423-23030065d58b,EMP10482,Thérèse Fournier,préparateur,RTT,2024-08-13,2024-08-16,3,Maladie,approved,refused,Conflit avec autre absence,medium,False,28
4f2345a2-9b80-4d34-8277-d22f2b8903cd,EMP52147,Thérèse Lefevre,pharmacien_adjoint,formation,2024-11-18,2024-11-23,5,Besoin de repos,refused,approved,Justificatif requis,high,False,24
5c6fef3a-0a26-4627-9d4a-fef9ec4a33d7,EMP11393,Laurent Bernard,pharmacien_titulaire,formation,2024-02-18,2024-02-26,8,Maternité,approved,approved,Couverture disponible,medium,False,20
8e6f67a0-5c1f-4ebc-b96b-038eb3bdce6f,EMP39246,Michel Moreau,pharmacien_titulaire,congé_payé,2024-03-25,2024-04-04,10,Événement familial,approved,approved,Accord manager,high,False,10
55b4f9e7-88c5-4784-a6b1-f99ce3c13c25,EMP48246,Laurent Lefevre,pharmacien_adjoint,formation,2024-10-14,2024-10-23,9,Besoin de repos,pending,,,medium,True,20
0b5a5381-08d8-4d74-89ad-052bb178ed78,EMP46159,Danielle Gérard,employé_rayon,RTT,2024-01-05,2024-01-19,14,Maternité,approved,approved,Justificatif requis,low,True,28
bf14feee-6610-4224-ae77-aa65a9419761,EMP96830,Jean Roux,pharmacien_titulaire,formation,2024-08-06,2024-08-19,13,Formation professionnelle,approved,refused,Accord manager,medium,False,9
81a6349b-5d23-40e1-832f-9024bc939e34,EMP63736,Françoise Morin,stagiaire,maladie,2024-01-04,2024-01-08,4,Congé maladie,approved,refused,Accord manager,high,False,28
140c5b35-e06a-4aa6-af1e-ccc18b610eef,EMP86970,Christiane Gaillard,pharmacien_titulaire,RTT,2024-07-12,2024-07-21,9,Maladie,pending,,,high,True,13
8f961112-9780-43e5-871e-616a2858b165,EMP94466,Isabelle Michel,employé_rayon,RTT,2024-05-28,2024-06-03,6,Besoin de repos,approved,refused,Justificatif requis,medium,False,26
b1245fe1-d8dc-4a24-b174-386a5e46e4c3,EMP81078,Christine Roux,préparateur,congé_payé,2024-12-07,2024-12-14,7,Raison personnelle,approved,refused,Couverture disponible,high,False,31
d0f1bfd0-309c-4850-9ebf-355e9262af83,EMP55435,Daniel Morin,employé_rayon,congé_payé,2024-09-23,2024-10-06,13,Événement familial,approved,approved,Accord manager,low,False,23
c2084cc0-6322-4719-92b2-214aaef83d12,EMP88262,Marc Dupont,préparateur,formation,2024-08-09,2024-08-15,6,Maternité,pending,,,high,True,23
2c947539-3711-49b5-9d11-78d586dae0e7,EMP93540,André Michel,préparateur,congé_payé,2024-05-26,2024-05-28,2,Raison personnelle,approved,refused,Raison médicale insuffisante,medium,False,46
31825b7b-7759-4602-8454-83930eda44ad,EMP15555,René Chevalier,préparateur,maternité,2024-12-06,2024-12-09,3,Besoin de repos,approved,refused,Couverture disponible,low,True,34
df52adfe-f092-4748-b3fd-fc7840c5df5c,EMP52774,Jean-Paul Dupont,préparateur,maternité,2024-07-21,2024-07-22,1,Raison personnelle,approved,refused,Couverture disponible,medium,True,24
52a8d3d3-0931-48aa-ad99-b473f448a5c5,EMP87062,Jean Michel,pharmacien_titulaire,événement_familial,2024-12-05,2024-12-10,5,Événement familial,pending,,,low,False,36
e645ea9a-7ec8-4c0a-a7c3-a2f55ab963de,EMP31068,Christian Martin,employé_rayon,événement_familial,2024-03-28,2024-04-04,7,Formation professionnelle,approved,refused,Raison médicale insuffisante,medium,False,14
a203f405-e3d2-4aaa-b137-74fc4a90cfd2,EMP16526,Michel Dubois,préparateur,événement_familial,2024-10-17,2024-10-26,9,Raison personnelle,approved,refused,Couverture disponible,high,False,17
3df7e2cd-c308-495c-8272-d4f46ec9566f,EMP67420,Michèle Maillard,pharmacien_adjoint,congé_payé,2024-07-21,2024-07-31,10,Maternité,approved,refused,Justificatif requis,medium,True,23
1071274f-139b-49fb-bd06-71611b33be64,EMP46301,Pierre Poirier,employé_rayon,événement_familial,2024-05-19,2024-05-28,9,Maternité,approved,approved,Justificatif requis,low,False,2
459c446c-d903-47f4-9f43-1c84f328a6e4,EMP85321,Sophie Maillard,pharmacien_adjoint,maladie,2024-01-25,2024-02-02,8,Congé maladie,approved,refused,Justificatif requis,low,False,35
69379740-f105-4a24-986d-87744e4cb590,EMP17303,Bernard Benoit,pharmacien_adjoint,maternité,2024-08-17,2024-08-31,14,Événement familial,pending,,,high,True,1
3230032b-48f2-49fc-b8db-3f7298ebbfb2,EMP68832,Catherine Girard,stagiaire,RTT,2024-09-27,2024-10-12,15,Besoin de repos,approved,approved,Couverture disponible,high,False,18
8d166f55-6c30-4c26-9489-54b426d3d0c1,EMP13797,Christiane Fontaine,pharmacien_titulaire,maladie,2024-07-23,2024-07-24,1,Congé maladie,approved,approved,Raison médicale insuffisante,medium,True,29
63568f4d-51df-476b-9686-fe649897c389,EMP21527,Daniel Martin,préparateur,RTT,2024-02-06,2024-02-08,2,Formation professionnelle,refused,refused,Justificatif requis,medium,False,7
b6ccef5c-7d4a-4711-aaa3-58b343ce9523,EMP84621,Alain Delorme,préparateur,congé_payé,2024-01-19,2024-01-28,9,Maladie,refused,refused,Accord manager,low,False,25
cc252842-20ae-43a9-ad5e-e42d9a600656,EMP71300,Valérie Laurent,préparateur,congé_payé,2024-09-03,2024-09-10,7,Formation professionnelle,approved,approved,Accord manager,medium,False,46
d5814ab4-5499-4edb-a168-d977433265a9,EMP87977,Claire Rousseau,préparateur,RTT,2024-06-18,2024-06-28,10,Besoin de repos,approved,refused,Couverture disponible,low,True,10
8c36b36d-bd96-41b3-b579-1f0bdd5cfe21,EMP51911,Claire Andre,pharmacien_titulaire,événement_familial,2024-11-23,2024-11-27,4,Maladie,approved,approved,Accord manager,high,True,2
37e94157-4586-4a75-b313-34594a8d3025,EMP67451,Bernard Morin,préparateur,formation,2024-08-30,2024-09-11,12,Formation professionnelle,approved,refused,Justificatif requis,high,True,20
21d7f4d7-4c0f-4b83-88f8-e2d0e2843465,EMP86791,Françoise Renaud,préparateur,événement_familial,2024-04-14,2024-04-19,5,Besoin de repos,approved,approved,Raison médicale insuffisante,medium,False,13
eadb4f4a-322b-4fc6-9011-b9a8b0749c78,EMP79122,Michel Leclerc,pharmacien_titulaire,RTT,2024-01-01,2024-01-05,4,Événement familial,pending,,,medium,True,26
9a39403e-c33f-494b-a76a-10b3cc869bd1,EMP45460,Luc Andre,pharmacien_adjoint,événement_familial,2024-07-04,2024-07-13,9,Événement familial,approved,refused,Couverture disponible,medium,False,8
48e7596b-7284-4b2e-b252-6895d6601fab,EMP34741,Nathalie Lefevre,employé_rayon,formation,2024-10-19,2024-10-29,10,Maternité,approved,approved,Accord manager,low,False,27
b1bd82a4-5cec-4f37-ab14-7d043ea6bdd1,EMP78728,Alain Fournier,préparateur,maternité,2024-03-27,2024-04-02,6,Événement familial,refused,approved,Raison médicale insuffisante,high,False,42
5c12877f-7304-41e3-9f93-c2bee6b136d5,EMP89004,René Roux,préparateur,événement_familial,2024-09-04,2024-09-18,14,Besoin de repos,approved,approved,Raison médicale insuffisante,low,False,41
2cd86384-cd07-4616-bed1-3841b09d17f8,EMP56198,Isabelle Fournier,employé_rayon,RTT,2024-06-06,2024-06-08,2,Formation professionnelle,approved,approved,Couverture disponible,low,True,1
81897f30-22f8-4092-91ab-64991da2f69a,EMP39914,Françoise Fontaine,pharmacien_adjoint,maternité,2024-04-11,2024-04-26,15,Raison personnelle,approved,refused,Justificatif requis,low,False,32
99b659cf-31b8-4577-96b8-0950d849dc9c,EMP95375,Danielle Leroy,stagiaire,congé_payé,2024-08-17,2024-08-23,6,Maternité,pending,,,medium,True,35
96eb3af1-907e-46f1-bf1c-a00b6d467fb5,EMP61535,Jacques Dubois,préparateur,événement_familial,2024-09-13,2024-09-28,15,Raison personnelle,approved,refused,Conflit avec autre absence,low,False,22
fd62d90a-8c00-4e10-864d-dfd4744ab0a1,EMP52985,Martine Laurent,employé_rayon,maternité,2024-10-30,2024-11-11,12,Événement familial,approved,refused,Conflit avec autre absence,low,False,38
e54b99ba-44c9-4dd4-b6a6-b2231a67ac5f,EMP45733,Marie Fournier,pharmacien_adjoint,formation,2024-10-19,2024-10-27,8,Formation professionnelle,approved,approved,Justificatif requis,high,True,17
1fb1c344-2a00-48bd-abb3-ff7e4aa2e02d,EMP40282,René Arnould,pharmacien_titulaire,maternité,2024-10-24,2024-11-07,14,Raison personnelle,approved,refused,Justificatif requis,high,False,24
253c29fa-77a1-4546-ad28-54da06482293,EMP61890,Claire Poulain,stagiaire,RTT,2024-12-22,2025-01-05,14,Raison personnelle,pending,,,high,True,8
d51ff1da-64ae-4f30-b5a9-39f995068ef0,EMP86791,Françoise Renaud,préparateur,maladie,2024-09-07,2024-09-16,9,Congé maladie,pending,,,high,True,20
5d824fe3-6a6d-474b-8d48-ad0001e9c45c,EMP11393,Laurent Bernard,pharmacien_titulaire,maladie,2024-10-10,2024-10-13,3,Congé maladie,refused,approved,Conflit avec autre absence,low,True,21
61e711e4-b2a7-4a2a-af4c-ceafd8d95917,EMP72417,Cécile Leclerc,préparateur,RTT,2024-03-15,2024-03-23,8,Maternité,pending,,,high,True,26
5b31abc8-87c3-44a4-bc08-e95c39f5a390,EMP10482,Thérèse Fournier,préparateur,maladie,2024-04-13,2024-04-23,10,Congé maladie,pending,,,low,False,28
696a7865-ba3c-4c6f-ab76-068b2b3bfd21,EMP89032,Philippe Leroy,préparateur,événement_familial,2024-12-30,2025-01-08,9,Événement familial,approved,approved,Accord manager,low,False,39
c940d9a1-60b3-460d-b9ed-941a4842634a,EMP22280,Pierre Delacroix,employé_rayon,RTT,2024-12-26,2025-01-06,11,Raison personnelle,pending,,,low,True,39
3eaa108b-2fa9-40dc-bacc-374294087c52,EMP29546,Anne Moreau,préparateur,maternité,2024-07-18,2024-07-28,10,Formation professionnelle,approved,approved,Justificatif requis,medium,True,5
86859c81-12a4-49fb-bea6-0a402f79514f,EMP69124,Claire Renaud,pharmacien_adjoint,formation,2024-06-01,2024-06-13,12,Formation professionnelle,approved,refused,Couverture disponible,medium,True,34
395703a8-afc7-413f-ae10-0c616f591d77,EMP77144,Michel Bernier,employé_rayon,maladie,2024-05-15,2024-05-20,5,Congé maladie,approved,refused,Raison médicale insuffisante,low,True,44
daaf5565-f315-461d-9ffc-fe6993922b5d,EMP13797,Christiane Fontaine,pharmacien_titulaire,formation,2024-12-18,2024-12-23,5,Formation professionnelle,approved,refused,Raison médicale insuffisante,medium,False,13
c4c5fae7-dfce-4567-be96-e56c708bd951,EMP27804,Sophie Leroy,pharmacien_titulaire,RTT,2024-05-05,2024-05-19,14,Événement familial,approved,approved,Couverture disponible,low,True,32
f27930a5-215c-4cb9-90dc-ea612bb1f598,EMP66212,Luc Delorme,employé_rayon,RTT,2024-02-11,2024-02-16,5,Besoin de repos,approved,refused,Conflit avec autre absence,high,False,47
87a04a7f-6af2-4f9d-a766-6abb4ccee629,EMP81765,Pierre Poirier,pharmacien_adjoint,congé_payé,2024-04-29,2024-04-30,1,Formation professionnelle,approved,approved,Conflit avec autre absence,high,True,8
cb4b28c1-4a4a-4277-8dc7-efe4b4c6c7e9,EMP97917,Catherine Dupont,préparateur,événement_familial,2024-10-02,2024-10-08,6,Événement familial,approved,refused,Raison médicale insuffisante,low,True,48
10f3cc7e-3d0a-4dee-95e1-ab66cbaf2a21,EMP18133,Jean-Paul Blanc,stagiaire,événement_familial,2024-05-07,2024-05-17,10,Événement familial,approved,approved,Accord manager,low,True,39
fc3da56e-e7ce-4fc2-9ce4-8e14284a51ad,EMP16087,André Benoit,employé_rayon,RTT,2024-12-07,2024-12-20,13,Événement familial,pending,,,high,True,8
1d0d74c8-6584-45cc-b062-a14091dbbf1d,EMP66886,Thierry Renaud,pharmacien_titulaire,maternité,2024-04-20,2024-04-28,8,Raison personnelle,pending,,,high,True,18
df069a22-dc4b-4fa0-9e96-dff361a008c1,EMP27804,Sophie Leroy,pharmacien_titulaire,congé_payé,2024-05-02,2024-05-17,15,Formation professionnelle,approved,refused,Raison médicale insuffisante,high,True,35
0d394c19-8e8c-4ed5-9fcc-db9eff87fc3d,EMP44274,Philippe Morin,employé_rayon,congé_payé,2024-12-10,2024-12-21,11,Événement familial,approved,approved,Raison médicale insuffisante,high,False,12
0e2eb1ef-bc4b-41b2-9194-5a13792b2d6f,EMP39936,André Girard,pharmacien_adjoint,maternité,2024-12-23,2024-12-25,2,Formation professionnelle,approved,refused,Couverture disponible,medium,True,41
617588e1-002c-4631-b0f7-def6b162cf49,EMP78750,Laurent Simon,employé_rayon,événement_familial,2024-07-19,2024-07-27,8,Raison personnelle,approved,refused,Conflit avec autre absence,low,True,17
1a124ba9-acdb-41a0-a2a8-40ea231e16d4,EMP78638,Anne Renaud,pharmacien_adjoint,maladie,2024-12-27,2025-01-07,11,Congé maladie,pending,,,low,True,2
9099a4dc-3d82-47ec-b414-388d798d0ec4,EMP59583,Cécile Bernard,pharmacien_adjoint,formation,2024-11-30,2024-12-08,8,Maternité,approved,refused,Couverture disponible,high,False,38
6c327637-1a37-43f2-ad20-97c0a6da4063,EMP38443,Christian Rousseau,préparateur,formation,2024-02-15,2024-02-28,13,Événement familial,approved,refused,Accord manager,high,False,24
f26e5278-4282-498c-a317-1e040945dca6,EMP84521,Cécile Leclerc,préparateur,événement_familial,2024-06-25,2024-07-03,8,Besoin de repos,approved,refused,Conflit avec autre absence,low,False,10
7d0a7241-441c-4297-ae72-4b0e4940f30f,EMP33477,Valérie Poirier,préparateur,congé_payé,2024-06-19,2024-07-04,15,Raison personnelle,approved,approved,Justificatif requis,medium,False,25
742509fd-e7fb-43bd-a6b6-6dc4932e0d1f,EMP96221,Cécile Fabre,préparateur,formation,2024-03-24,2024-04-06,13,Événement familial,approved,refused,Justificatif requis,high,True,33
e9aab1ec-15e6-4088-b1a0-83539c6d50da,EMP28870,Cécile Girard,employé_rayon,formation,2024-11-01,2024-11-08,7,Raison personnelle,approved,approved,Raison médicale insuffisante,low,False,5
13a5feec-fb4c-40eb-bc75-c4e2693decfc,EMP96712,Michèle Delorme,stagiaire,formation,2024-08-10,2024-08-25,15,Événement familial,approved,approved,Conflit avec autre absence,medium,False,38
4bd7229d-f4b5-443c-876e-c0a768b31268,EMP23811,Luc Gérard,pharmacien_adjoint,formation,2024-05-31,2024-06-04,4,Raison personnelle,pending,,,high,True,38
e9c85c8f-3980-447d-be8d-8c6715479bb5,EMP77892,Laurent Michel,pharmacien_titulaire,RTT,2024-04-07,2024-04-13,6,Maladie,pending,,,high,True,17
eb4b9bf4-474e-4cda-a9ea-3dc6d6963562,EMP21422,Thérèse Moreau,préparateur,maladie,2024-01-31,2024-02-09,9,Congé maladie,approved,refused,Raison médicale insuffisante,low,False,31
294a58f8-326a-4eed-92ba-2a17f159de02,EMP13516,Marie Morin,employé_rayon,RTT,2024-02-12,2024-02-24,12,Maladie,approved,refused,Raison médicale insuffisante,medium,True,5
af36358e-45f6-4604-8530-aad00acd9458,EMP40125,Sophie Dubois,pharmacien_adjoint,événement_familial,2024-04-23,2024-05-05,12,Maladie,approved,approved,Justificatif requis,high,True,4
86c39b56-2bfb-4d61-bfc2-420a6f9d20db,EMP32915,Nathalie Leclerc,pharmacien_titulaire,maladie,2024-03-21,2024-03-26,5,Congé maladie,approved,approved,Accord manager,low,False,46
c3d59078-64c8-403f-ae4a-75626ce168c1,EMP91377,Daniel Laurent,pharmacien_adjoint,formation,2024-02-12,2024-02-18,6,Maternité,approved,approved,Accord manager,low,True,10
932f0284-0413-4121-aa08-1032252106aa,EMP19132,Anne Morin,pharmacien_titulaire,maladie,2024-07-03,2024-07-10,7,Congé maladie,approved,refused,Raison médicale insuffisante,high,False,23
b745fb57-03d5-4d66-8964-801651815adf,EMP57150,Catherine Martin,pharmacien_adjoint,congé_payé,2024-06-18,2024-06-26,8,Maladie,approved,refused,Raison médicale insuffisante,low,True,39
30426ef2-e950-454a-8964-dcb968c88b3a,EMP56955,Daniel Arnould,pharmacien_adjoint,formation,2024-05-23,2024-05-25,2,Maternité,approved,approved,Justificatif requis,low,False,5
3fafe747-addc-4ca1-a21b-5ea92b736c9a,EMP38625,Christiane Bernard,préparateur,formation,2024-04-15,2024-04-16,1,Maladie,refused,approved,Raison médicale insuffisante,medium,True,24
2c55fd8a-a24b-4057-bc21-9a3ee8abd32f,EMP33933,Bernard Dupont,pharmacien_titulaire,formation,2024-03-10,2024-03-14,4,Raison personnelle,approved,approved,Justificatif requis,high,True,44
4618dba1-ccc0-46c2-9f08-55368f415bf0,EMP87140,René Girard,stagiaire,RTT,2024-03-08,2024-03-20,12,Formation professionnelle,approved,refused,Conflit avec autre absence,high,True,15
035f73a7-df83-4c5c-8e32-7cdb48445ec3,EMP76841,Jacques Arnould,pharmacien_adjoint,RTT,2024-12-15,2024-12-26,11,Raison personnelle,approved,approved,Couverture disponible,low,False,30
b685e2f8-05ed-4d25-9c29-be8a94d66398,EMP19778,Martine Blanc,pharmacien_titulaire,formation,2024-01-12,2024-01-19,7,Formation professionnelle,pending,,,low,False,31
506e6a97-998f-4228-be42-3784c025f69a,EMP51138,Joseph Blanc,préparateur,congé_payé,2024-02-16,2024-02-21,5,Événement familial,approved,refused,Accord manager,low,False,33
5096b375-49fb-4566-9364-559cf72c6741,EMP66285,Joseph Fontaine,pharmacien_adjoint,maladie,2024-06-12,2024-06-21,9,Congé maladie,refused,approved,Justificatif requis,medium,True,46
fe5e4dd6-65eb-4cbd-90b1-f6df8d2a43ff,EMP43236,Sophie Bernier,pharmacien_titulaire,maladie,2024-08-16,2024-08-17,1,Congé maladie,approved,refused,Conflit avec autre absence,low,False,23
1b123793-839f-4b93-90af-8fe7a77797bf,EMP12256,Olivier Arnould,préparateur,congé_payé,2024-06-16,2024-06-29,13,Raison personnelle,pending,,,medium,False,35
148c554a-c31b-403a-a0f4-1db2fe546e19,EMP87042,Isabelle Renaud,préparateur,événement_familial,2024-03-13,2024-03-17,4,Besoin de repos,approved,approved,Justificatif requis,medium,True,47
33c43e4f-e117-4e5a-a4bf-4d4c13e73d5b,EMP70672,Florence Poirier,employé_rayon,RTT,2024-08-25,2024-09-08,14,Événement familial,approved,approved,Couverture disponible,medium,False,20
36f6e7c7-ddb4-4f62-989d-ad999b0f387a,EMP19622,Laurent Chevalier,pharmacien_adjoint,événement_familial,2024-05-03,2024-05-08,5,Raison personnelle,pending,,,high,True,17
72fc95de-7677-400b-9f13-52541736bf3d,EMP78638,Anne Renaud,pharmacien_adjoint,formation,2024-10-07,2024-10-22,15,Raison personnelle,pending,,,low,False,23
1c096c9f-ef1b-4d10-9a3a-cf95672757f1,EMP39307,Sylvie Renaud,stagiaire,événement_familial,2024-12-10,2024-12-19,9,Formation professionnelle,approved,refused,Conflit avec autre absence,high,False,42
af2493fc-189f-4bec-a40d-c21f838649ea,EMP54855,Jean Gaillard,préparateur,formation,2024-01-26,2024-02-01,6,Maladie,refused,refused,Accord manager,medium,True,48
77d5d39e-e6a9-43b3-948f-bb9e3f5bdb5f,EMP65916,Jean-Paul Chevalier,pharmacien_adjoint,maternité,2024-01-06,2024-01-10,4,Formation professionnelle,approved,approved,Accord manager,medium,True,41
8bf59162-03d6-4087-bcf5-b94a1b2e475b,EMP63795,Catherine Poirier,préparateur,maternité,2024-02-02,2024-02-16,14,Événement familial,refused,approved,Accord manager,medium,False,33
507091a6-f076-46b6-8eb0-112cdc1132d3,EMP40125,Sophie Dubois,pharmacien_adjoint,RTT,2024-01-31,2024-02-03,3,Besoin de repos,refused,refused,Conflit avec autre absence,low,False,27
6fd5d28c-7b57-4263-9a92-b3a94d938145,EMP48344,André Bernard,pharmacien_adjoint,maladie,2024-12-22,2024-12-27,5,Congé maladie,pending,,,low,False,9
ef372db1-fc2c-4117-bc3e-2193839ce13d,EMP62383,Jacques Girard,employé_rayon,congé_payé,2024-09-26,2024-09-30,4,Raison personnelle,approved,approved,Couverture disponible,medium,True,3
1fa90c26-b579-4d0d-80d8-86800e3c42cb,EMP19801,Jean Moreau,préparateur,congé_payé,2024-04-18,2024-04-25,7,Besoin de repos,approved,refused,Raison médicale insuffisante,high,True,16
1d4eeb3e-e96a-4943-8b55-8a9a59ca2148,EMP75237,Jacques Fabre,préparateur,maternité,2024-06-12,2024-06-14,2,Besoin de repos,approved,refused,Justificatif requis,low,True,43
7ae8a642-1c21-424a-8c9c-b780a4a4716e,EMP23586,Philippe Blanc,pharmacien_adjoint,maternité,2024-07-05,2024-07-20,15,Événement familial,approved,approved,Couverture disponible,high,True,47
6c0b5fc0-5800-4f88-8015-0bb1f79f6c6c,EMP52916,Martine Gérard,préparateur,événement_familial,2024-06-07,2024-06-19,12,Besoin de repos,approved,approved,Raison médicale insuffisante,high,True,32
093df616-71ef-45ed-ab5f-c0ded434bcb9,EMP39914,Françoise Fontaine,pharmacien_adjoint,congé_payé,2024-11-22,2024-11-30,8,Besoin de repos,approved,refused,Couverture disponible,high,False,32
9f4b994a-43d8-4cf7-8479-8c5e683eaec5,EMP93090,Cécile Bernier,pharmacien_titulaire,congé_payé,2024-01-11,2024-01-15,4,Formation professionnelle,pending,,,low,False,31
864d3a7b-1f7b-4149-a2e0-5869c4a5e5a1,EMP70071,Sophie Bernard,préparateur,formation,2024-07-20,2024-07-27,7,Maladie,approved,approved,Accord manager,medium,False,19
35d35b56-0386-4104-b1cb-7c6b381d38fe,EMP15579,Françoise Bernard,stagiaire,congé_payé,2024-08-21,2024-08-31,10,Événement familial,approved,approved,Justificatif requis,low,False,41
a7f28965-0b23-4d14-905f-33d48075a9ae,EMP73604,Monique Moreau,préparateur,événement_familial,2024-02-20,2024-02-24,4,Formation professionnelle,pending,,,high,False,11
edfddb9e-fbe2-4793-bebe-eed18b2fbfde,EMP99593,Paul Bernier,pharmacien_adjoint,maladie,2024-12-26,2025-01-01,6,Congé maladie,approved,refused,Raison médicale insuffisante,medium,False,29
8b44450f-8416-4763-a877-2c09ebc75765,EMP47016,Christian Leclerc,pharmacien_adjoint,maternité,2024-01-15,2024-01-30,15,Besoin de repos,approved,refused,Raison médicale insuffisante,low,True,40
a31a4bf2-cd46-4ab4-9be8-6fc2a724d648,EMP95454,Jacques Lefevre,préparateur,RTT,2024-08-14,2024-08-25,11,Maternité,pending,,,medium,False,31
c79050ec-90e4-4ae6-b9ab-62b131e4d3ac,EMP16128,Pascale Roux,préparateur,maladie,2024-01-13,2024-01-18,5,Congé maladie,pending,,,high,False,9
9d91b626-6a59-494c-9ead-49a2837345b2,EMP70018,Pierre Rousseau,préparateur,congé_payé,2024-01-20,2024-01-24,4,Maternité,pending,,,low,True,45
a2d2895f-3080-4e88-92b8-ab36f865b6ec,EMP40125,Sophie Dubois,pharmacien_adjoint,RTT,2024-09-22,2024-10-04,12,Maternité,approved,approved,Accord manager,low,True,36
cc72e1a4-e2a7-4ec9-acc7-f841b572d4ba,EMP86947,Stéphanie Fournier,employé_rayon,RTT,2024-03-06,2024-03-08,2,Besoin de repos,refused,refused,Accord manager,medium,True,32
9e90fae3-9e76-4f00-a3fe-ce8dd96a531d,EMP67059,Christiane Martin,préparateur,RTT,2024-10-30,2024-11-12,13,Maladie,pending,,,low,False,18
71eb1014-20bd-4daf-8c94-09cee0e02594,EMP97917,Catherine Dupont,préparateur,maladie,2024-06-30,2024-07-01,1,Congé maladie,approved,approved,Conflit avec autre absence,medium,False,4
19971177-6c12-4327-b34e-1b5f42174f38,EMP20339,Françoise Poirier,préparateur,maladie,2024-06-15,2024-06-20,5,Congé maladie,approved,approved,Couverture disponible,high,False,5
657b6afd-e894-4589-b282-e98e004c6b6a,EMP95409,Françoise Arnould,employé_rayon,RTT,2024-08-17,2024-08-28,11,Maladie,approved,refused,Accord manager,medium,False,13
eacaa1d4-b4a3-4fe6-959f-900c6aa79a8c,EMP56855,Christiane Gérard,pharmacien_adjoint,formation,2024-04-14,2024-04-15,1,Raison personnelle,approved,refused,Accord manager,high,False,23
6f9f77c0-2709-41c9-8687-fc552da39f23,EMP30829,Jacques Bernard,préparateur,événement_familial,2024-09-01,2024-09-06,5,Formation professionnelle,pending,,,high,True,14
d3e582f9-53d1-4b1f-999d-ed59e6ad93fb,EMP72417,Cécile Leclerc,préparateur,maternité,2024-11-05,2024-11-16,11,Raison personnelle,pending,,,medium,True,12
14eda6ea-5fb3-4e88-a355-e0b676087270,EMP26804,Christiane Dupont,pharmacien_titulaire,RTT,2024-12-02,2024-12-11,9,Événement familial,approved,approved,Raison médicale insuffisante,medium,False,36
41270d36-ec26-4337-be7a-bd27626a41a7,EMP10482,Thérèse Fournier,préparateur,formation,2024-03-22,2024-03-28,6,Maladie,refused,refused,Accord manager,medium,False,44
0a234695-6df7-4025-94d1-e76ae3f21389,EMP87652,Philippe Delorme,pharmacien_adjoint,formation,2024-08-15,2024-08-26,11,Maladie,pending,,,high,False,22
92e8c956-4642-4cfa-8be3-595be9942b37,EMP90724,Jean-Paul Laurent,stagiaire,événement_familial,2024-08-13,2024-08-25,12,Maladie,refused,approved,Justificatif requis,high,False,4
551668c9-4e11-4923-ac5c-fe4eda75a726,EMP23520,Nathalie Bernard,stagiaire,maternité,2024-05-16,2024-05-18,2,Raison personnelle,pending,,,high,False,24
ba20e674-f148-4da0-aeb2-968abd84a90e,EMP39607,Nathalie Leroy,préparateur,formation,2024-06-08,2024-06-16,8,Raison personnelle,refused,approved,Raison médicale insuffisante,high,False,11
790957c2-5486-4038-94de-aba1f65e71af,EMP99593,Paul Bernier,pharmacien_adjoint,RTT,2024-06-13,2024-06-23,10,Besoin de repos,approved,refused,Couverture disponible,low,False,34
7702ff49-2d4e-47fa-86a1-aa42d496d24f,EMP79606,Jean-Paul Simon,pharmacien_adjoint,RTT,2024-06-23,2024-06-24,1,Maternité,refused,approved,Couverture disponible,low,True,5
099d6b34-006c-4c47-a3b0-5f9da18fd231,EMP46159,Danielle Gérard,employé_rayon,maladie,2024-04-02,2024-04-07,5,Congé maladie,approved,approved,Raison médicale insuffisante,medium,False,41
63fc5c4d-5608-45e0-bc24-a7c5fa05d5ee,EMP84521,Cécile Leclerc,préparateur,congé_payé,2024-04-05,2024-04-15,10,Formation professionnelle,approved,approved,Raison médicale insuffisante,medium,False,26
3242f8a1-d07d-4c9d-81f7-3b0e16a004d5,EMP57584,Jacques Benoit,employé_rayon,formation,2024-10-02,2024-10-09,7,Maladie,pending,,,low,True,7
2ae0d7fe-8b80-483b-ba43-9cffad57ceba,EMP90071,Pierre Morin,pharmacien_titulaire,maternité,2024-01-06,2024-01-07,1,Formation professionnelle,approved,refused,Couverture disponible,medium,True,45
7fa23dc5-93f7-470b-a0d3-7acc7375f84b,EMP76314,Philippe Delorme,employé_rayon,congé_payé,2024-10-06,2024-10-12,6,Maternité,approved,refused,Raison médicale insuffisante,medium,True,9
6a3d73ff-7e5e-4790-aed1-d85e3064ee6c,EMP76224,Jean Fabre,préparateur,maternité,2024-09-08,2024-09-12,4,Maternité,approved,approved,Justificatif requis,low,False,36
60516b0e-40d5-4238-9cb9-4d1346137da2,EMP62782,Christian Laurent,préparateur,maternité,2024-01-13,2024-01-26,13,Raison personnelle,approved,refused,Couverture disponible,medium,True,37
edc64c67-8b79-43c3-9960-a5cc6d416389,EMP86763,Françoise Rousseau,pharmacien_adjoint,formation,2024-01-27,2024-02-01,5,Besoin de repos,approved,refused,Raison médicale insuffisante,high,True,48
04e85667-1832-46b6-9d96-ece8bd285fd7,EMP29927,Alain Maillard,employé_rayon,maternité,2024-12-12,2024-12-20,8,Événement familial,approved,approved,Couverture disponible,medium,False,35
4d717309-8d8b-4365-99bf-8777218c6679,EMP67059,Christiane Martin,préparateur,congé_payé,2024-12-19,2025-01-01,13,Maladie,approved,approved,Conflit avec autre absence,high,False,4
ff86cd79-351f-4e45-8e4c-bcd96e02d6d5,EMP31068,Christian Martin,employé_rayon,RTT,2024-07-25,2024-08-07,13,Maternité,approved,approved,Accord manager,high,False,4
0906c195-56e9-4a79-9821-e9ef2f9957c7,EMP49540,Isabelle Bernard,pharmacien_adjoint,formation,2024-03-05,2024-03-09,4,Maladie,pending,,,medium,True,29
ff3907a7-1aec-4014-86fd-dbcc12725695,EMP70071,Sophie Bernard,préparateur,maternité,2024-04-11,2024-04-20,9,Maladie,approved,refused,Accord manager,low,False,37
a52cf03e-a492-4cd1-8263-50ec0a7ed78a,EMP40107,Michèle Arnould,employé_rayon,RTT,2024-05-24,2024-06-01,8,Formation professionnelle,approved,approved,Conflit avec autre absence,medium,False,27
ce240610-1615-4414-92a1-30bff25c2f80,EMP62367,Anne Michel,pharmacien_adjoint,maternité,2024-03-16,2024-03-30,14,Raison personnelle,pending,,,medium,False,47
41721a71-10f4-4b7f-8f1b-91644c9ddc0f,EMP11758,Marie Andre,employé_rayon,RTT,2024-07-28,2024-08-01,4,Maternité,approved,refused,Couverture disponible,high,True,2
806c5d75-3893-4c24-b7b6-c814a5d97afe,EMP53679,Olivier Benoit,pharmacien_titulaire,formation,2024-12-10,2024-12-14,4,Formation professionnelle,pending,,,medium,True,37
88eed917-8ce8-4648-bc46-208280c9279d,EMP38596,Michel Delorme,employé_rayon,maladie,2024-03-30,2024-04-04,5,Congé maladie,approved,approved,Raison médicale insuffisante,high,False,25
016e54cb-a6bb-4234-b629-110013705c50,EMP55780,Marie Gaillard,pharmacien_adjoint,RTT,2024-03-28,2024-04-11,14,Formation professionnelle,pending,,,low,True,16
67184bcf-0d06-4ea7-aff1-531f46d67671,EMP41655,Christiane Bernier,employé_rayon,congé_payé,2024-01-09,2024-01-14,5,Maternité,approved,refused,Conflit avec autre absence,low,False,28
3a3908eb-371b-455f-ac8b-0f69caa9451f,EMP70018,Pierre Rousseau,préparateur,événement_familial,2024-05-25,2024-06-06,12,Événement familial,approved,approved,Raison médicale insuffisante,medium,False,10
952ad048-857a-429b-b2a1-6b0b7badc7dd,EMP45460,Luc Andre,pharmacien_adjoint,formation,2024-02-22,2024-02-25,3,Besoin de repos,approved,approved,Justificatif requis,low,False,32
538abaf6-2f19-49e0-a2fd-e553b5d07b8c,EMP58872,Christiane Simon,stagiaire,événement_familial,2024-11-01,2024-11-14,13,Maternité,approved,approved,Raison médicale insuffisante,low,False,35
5cbfd14a-09b8-4945-8948-08a4eddab201,EMP95514,Jean Bernard,préparateur,maternité,2024-07-24,2024-07-29,5,Formation professionnelle,refused,refused,Accord manager,high,False,16
9f9e7b13-9ce8-4b7d-9e1f-1bdfdc201487,EMP48313,Florence Renaud,employé_rayon,événement_familial,2024-10-17,2024-11-01,15,Maladie,approved,refused,Accord manager,medium,False,42
f35a792c-4919-460a-838c-15023857084f,EMP91413,Alain Simon,préparateur,formation,2024-07-09,2024-07-22,13,Maternité,approved,approved,Raison médicale insuffisante,low,True,24
428a7902-6a7c-4924-b0cd-de039524278d,EMP70715,Claire Michel,pharmacien_adjoint,congé_payé,2024-04-17,2024-04-24,7,Besoin de repos,approved,approved,Conflit avec autre absence,medium,True,5
57b74728-9815-424a-9d42-626270b5b5bb,EMP86763,Françoise Rousseau,pharmacien_adjoint,congé_payé,2024-05-12,2024-05-20,8,Maternité,pending,,,low,True,1
a4303bdc-440b-4ec0-8cd4-56fffb1bb8b1,EMP24056,Jacques Dupont,pharmacien_titulaire,maladie,2024-01-06,2024-01-10,4,Congé maladie,refused,refused,Couverture disponible,high,True,38
7cf3885c-5d7b-4685-bc34-7f3d9d56e3ce,EMP22852,Laurent Poirier,pharmacien_adjoint,maladie,2024-10-02,2024-10-08,6,Congé maladie,pending,,,medium,False,44
67d5f80a-8e61-43a3-80ba-a299b64ccbdf,EMP22656,Michel Fournier,employé_rayon,maladie,2024-01-14,2024-01-25,11,Congé maladie,approved,refused,Raison médicale insuffisante,medium,False,45
9fac7332-cad7-4a7f-9942-61ded5d00a9b,EMP88805,Philippe Dubois,pharmacien_adjoint,maternité,2024-03-26,2024-04-07,12,Événement familial,pending,,,high,False,24
71070282-f06f-4c04-9ee9-8f0cff0190e1,EMP37671,Françoise Girard,préparateur,événement_familial,2024-04-08,2024-04-20,12,Besoin de repos,approved,approved,Justificatif requis,high,True,12
69ab0004-ba68-4551-b26c-9fc918048992,EMP73014,Philippe Michel,pharmacien_titulaire,événement_familial,2024-05-05,2024-05-17,12,Événement familial,approved,refused,Justificatif requis,medium,False,45
44e0c9b8-c068-4a70-8606-bb8ad6fe8f4f,EMP98120,Georges Arnould,employé_rayon,maladie,2024-12-07,2024-12-19,12,Congé maladie,refused,approved,Justificatif requis,low,True,20
f66ee3a0-d876-4727-a6ca-4eb44dbfc7c8,EMP96146,Joseph Arnould,employé_rayon,événement_familial,2024-01-13,2024-01-15,2,Événement familial,approved,approved,Couverture disponible,high,False,41
7a6bad00-13d3-4418-ad9f-7012977c7297,EMP32359,Bernard Lefevre,pharmacien_adjoint,congé_payé,2024-05-15,2024-05-19,4,Événement familial,approved,refused,Couverture disponible,high,False,27
153611eb-3860-46fc-960c-3dcd3bee5a78,EMP70071,Sophie Bernard,préparateur,maladie,2024-07-24,2024-07-25,1,Congé maladie,pending,,,high,False,24
ed1270ee-771d-4b5c-8ef4-bc563230bd96,EMP63052,Bernard Gaillard,préparateur,congé_payé,2024-10-02,2024-10-03,1,Maternité,approved,refused,Couverture disponible,medium,True,9
0a4a9102-a241-42ec-9e95-90a81f20750a,EMP20339,Françoise Poirier,préparateur,événement_familial,2024-12-22,2024-12-28,6,Besoin de repos,refused,approved,Conflit avec autre absence,high,False,11
c0cdbe6b-96c5-47ff-b515-b107120a2055,EMP95294,Martine Roux,pharmacien_adjoint,maternité,2024-10-07,2024-10-14,7,Formation professionnelle,refused,approved,Justificatif requis,high,False,26
dbdbaffb-2987-48d2-a479-32a0a43cfb9a,EMP22659,Nathalie Lefevre,préparateur,RTT,2024-08-28,2024-09-10,13,Maladie,approved,approved,Accord manager,high,True,19
351d317b-b193-46df-b120-a0f24f28ddd5,EMP10482,Thérèse Fournier,préparateur,maladie,2024-12-01,2024-12-13,12,Congé maladie,approved,refused,Couverture disponible,medium,False,21
1aea568e-ae8b-40a4-8e82-5e9f912a8680,EMP86791,Françoise Renaud,préparateur,événement_familial,2024-06-02,2024-06-10,8,Besoin de repos,approved,refused,Couverture disponible,low,True,19
975ad51d-24a0-4248-991e-c210ed0d46f2,EMP16097,Pierre Poulain,employé_rayon,formation,2024-05-03,2024-05-08,5,Événement familial,approved,approved,Couverture disponible,medium,True,47
b21508bf-f4c6-48d4-96f1-0fc8a35453ac,EMP91623,Joseph Andre,pharmacien_titulaire,formation,2024-08-20,2024-08-26,6,Événement familial,approved,approved,Conflit avec autre absence,low,False,2
9375ddec-f50b-478f-b2c8-28d254dcdb40,EMP92167,Sophie Fournier,stagiaire,maternité,2024-06-26,2024-06-27,1,Raison personnelle,approved,approved,Accord manager,high,False,13
5698dcaf-9ed0-48de-b53d-0a4b802dd9af,EMP64556,Marie Delorme,pharmacien_adjoint,maternité,2024-11-13,2024-11-27,14,Besoin de repos,approved,approved,Raison médicale insuffisante,medium,False,39
8e26fd8e-41e4-4f46-881a-78cc51e04adf,EMP94289,Laurent Laurent,employé_rayon,RTT,2024-02-04,2024-02-08,4,Maternité,approved,refused,Couverture disponible,low,False,21
7292d545-608d-427a-a8a3-6e363ef147fe,EMP23535,Stéphanie Fontaine,pharmacien_titulaire,événement_familial,2024-01-17,2024-01-31,14,Événement familial,refused,approved,Raison médicale insuffisante,high,True,46
95758bca-2b05-4d1b-a934-e0e51fe8c47a,EMP67544,Marc Benoit,préparateur,formation,2024-08-14,2024-08-16,2,Raison personnelle,approved,refused,Couverture disponible,low,True,10
acd9ab45-a2ce-4d29-b012-7215f0d60a91,EMP63903,Sylvie Moreau,employé_rayon,RTT,2024-06-17,2024-06-18,1,Besoin de repos,approved,approved,Accord manager,high,False,31
fddae938-4c21-4103-8990-b220267186ad,EMP74072,Jacques Fontaine,préparateur,congé_payé,2024-05-08,2024-05-18,10,Maternité,pending,,,low,False,26
2fbc5426-b441-4e42-a412-239cbf421b99,EMP19773,Anne Michel,préparateur,événement_familial,2024-10-03,2024-10-11,8,Formation professionnelle,approved,refused,Couverture disponible,high,True,14
109870ca-0e22-450c-b923-9615693046f6,EMP78750,Laurent Simon,employé_rayon,maternité,2024-07-27,2024-08-03,7,Événement familial,approved,approved,Conflit avec autre absence,low,False,21
80a2b0e4-f121-4cc5-8b1e-fc196d9f7328,EMP62885,Jean Lefevre,préparateur,maladie,2024-07-21,2024-07-31,10,Congé maladie,pending,,,medium,True,16
ecb6d395-7db9-4e05-b5b0-392fa877df9f,EMP27518,Laurent Renaud,pharmacien_adjoint,événement_familial,2024-10-04,2024-10-05,1,Événement familial,pending,,,medium,True,6
96441f36-9a47-4046-8df6-5d4cc9c1199d,EMP63400,Marc Poirier,pharmacien_titulaire,maternité,2024-04-30,2024-05-10,10,Maternité,approved,refused,Conflit avec autre absence,medium,True,15
3b8012e8-1e73-4b35-93da-3e1afeacaddd,EMP54776,Jean Bernier,préparateur,maternité,2024-03-25,2024-04-06,12,Événement familial,pending,,,medium,True,24
d12f62f9-17c1-42de-b3ef-74a32896fc0c,EMP13704,Nathalie Martin,pharmacien_adjoint,RTT,2024-08-10,2024-08-16,6,Événement familial,approved,approved,Raison médicale insuffisante,low,True,40
7e2e3996-e01d-4f4d-a16a-f0352a08d659,EMP32397,Jean Rousseau,employé_rayon,maladie,2024-02-27,2024-03-08,10,Congé maladie,approved,refused,Conflit avec autre absence,low,False,21
37aef7ef-5d40-4ad6-b289-dae4a2bb4425,EMP55937,Florence Gérard,pharmacien_titulaire,RTT,2024-05-31,2024-06-01,1,Formation professionnelle,approved,approved,Accord manager,high,True,12
eccec0f6-af1e-4026-ad1e-0c1a34219fea,EMP19132,Anne Morin,pharmacien_titulaire,RTT,2024-12-14,2024-12-16,2,Événement familial,approved,refused,Conflit avec autre absence,low,True,10
cbd5b880-fce4-4636-a1f2-06d3921da517,EMP21527,Daniel Martin,préparateur,formation,2024-05-31,2024-06-09,9,Formation professionnelle,refused,approved,Couverture disponible,medium,False,14
78ac715e-7adf-4ec7-b7b7-ce51a25be867,EMP37671,Françoise Girard,préparateur,événement_familial,2024-08-03,2024-08-15,12,Maladie,approved,refused,Justificatif requis,low,False,48
bf2bd129-f1c5-4810-9eb4-4104b97ac82e,EMP73604,Monique Moreau,préparateur,RTT,2024-07-01,2024-07-04,3,Raison personnelle,pending,,,medium,False,31
77b9db53-b2e2-4efc-9ae2-cf9cc4f623b9,EMP40125,Sophie Dubois,pharmacien_adjoint,événement_familial,2024-09-25,2024-09-29,4,Besoin de repos,refused,approved,Raison médicale insuffisante,medium,False,8
1cbb6db9-bc9d-4803-8578-b6c0071c3679,EMP75855,Françoise Girard,préparateur,formation,2024-07-09,2024-07-13,4,Raison personnelle,pending,,,medium,False,24
49715f64-96ca-4873-8611-e9a716c7290c,EMP86970,Christiane Gaillard,pharmacien_titulaire,maternité,2024-03-28,2024-04-08,11,Besoin de repos,approved,refused,Justificatif requis,high,True,19
0a9dd422-b13e-4d73-bf75-9946d936f3ca,EMP70672,Florence Poirier,employé_rayon,maladie,2024-06-27,2024-07-07,10,Congé maladie,approved,refused,Raison médicale insuffisante,medium,True,30
8acf05ee-af43-448d-b50b-45d19a0c9c46,EMP57150,Catherine Martin,pharmacien_adjoint,formation,2024-04-08,2024-04-17,9,Maternité,approved,refused,Conflit avec autre absence,medium,False,7
d040b5bf-d883-494d-b7d5-2569b6b3e9ca,EMP52916,Martine Gérard,préparateur,événement_familial,2024-03-17,2024-03-21,4,Événement familial,approved,approved,Justificatif requis,low,False,11
2320eaf4-9b8e-47f4-82cd-7f5d57f34ec5,EMP76314,Philippe Delorme,employé_rayon,événement_familial,2024-08-22,2024-08-24,2,Maladie,approved,approved,Raison médicale insuffisante,high,False,23
3addbd5e-cb76-4876-a893-e8087f28315e,EMP97171,Michèle Benoit,pharmacien_adjoint,événement_familial,2024-11-11,2024-11-17,6,Besoin de repos,refused,approved,Raison médicale insuffisante,low,False,15
ffe3e71b-a495-4dba-9512-6c76b4e1117b,EMP48344,André Bernard,pharmacien_adjoint,maternité,2024-12-16,2024-12-17,1,Raison personnelle,approved,refused,Conflit avec autre absence,medium,True,22
4b373366-a0d7-430b-9c2a-e884e035c53e,EMP79714,Christiane Girard,préparateur,maternité,2024-07-12,2024-07-17,5,Événement familial,approved,approved,Couverture disponible,low,False,17
354c6803-44d5-408e-ab4c-17f7a4079756,EMP91623,Joseph Andre,pharmacien_titulaire,maternité,2024-04-08,2024-04-09,1,Maternité,pending,,,low,False,17
24d6d074-2c71-4010-9c42-337b8cc4f238,EMP68301,Danielle Arnould,préparateur,formation,2024-03-20,2024-03-28,8,Maladie,refused,refused,Accord manager,low,False,47
ce58df0e-b5dc-4b5e-8d59-0ad8e76904db,EMP77415,Françoise Fournier,pharmacien_adjoint,RTT,2024-09-06,2024-09-16,10,Formation professionnelle,pending,,,high,False,14
f5cc3b3f-12be-475d-8a40-b30bfc3fb34d,EMP92496,Michel Laurent,pharmacien_titulaire,maternité,2024-10-31,2024-11-11,11,Raison personnelle,approved,approved,Justificatif requis,medium,False,48
dd087f66-c579-470e-bc2f-574cae0f7e8d,EMP27393,Joseph Chevalier,employé_rayon,congé_payé,2024-12-04,2024-12-14,10,Maladie,approved,refused,Accord manager,low,True,30
553700c5-acdf-465d-9980-601f48dee2d0,EMP84066,Thérèse Chevalier,pharmacien_adjoint,maladie,2024-08-09,2024-08-20,11,Congé maladie,pending,,,medium,True,23
042c96b0-c3cc-485c-8640-862f5213e495,EMP57775,Olivier Fabre,préparateur,congé_payé,2024-03-29,2024-04-02,4,Besoin de repos,approved,approved,Raison médicale insuffisante,medium,True,38
20a09931-1371-4fc8-a186-d344a2b26683,EMP30635,Marc Martin,pharmacien_titulaire,maladie,2024-04-14,2024-04-22,8,Congé maladie,approved,approved,Couverture disponible,high,False,38
7b78ed0c-d7aa-4751-9977-ed7d91f60475,EMP59518,Olivier Gaillard,préparateur,maladie,2024-04-29,2024-05-08,9,Congé maladie,refused,approved,Conflit avec autre absence,medium,True,47
eea08a23-c0d8-4b3d-8d03-06da9d5b5902,EMP46159,Danielle Gérard,employé_rayon,formation,2024-08-25,2024-09-07,13,Raison personnelle,approved,approved,Conflit avec autre absence,high,False,36
da1491b5-c498-4cd7-ae8d-1e5822f771a0,EMP55937,Florence Gérard,pharmacien_titulaire,maternité,2024-02-27,2024-03-07,9,Raison personnelle,approved,refused,Justificatif requis,medium,False,14
6cb330cb-baf0-41f8-b4d7-90fc11e1b9e2,EMP94466,Isabelle Michel,employé_rayon,congé_payé,2024-10-18,2024-10-21,3,Raison personnelle,pending,,,medium,False,2
4ecd8ca8-0ef4-44b4-8d27-12d56a95b12c,EMP19622,Laurent Chevalier,pharmacien_adjoint,maternité,2024-08-10,2024-08-13,3,Formation professionnelle,refused,refused,Justificatif requis,low,True,39
a8135a90-c1ca-4ebe-b958-0014b12e6387,EMP94466,Isabelle Michel,employé_rayon,maternité,2024-04-24,2024-05-01,7,Maladie,approved,refused,Conflit avec autre absence,high,False,1
0f654765-2df8-4c7f-996d-a69e7eefc53f,EMP70018,Pierre Rousseau,préparateur,maladie,2024-10-11,2024-10-12,1,Congé maladie,refused,refused,Raison médicale insuffisante,medium,True,45
b88e1990-6571-44c4-b627-305492b48b74,EMP97821,Nathalie Rousseau,pharmacien_titulaire,formation,2024-10-19,2024-10-22,3,Maladie,refused,refused,Accord manager,high,False,16
1d48462a-18a8-41b8-94c2-d056bfc4cdf6,EMP51487,Florence Leclerc,pharmacien_adjoint,congé_payé,2024-05-22,2024-06-06,15,Maladie,pending,,,medium,False,46
d34316ba-7558-4469-a511-d2126298f4e1,EMP54776,Jean Bernier,préparateur,RTT,2024-03-27,2024-03-29,2,Maternité,approved,refused,Justificatif requis,low,True,22
afc8fc27-e7c2-4377-bb61-01da5d04cb92,EMP20339,Françoise Poirier,préparateur,formation,2024-01-21,2024-02-03,13,Événement familial,pending,,,medium,False,34
7d6ce55e-afde-4feb-a46e-1d9dbaec928e,EMP87062,Jean Michel,pharmacien_titulaire,congé_payé,2024-05-20,2024-05-31,11,Événement familial,refused,refused,Accord manager,high,True,34
eb1925cb-ae95-4ceb-9075-8466526778b1,EMP38443,Christian Rousseau,préparateur,RTT,2024-04-26,2024-05-06,10,Formation professionnelle,pending,,,high,False,31
1ca26f8e-71df-4639-881a-6bb1c9e17392,EMP26400,Jacques Fournier,préparateur,maladie,2024-11-26,2024-12-08,12,Congé maladie,pending,,,medium,False,18
bd57b433-0d96-4fd8-a51c-0ec97d26183c,EMP79347,Irène Poirier,préparateur,RTT,2024-10-22,2024-10-23,1,Maladie,approved,approved,Accord manager,high,True,13
e74cb984-124b-43ee-9aa8-efd55b391baa,EMP69465,Laurent Arnould,pharmacien_adjoint,événement_familial,2024-04-13,2024-04-24,11,Événement familial,refused,refused,Justificatif requis,medium,False,31
d686bb9d-00d7-469d-b460-35e313e298b9,EMP81078,Christine Roux,préparateur,formation,2024-07-27,2024-08-03,7,Raison personnelle,pending,,,medium,False,5
3363d49d-1891-42fd-9c71-1cb6356fdf31,EMP99593,Paul Bernier,pharmacien_adjoint,formation,2024-03-31,2024-04-06,6,Maternité,approved,refused,Couverture disponible,low,True,23
86b136a7-5674-41a0-94ef-21e0fde421de,EMP49288,Irène Poirier,employé_rayon,formation,2024-07-15,2024-07-21,6,Formation professionnelle,refused,refused,Couverture disponible,low,False,27
25b634ac-3d0e-4d43-8aee-e7d0e7da6a50,EMP44360,Michel Girard,employé_rayon,RTT,2024-01-04,2024-01-13,9,Besoin de repos,approved,refused,Accord manager,medium,True,27
cdda8152-442e-4145-be9c-277bc7a22e9c,EMP78638,Anne Renaud,pharmacien_adjoint,RTT,2024-12-25,2025-01-06,12,Formation professionnelle,approved,approved,Accord manager,medium,True,1
c4aae982-fa98-4bed-81f4-b6c5eeae69cf,EMP98051,Anne Renaud,pharmacien_adjoint,événement_familial,2024-06-12,2024-06-22,10,Formation professionnelle,pending,,,high,True,17
71e1026d-1e77-4a30-b58d-3071ed45129e,EMP28475,Michel Rousseau,pharmacien_adjoint,événement_familial,2024-05-02,2024-05-05,3,Événement familial,approved,refused,Conflit avec autre absence,medium,True,40
e685a772-50de-4ce0-b3ce-18f8a888c278,EMP13704,Nathalie Martin,pharmacien_adjoint,formation,2024-12-10,2024-12-22,12,Maternité,approved,approved,Justificatif requis,high,False,24
12ea934b-abbc-4ab2-9ac0-b35eee75b59e,EMP79122,Michel Leclerc,pharmacien_titulaire,maladie,2024-12-18,2024-12-27,9,Congé maladie,pending,,,medium,False,37
45633121-2c45-40b2-927a-4f9a002367e8,EMP76442,Alain Simon,préparateur,événement_familial,2024-03-30,2024-04-05,6,Besoin de repos,approved,approved,Accord manager,high,False,9
f8fe6b75-5901-4eed-b3c9-c665d0a24372,EMP48344,André Bernard,pharmacien_adjoint,formation,2024-12-23,2024-12-30,7,Besoin de repos,pending,,,high,True,24
0c895ae4-5724-472a-af7d-f039dbe17e01,EMP67451,Bernard Morin,préparateur,formation,2024-04-08,2024-04-16,8,Formation professionnelle,approved,approved,Conflit avec autre absence,low,False,32
1f12abb4-e1b8-47f1-ac0e-9de0ded49246,EMP70018,Pierre Rousseau,préparateur,formation,2024-05-07,2024-05-09,2,Besoin de repos,approved,approved,Conflit avec autre absence,high,False,46
0d962c28-77ec-40d5-8400-4886328e39e1,EMP88160,Laurent Arnould,préparateur,RTT,2024-03-31,2024-04-10,10,Événement familial,pending,,,medium,True,36
8fb67dd5-f784-40fc-a67d-dab68f420176,EMP61350,Michèle Benoit,pharmacien_titulaire,événement_familial,2024-01-16,2024-01-26,10,Événement familial,approved,approved,Raison médicale insuffisante,low,True,32
a9632d2e-ee0a-4920-bf1e-36bc839700f7,EMP53093,Thérèse Girard,pharmacien_adjoint,événement_familial,2024-06-27,2024-07-08,11,Événement familial,approved,approved,Raison médicale insuffisante,medium,False,28
c94d403f-60be-4abf-a0d7-1f70cf01c605,EMP67059,Christiane Martin,préparateur,congé_payé,2024-09-22,2024-09-27,5,Événement familial,approved,refused,Accord manager,low,True,45
7308886f-bc32-4b71-934c-6621a15f6dd4,EMP56558,Paul Chevalier,employé_rayon,congé_payé,2024-06-24,2024-07-01,7,Formation professionnelle,pending,,,low,False,25
72746d57-3ce8-4669-9bde-625189f5760f,EMP79606,Jean-Paul Simon,pharmacien_adjoint,RTT,2024-06-05,2024-06-14,9,Maternité,approved,approved,Couverture disponible,medium,False,14
c7f2e3cd-a673-487a-abd9-9f7d97ec34e0,EMP86320,René Martin,stagiaire,RTT,2024-01-19,2024-01-26,7,Formation professionnelle,pending,,,high,False,18
b992e8d6-08d1-4844-bba5-4630ad3d8bb0,EMP28475,Michel Rousseau,pharmacien_adjoint,congé_payé,2024-04-03,2024-04-13,10,Maternité,approved,approved,Conflit avec autre absence,medium,True,27
154a1832-c285-4b2d-8cd0-c36d817c573b,EMP12909,Michèle Andre,préparateur,RTT,2024-07-26,2024-08-03,8,Besoin de repos,refused,approved,Couverture disponible,low,False,39
62c81cf7-c776-47f7-be6f-a1a6670952f3,EMP83393,Danielle Laurent,pharmacien_titulaire,maternité,2024-05-30,2024-05-31,1,Besoin de repos,approved,approved,Conflit avec autre absence,high,False,17
bf21ad97-8ae3-4dd0-b3ad-a23a26b7d16a,EMP61480,Georges Martin,préparateur,événement_familial,2024-05-25,2024-06-02,8,Maladie,pending,,,low,True,43
61eabfa3-2b27-4403-94e7-6451049913e2,EMP11722,Philippe Girard,préparateur,maternité,2024-09-10,2024-09-16,6,Formation professionnelle,approved,refused,Conflit avec autre absence,medium,True,21
f76d04d3-34ec-4e81-a977-6cdae09474e6,EMP51665,Laurent Renaud,pharmacien_adjoint,maladie,2024-03-03,2024-03-13,10,Congé maladie,refused,refused,Couverture disponible,high,True,13
2f64d46a-a8e8-4b6c-a661-e03ff74beb0f,EMP99048,Marc Rousseau,préparateur,événement_familial,2024-02-15,2024-02-20,5,Maladie,approved,approved,Justificatif requis,low,False,22
65b02907-4933-4139-bc52-dc9443373adb,EMP79678,Catherine Moreau,pharmacien_adjoint,formation,2024-02-28,2024-03-14,15,Événement familial,approved,refused,Raison médicale insuffisante,medium,False,9
21b019b3-82e5-4e55-9945-94da4617bbf4,EMP37130,Irène Simon,employé_rayon,congé_payé,2024-06-18,2024-07-01,13,Formation professionnelle,approved,approved,Justificatif requis,high,False,7
906c8a22-4f82-4e37-bf62-0face4156ed2,EMP15579,Françoise Bernard,stagiaire,congé_payé,2024-11-01,2024-11-05,4,Formation professionnelle,approved,approved,Couverture disponible,high,True,15
ea0ff0d8-f1fc-44a4-9ae2-b6132777898f,EMP24056,Jacques Dupont,pharmacien_titulaire,maladie,2024-12-25,2025-01-04,10,Congé maladie,approved,refused,Accord manager,low,False,36
cb56c900-f610-49f4-9c40-569356210226,EMP23535,Stéphanie Fontaine,pharmacien_titulaire,congé_payé,2024-11-06,2024-11-11,5,Besoin de repos,pending,,,high,True,19
d3493249-406c-4e00-94c6-b19d2621c69f,EMP51521,Luc Delacroix,employé_rayon,formation,2024-10-20,2024-10-27,7,Formation professionnelle,approved,approved,Raison médicale insuffisante,high,False,47
8506a644-a973-4f94-b235-2292a7bd56e9,EMP34081,Isabelle Bernier,pharmacien_titulaire,maladie,2024-12-01,2024-12-06,5,Congé maladie,approved,approved,Accord manager,medium,False,38
3bc268f0-0c24-40fe-925c-23b346b8b26a,EMP37064,Sophie Delacroix,préparateur,maternité,2024-03-20,2024-03-30,10,Événement familial,approved,approved,Justificatif requis,medium,False,7
bec9c048-1e64-412a-b107-8f25e0f0204a,EMP99430,Nathalie Arnould,employé_rayon,événement_familial,2024-02-15,2024-02-19,4,Raison personnelle,refused,approved,Conflit avec autre absence,low,True,28
bd25efd7-f596-44a5-beb1-d02146f5f5b6,EMP10482,Thérèse Fournier,préparateur,formation,2024-03-11,2024-03-23,12,Raison personnelle,pending,,,low,True,41
04be76d9-217f-4b0c-8f0f-77e053a26274,EMP88452,Marie Martin,préparateur,formation,2024-01-28,2024-02-11,14,Raison personnelle,refused,refused,Raison médicale insuffisante,medium,True,46
a48ae419-2e28-4cb4-90f0-93c2eaa1a8e3,EMP73176,Jacques Renaud,employé_rayon,RTT,2024-08-24,2024-08-31,7,Besoin de repos,pending,,,low,True,43
2aba5809-481c-4622-b180-5ffaf82623b9,EMP16363,Pierre Maillard,pharmacien_titulaire,maternité,2024-11-17,2024-11-20,3,Raison personnelle,refused,approved,Justificatif requis,low,False,40
44ec5c50-cd92-46e6-b69b-1bba7038e4fd,EMP79606,Jean-Paul Simon,pharmacien_adjoint,congé_payé,2024-01-19,2024-01-29,10,Formation professionnelle,approved,approved,Conflit avec autre absence,medium,False,11
762d4ca2-738b-46a6-8636-b2efa76ad478,EMP56955,Daniel Arnould,pharmacien_adjoint,RTT,2024-01-14,2024-01-29,15,Maternité,refused,approved,Justificatif requis,medium,True,8
0cd1631c-1c57-4b0a-b8c2-361a2cf597e6,EMP99282,Christine Leroy,employé_rayon,maladie,2024-06-30,2024-07-04,4,Congé maladie,approved,refused,Couverture disponible,high,False,46
e7b108a5-caf5-4b20-b430-45fa4f0dfc23,EMP77314,Danielle Blanc,pharmacien_titulaire,maladie,2024-04-22,2024-05-05,13,Congé maladie,approved,refused,Accord manager,medium,False,27
713913fc-b36c-49fd-b59a-340a65e8e874,EMP37130,Irène Simon,employé_rayon,formation,2024-01-13,2024-01-22,9,Formation professionnelle,approved,approved,Raison médicale insuffisante,high,False,9
43b1ab01-b49d-4e1d-8fd0-4dd96df7a2d9,EMP50143,Christian Benoit,préparateur,RTT,2024-12-04,2024-12-16,12,Besoin de repos,approved,approved,Accord manager,medium,False,5
971c7334-8669-4fd4-b295-420a503db8da,EMP33083,Catherine Fontaine,pharmacien_titulaire,congé_payé,2024-09-24,2024-10-02,8,Maladie,approved,refused,Accord manager,high,True,32
5b998d78-f1ca-4b0c-90bb-45930a8281b8,EMP99282,Christine Leroy,employé_rayon,formation,2024-06-04,2024-06-10,6,Raison personnelle,pending,,,medium,False,12
8c0b81ab-c6c2-4ef6-bf0b-d770f599e347,EMP71300,Valérie Laurent,préparateur,congé_payé,2024-10-04,2024-10-13,9,Raison personnelle,approved,approved,Raison médicale insuffisante,high,True,7
52c82c6d-cc8a-4f96-823c-c84ce8c7e547,EMP67700,Marc Moreau,pharmacien_titulaire,congé_payé,2024-12-30,2025-01-09,10,Formation professionnelle,approved,refused,Justificatif requis,low,False,44
46e95578-33d4-44e0-8165-0d14894b88d1,EMP11505,Alain Michel,employé_rayon,formation,2024-04-07,2024-04-12,5,Maternité,approved,approved,Couverture disponible,medium,False,29
3c71bee2-cfd3-43e2-9059-7a1c28dbe802,EMP62720,Michel Lefevre,préparateur,RTT,2024-08-03,2024-08-16,13,Besoin de repos,refused,approved,Raison médicale insuffisante,low,True,3
5e9f7c4b-924e-44c1-8825-12864d7090db,EMP91377,Daniel Laurent,pharmacien_adjoint,congé_payé,2024-03-11,2024-03-25,14,Raison personnelle,approved,refused,Justificatif requis,medium,False,23
cc80e632-d277-4b8c-99b0-7b651f24f684,EMP49288,Irène Poirier,employé_rayon,congé_payé,2024-04-15,2024-04-25,10,Raison personnelle,approved,approved,Couverture disponible,high,False,4
307d56e8-ca49-4196-9dd2-8b4b5f30dc66,EMP95514,Jean Bernard,préparateur,formation,2024-06-04,2024-06-15,11,Formation professionnelle,pending,,,high,False,30
11629726-8ddd-4e5b-bf3a-460afe439cd2,EMP25298,Philippe Fontaine,préparateur,maladie,2024-09-20,2024-10-03,13,Congé maladie,refused,refused,Accord manager,low,False,12
4ef069c2-74b5-46ec-9fbe-6377e88064f4,EMP97846,Jean Gaillard,pharmacien_titulaire,formation,2024-09-27,2024-10-05,8,Maladie,pending,,,medium,False,40
8189e5b7-52a6-469c-86bd-00e9ddef9ffb,EMP10250,Claire Leroy,pharmacien_adjoint,formation,2024-07-20,2024-07-21,1,Formation professionnelle,approved,refused,Conflit avec autre absence,low,False,21
7b8bd09b-2d2e-4df5-bc8c-a091e7183ca0,EMP14020,Anne Arnould,préparateur,événement_familial,2024-12-27,2025-01-05,9,Besoin de repos,approved,refused,Couverture disponible,low,False,34
3765d91f-c287-4545-9193-bc0e4e39885e,EMP47053,Thierry Fontaine,employé_rayon,maternité,2024-05-22,2024-06-06,15,Raison personnelle,approved,refused,Conflit avec autre absence,high,False,13
68d69db8-6988-46d9-a15f-5957776242a1,EMP40107,Michèle Arnould,employé_rayon,congé_payé,2024-03-01,2024-03-14,13,Maternité,approved,refused,Couverture disponible,medium,False,33
c255150c-bffe-4cf6-b442-f9dd847d6cff,EMP25298,Philippe Fontaine,préparateur,maladie,2024-11-11,2024-11-26,15,Congé maladie,approved,approved,Couverture disponible,low,False,34
1bd68c58-c4e4-4385-86e5-307ddaf23b70,EMP28870,Cécile Girard,employé_rayon,congé_payé,2024-03-17,2024-03-22,5,Maternité,approved,approved,Conflit avec autre absence,high,True,48
2e09f8ca-a8cd-47c3-be69-1f14a7eb5cb1,EMP47016,Christian Leclerc,pharmacien_adjoint,congé_payé,2024-12-16,2024-12-22,6,Formation professionnelle,approved,approved,Accord manager,low,True,14
b27f4244-e7d9-4fe1-8cfa-825e479459be,EMP98552,Michèle Bernier,pharmacien_adjoint,formation,2024-12-12,2024-12-17,5,Maternité,approved,refused,Raison médicale insuffisante,medium,False,17
ab33c0d0-a765-422b-b169-4c88176c587e,EMP24604,Danielle Fournier,pharmacien_adjoint,congé_payé,2024-04-06,2024-04-14,8,Raison personnelle,pending,,,low,False,35
a729ce06-e529-41f9-942d-aa5fb91c0d9f,EMP79692,Christian Delorme,pharmacien_adjoint,congé_payé,2024-06-06,2024-06-21,15,Maladie,approved,refused,Couverture disponible,medium,True,3
74c324ad-bcd7-46fe-9bf0-4fd127e8eaee,EMP73052,Danielle Laurent,préparateur,maladie,2024-04-23,2024-05-05,12,Congé maladie,approved,refused,Conflit avec autre absence,low,True,25
b1c13045-e891-4cf1-aa3a-c06b685ac888,EMP95894,Thérèse Delorme,pharmacien_titulaire,maladie,2024-04-16,2024-04-18,2,Congé maladie,approved,approved,Raison médicale insuffisante,medium,True,30
bf6ef3f4-a488-41aa-aa47-5c6f45e10e28,EMP72417,Cécile Leclerc,préparateur,formation,2024-01-16,2024-01-26,10,Raison personnelle,pending,,,medium,True,13
1fe97380-8fc4-4d79-bc41-062154a2c372,EMP74758,Françoise Poirier,employé_rayon,formation,2024-04-25,2024-05-02,7,Événement familial,approved,refused,Justificatif requis,high,False,33
3fabbc23-0ce5-46e6-9d52-ebd064477abd,EMP30829,Jacques Bernard,préparateur,RTT,2024-08-07,2024-08-20,13,Maladie,pending,,,high,False,48
d3feee20-2522-4cfb-88c1-60f41cf3879c,EMP86970,Christiane Gaillard,pharmacien_titulaire,formation,2024-03-25,2024-04-05,11,Événement familial,refused,approved,Conflit avec autre absence,low,True,9
2911f6c2-3791-49af-a87f-879853995791,EMP92211,Irène Maillard,pharmacien_adjoint,formation,2024-07-25,2024-08-07,13,Maternité,approved,approved,Conflit avec autre absence,high,True,3
601985d4-d363-4183-afaa-be01060f88a3,EMP68870,Florence Michel,pharmacien_titulaire,congé_payé,2024-06-20,2024-06-23,3,Raison personnelle,refused,approved,Accord manager,low,True,28
72659af8-dd78-47fd-9f8b-71ab9f4b5020,EMP28835,Philippe Fabre,pharmacien_adjoint,congé_payé,2024-01-28,2024-01-31,3,Besoin de repos,pending,,,medium,True,35
fb5160be-8daa-4354-bf64-dbc20765c3ac,EMP76785,Sophie Leroy,employé_rayon,congé_payé,2024-06-05,2024-06-09,4,Maternité,approved,refused,Raison médicale insuffisante,medium,False,8
be56ef30-1e69-4f21-b224-680e53b0a7d6,EMP49470,Valérie Maillard,préparateur,formation,2024-12-26,2025-01-01,6,Événement familial,approved,approved,Conflit avec autre absence,high,True,25
0ceaf166-1dc3-4c02-be5a-e0305b03fd99,EMP64149,Marc Blanc,pharmacien_adjoint,formation,2024-03-08,2024-03-17,9,Maladie,refused,approved,Conflit avec autre absence,low,True,25
4c7433f4-5dad-4311-86a9-77cf420fc3e5,EMP13704,Nathalie Martin,pharmacien_adjoint,congé_payé,2024-05-07,2024-05-20,13,Maternité,approved,refused,Raison médicale insuffisante,high,False,23
6eb44f89-1377-4905-b0d0-58ae91f57eaa,EMP63400,Marc Poirier,pharmacien_titulaire,congé_payé,2024-12-14,2024-12-17,3,Raison personnelle,approved,approved,Conflit avec autre absence,low,True,28
1103fe7c-d157-4ef7-8e46-1e1d462bcdbf,EMP40125,Sophie Dubois,pharmacien_adjoint,maternité,2024-10-26,2024-11-08,13,Formation professionnelle,approved,approved,Raison médicale insuffisante,medium,True,1
718d6ca9-661a-46e1-980a-950163b5fd3b,EMP33562,Georges Poirier,employé_rayon,formation,2024-12-11,2024-12-26,15,Maladie,pending,,,low,True,18
74d28edb-cdb4-44f3-909c-eb4cf3fb451f,EMP63020,Thérèse Delacroix,pharmacien_adjoint,formation,2024-12-20,2024-12-27,7,Raison personnelle,approved,approved,Raison médicale insuffisante,low,True,41
38fd6310-a021-471d-93ee-87d81c5c7871,EMP90724,Jean-Paul Laurent,stagiaire,formation,2024-02-29,2024-03-05,5,Raison personnelle,pending,,,high,True,33
3beeabd3-aadc-4400-a542-e18de31981a7,EMP69324,Valérie Gaillard,préparateur,événement_familial,2024-01-07,2024-01-16,9,Maladie,approved,refused,Couverture disponible,low,True,24
8a2ac1d9-194f-41c2-a27e-4327728a8942,EMP80965,Anne Michel,préparateur,maladie,2024-05-21,2024-06-02,12,Congé maladie,approved,approved,Raison médicale insuffisante,high,True,46
dc57c7ee-4730-449a-9856-1291e177bfc6,EMP68870,Florence Michel,pharmacien_titulaire,formation,2024-12-14,2024-12-18,4,Besoin de repos,refused,refused,Accord manager,high,False,5
84ae6ff5-180e-496f-a70a-f2955929d423,EMP19132,Anne Morin,pharmacien_titulaire,maternité,2024-04-29,2024-05-10,11,Événement familial,approved,approved,Raison médicale insuffisante,medium,False,46
70530faf-052d-4ab5-bd08-6fa0813aad00,EMP31016,Florence Gérard,pharmacien_titulaire,maladie,2024-06-29,2024-07-09,10,Congé maladie,approved,refused,Accord manager,low,False,19
6dca8bc3-994c-430a-9e34-eefa5cc6afca,EMP79692,Christian Delorme,pharmacien_adjoint,maladie,2024-08-30,2024-09-02,3,Congé maladie,approved,refused,Raison médicale insuffisante,high,False,15
18b6c81a-945d-4f4f-93f7-de44ee3735f5,EMP20908,Pierre Bernier,préparateur,maternité,2024-09-15,2024-09-17,2,Événement familial,pending,,,low,False,32
79275be7-3df7-4c8c-97cb-f5a9bdd952f9,EMP62099,Valérie Roux,pharmacien_titulaire,événement_familial,2024-08-14,2024-08-28,14,Événement familial,approved,refused,Accord manager,medium,True,8
c458eeb3-62e5-4600-89b4-f4fd089d257d,EMP40893,Daniel Maillard,pharmacien_adjoint,formation,2024-12-08,2024-12-13,5,Maternité,pending,,,medium,True,3
aae04ec8-a4b1-4f1c-87ad-a252e32eefe6,EMP15711,Alain Renaud,pharmacien_adjoint,congé_payé,2024-11-28,2024-12-04,6,Raison personnelle,pending,,,medium,True,18
d6841322-1423-42da-be29-96c92febd4e5,EMP66212,Luc Delorme,employé_rayon,congé_payé,2024-01-05,2024-01-13,8,Maternité,approved,refused,Raison médicale insuffisante,medium,True,33
79bdc82a-05d8-4066-a1c2-98c96d1313eb,EMP95514,Jean Bernard,préparateur,maternité,2024-10-29,2024-11-09,11,Raison personnelle,approved,approved,Raison médicale insuffisante,low,False,31
f7534f69-0c5f-4a78-b363-e7ac9e1e72cc,EMP92426,Luc Fournier,préparateur,maladie,2024-06-02,2024-06-12,10,Congé maladie,pending,,,high,False,32
b8e6b1d8-eb79-453f-952a-780778ef77e3,EMP66285,Joseph Fontaine,pharmacien_adjoint,congé_payé,2024-04-16,2024-04-22,6,Maternité,pending,,,medium,True,5
8fd8e917-551c-48e1-8388-0f41afc8cb65,EMP63736,Françoise Morin,stagiaire,événement_familial,2024-01-07,2024-01-09,2,Événement familial,pending,,,high,True,36
e70bfa8e-1525-46c8-b01c-d3a9c46e5544,EMP90317,Georges Fabre,stagiaire,maladie,2024-06-01,2024-06-05,4,Congé maladie,refused,refused,Justificatif requis,low,False,13
30882c44-dfd2-4f52-9ada-010d9da6927f,EMP91836,Olivier Chevalier,employé_rayon,formation,2024-04-23,2024-04-24,1,Raison personnelle,approved,refused,Raison médicale insuffisante,low,True,14
0488a077-99ff-42b5-8b2d-28a490c6dd71,EMP56855,Christiane Gérard,pharmacien_adjoint,RTT,2024-09-01,2024-09-10,9,Événement familial,approved,refused,Couverture disponible,low,False,25
142154b5-0df0-4c43-bcea-ae4f1567e788,EMP22918,Catherine Delorme,pharmacien_adjoint,événement_familial,2024-10-08,2024-10-14,6,Maternité,approved,refused,Conflit avec autre absence,high,False,12
7b8d746b-3875-432b-9927-22ddc3e875bf,EMP95514,Jean Bernard,préparateur,événement_familial,2024-04-03,2024-04-12,9,Formation professionnelle,approved,approved,Conflit avec autre absence,high,True,39
3daed69e-0e0f-47e2-8fa0-925e297fe202,EMP66886,Thierry Renaud,pharmacien_titulaire,RTT,2024-02-09,2024-02-15,6,Besoin de repos,approved,refused,Raison médicale insuffisante,high,False,46
1dc01bb1-466c-403f-9a5f-b5c4ff74581e,EMP71936,Joseph Poirier,pharmacien_adjoint,maternité,2024-12-31,2025-01-05,5,Maladie,approved,approved,Accord manager,low,True,27
eb3ca02a-99ef-4673-80f5-c0657fcd4f46,EMP89623,Nathalie Bernard,préparateur,formation,2024-05-05,2024-05-14,9,Événement familial,pending,,,medium,False,10
d6c3ff2d-7da9-442a-ae5f-f4f58751588e,EMP47016,Christian Leclerc,pharmacien_adjoint,congé_payé,2024-04-05,2024-04-07,2,Événement familial,approved,refused,Raison médicale insuffisante,high,False,1
b5bfb5fb-f91e-4638-8f2f-4ea3e2e9582e,EMP89032,Philippe Leroy,préparateur,formation,2024-04-30,2024-05-12,12,Besoin de repos,approved,approved,Justificatif requis,low,False,17
95a84e57-ad72-43e3-b4b7-31c7c708b155,EMP68870,Florence Michel,pharmacien_titulaire,événement_familial,2024-12-15,2024-12-30,15,Formation professionnelle,approved,refused,Conflit avec autre absence,high,True,31
7cade8d0-a51a-4372-9d06-126c83d82143,EMP30829,Jacques Bernard,préparateur,RTT,2024-11-08,2024-11-14,6,Événement familial,approved,refused,Couverture disponible,low,False,4
cf3b1438-e446-41d0-a84b-e200356a1474,EMP51487,Florence Leclerc,pharmacien_adjoint,maternité,2024-10-02,2024-10-06,4,Formation professionnelle,approved,approved,Accord manager,high,False,21
bcea9c29-4eda-4c1d-860d-01df06f62bf6,EMP33083,Catherine Fontaine,pharmacien_titulaire,congé_payé,2024-06-14,2024-06-28,14,Besoin de repos,approved,refused,Justificatif requis,high,False,27
b6fab7bf-94a6-4e9d-b275-1e8f5b90a13a,EMP61480,Georges Martin,préparateur,congé_payé,2024-02-21,2024-02-27,6,Besoin de repos,refused,refused,Raison médicale insuffisante,medium,True,13
f7d7c404-14ea-4c36-ab3a-e80c460834cb,EMP67420,Michèle Maillard,pharmacien_adjoint,maladie,2024-04-19,2024-04-28,9,Congé maladie,approved,refused,Accord manager,medium,True,15
d9c79bbe-2b79-44b0-81a6-4af8717c0094,EMP40062,Michèle Lefevre,pharmacien_titulaire,événement_familial,2024-05-06,2024-05-15,9,Maternité,refused,refused,Couverture disponible,high,True,34
410dbf73-b0fd-43ff-a8d4-7567b7bcf2f2,EMP65433,Claire Arnould,pharmacien_adjoint,maternité,2024-05-31,2024-06-01,1,Maladie,approved,approved,Raison médicale insuffisante,medium,True,28
ae6cb209-d2a4-4508-924c-5047c1d985a4,EMP44396,Martine Leclerc,pharmacien_titulaire,événement_familial,2024-05-28,2024-05-30,2,Raison personnelle,approved,refused,Raison médicale insuffisante,medium,False,32
3ce00ba9-d742-4092-a9d2-323fc173f39b,EMP65434,Joseph Poulain,pharmacien_titulaire,RTT,2024-06-19,2024-06-22,3,Maternité,approved,refused,Justificatif requis,medium,False,16
550ac86c-3b7b-4a31-8815-70ff985b9e58,EMP70877,Jacques Rousseau,préparateur,maladie,2024-10-13,2024-10-20,7,Congé maladie,refused,refused,Raison médicale insuffisante,high,True,40
6cb005ac-2799-4719-b1e5-ff767ab6f12d,EMP33562,Georges Poirier,employé_rayon,congé_payé,2024-10-08,2024-10-11,3,Raison personnelle,pending,,,medium,False,1
a429a28b-9344-42a8-b722-5820303c3955,EMP10250,Claire Leroy,pharmacien_adjoint,congé_payé,2024-04-21,2024-04-26,5,Formation professionnelle,pending,,,medium,True,15
5466a0cc-0965-4bc8-bb01-68e96843556c,EMP91377,Daniel Laurent,pharmacien_adjoint,formation,2024-06-25,2024-07-09,14,Événement familial,pending,,,low,False,32
f9baf850-de99-4033-85ba-ebe177a0fbc9,EMP77892,Laurent Michel,pharmacien_titulaire,événement_familial,2024-09-06,2024-09-07,1,Formation professionnelle,approved,approved,Conflit avec autre absence,high,False,29
e8908411-07d9-4825-bd19-bfd9e6c3c067,EMP10664,Pierre Fabre,pharmacien_titulaire,congé_payé,2024-01-15,2024-01-25,10,Besoin de repos,approved,refused,Justificatif requis,high,True,26
61dd18d6-93d7-4bb8-b449-a55a49cf34e3,EMP52750,Marie Poirier,employé_rayon,événement_familial,2024-01-31,2024-02-11,11,Raison personnelle,approved,refused,Conflit avec autre absence,low,True,41
a49a7571-80fb-4501-8bc9-4010974bc428,EMP85890,Alain Girard,pharmacien_adjoint,événement_familial,2024-11-26,2024-11-27,1,Besoin de repos,approved,approved,Couverture disponible,low,False,2
9d5d6469-b440-492d-8c4a-a51f25d15e46,EMP69057,Valérie Michel,employé_rayon,RTT,2024-08-08,2024-08-10,2,Raison personnelle,pending,,,low,True,2
afa8e9bc-8ce0-4d0c-b64e-2b2ddb47af8f,EMP34875,André Lefevre,employé_rayon,événement_familial,2024-10-06,2024-10-08,2,Événement familial,approved,approved,Conflit avec autre absence,high,False,2
489070ad-f8e0-46d6-aaf0-20ad58272909,EMP28419,Paul Arnould,employé_rayon,maternité,2024-07-09,2024-07-12,3,Besoin de repos,approved,refused,Raison médicale insuffisante,low,True,30
d458ce4a-4847-4b8f-90a1-8d97f2bb7682,EMP94339,Michel Poulain,préparateur,congé_payé,2024-10-21,2024-10-25,4,Maladie,approved,refused,Couverture disponible,high,False,3
1dc18843-1966-479f-b4ea-eabcb9f5091c,EMP82686,Danielle Delacroix,pharmacien_titulaire,événement_familial,2024-03-31,2024-04-15,15,Raison personnelle,approved,refused,Accord manager,medium,False,14
4917dba7-4fce-4314-a528-bcbd044626b4,EMP45733,Marie Fournier,pharmacien_adjoint,maladie,2024-02-06,2024-02-10,4,Congé maladie,pending,,,low,False,16
87cb9199-0eaa-46aa-a818-1d9210d8a80f,EMP36336,Laurent Poirier,préparateur,maternité,2024-02-18,2024-02-22,4,Besoin de repos,approved,approved,Couverture disponible,high,False,32
6818c4f6-0179-4044-9aac-cd759aab8d29,EMP94466,Isabelle Michel,employé_rayon,maternité,2024-10-05,2024-10-17,12,Besoin de repos,approved,approved,Accord manager,low,False,46
ab2b1ef3-0194-4de7-9da2-b60e66c465eb,EMP71839,Isabelle Arnould,employé_rayon,maladie,2024-08-02,2024-08-05,3,Congé maladie,pending,,,low,True,38
4c717dd2-7397-47cb-b5aa-7b4593c746a9,EMP80959,Stéphanie Fontaine,préparateur,RTT,2024-06-23,2024-07-06,13,Événement familial,approved,approved,Accord manager,medium,False,34
a9d4c869-cec3-48b9-bb95-77ad7ef1c4e3,EMP93540,André Michel,préparateur,maternité,2024-04-21,2024-04-29,8,Formation professionnelle,pending,,,medium,True,48
60a35173-7fb1-4bb2-bf1b-46f884cc4123,EMP21002,Irène Fabre,préparateur,RTT,2024-12-22,2024-12-31,9,Besoin de repos,approved,approved,Couverture disponible,high,False,31
e9cb4ee1-27dc-4e5e-87bd-a9de07404f35,EMP62021,Paul Gaillard,pharmacien_titulaire,événement_familial,2024-07-06,2024-07-15,9,Besoin de repos,approved,refused,Raison médicale insuffisante,medium,True,18
ca75c888-b045-46fe-a4fe-6b0493a2b0bd,EMP25298,Philippe Fontaine,préparateur,maladie,2024-06-19,2024-06-26,7,Congé maladie,pending,,,high,False,35
24623b3c-fd35-4197-ac87-3bf3d70dbf27,EMP30092,Alain Blanc,pharmacien_titulaire,événement_familial,2024-12-17,2024-12-25,8,Formation professionnelle,approved,approved,Accord manager,medium,False,14
70e67597-1e1a-44dc-a4ee-6b01b7a0af50,EMP94780,Paul Dupont,pharmacien_titulaire,formation,2024-08-20,2024-09-01,12,Événement familial,pending,,,high,False,27
fec23145-26cb-4023-a569-5f11cdd8eead,EMP85839,Thérèse Fabre,employé_rayon,événement_familial,2024-10-09,2024-10-15,6,Formation professionnelle,approved,refused,Raison médicale insuffisante,medium,False,14
9e4fcbd0-988a-42e3-be29-9bed20ded3d8,EMP96712,Michèle Delorme,stagiaire,maternité,2024-04-21,2024-04-22,1,Maternité,approved,approved,Accord manager,medium,True,42
dd8eedc9-a10a-4e93-9509-55405ad4835b,EMP46159,Danielle Gérard,employé_rayon,événement_familial,2024-10-13,2024-10-23,10,Besoin de repos,approved,approved,Accord manager,low,False,22
6660e366-0790-4be0-8c14-967016a50d65,EMP20908,Pierre Bernier,préparateur,congé_payé,2024-02-05,2024-02-09,4,Maladie,approved,refused,Couverture disponible,high,False,26
52aa940a-6b3b-4310-91d6-d96ad70d808d,EMP88262,Marc Dupont,préparateur,congé_payé,2024-07-06,2024-07-07,1,Maternité,approved,approved,Justificatif requis,low,False,24
e271417c-9dbc-4988-aaca-1724973a6966,EMP22852,Laurent Poirier,pharmacien_adjoint,congé_payé,2024-07-11,2024-07-17,6,Maternité,approved,refused,Conflit avec autre absence,low,True,12
71d527eb-8e3e-4049-a01d-fcf5aa8db683,EMP42121,Sophie Dubois,employé_rayon,RTT,2024-03-12,2024-03-19,7,Maternité,approved,refused,Conflit avec autre absence,high,True,34
a4e38b3d-d853-4eeb-ae93-c1c0fb60c419,EMP91413,Alain Simon,préparateur,maladie,2024-10-09,2024-10-18,9,Congé maladie,approved,approved,Raison médicale insuffisante,medium,True,12
ba213b25-6895-4929-a74b-b7c3ddec327d,EMP28870,Cécile Girard,employé_rayon,maternité,2024-07-06,2024-07-15,9,Besoin de repos,pending,,,low,True,14
d2a5410d-e1b0-4bb1-8697-869bd4182bbf,EMP71769,Nathalie Delorme,pharmacien_adjoint,événement_familial,2024-10-31,2024-11-01,1,Maternité,pending,,,low,True,43
90380af3-30f8-48d7-9542-8f577d22d0af,EMP59253,Pierre Martin,pharmacien_adjoint,maladie,2024-07-04,2024-07-06,2,Congé maladie,approved,approved,Accord manager,high,False,11
b9529b05-1bcf-4db1-b45c-49ca5b2cf316,EMP83393,Danielle Laurent,pharmacien_titulaire,congé_payé,2024-07-08,2024-07-17,9,Événement familial,approved,approved,Couverture disponible,medium,True,14
47477775-fb93-4190-ae56-0aee00fde32c,EMP17303,Bernard Benoit,pharmacien_adjoint,RTT,2024-12-23,2024-12-28,5,Raison personnelle,pending,,,low,True,47
23a6152e-529a-4b47-bf7b-fc156d8ec755,EMP81078,Christine Roux,préparateur,événement_familial,2024-11-19,2024-12-04,15,Maternité,pending,,,high,True,2
40a515d6-61f9-4826-a879-4c3657cb7bc7,EMP55913,Catherine Girard,employé_rayon,maternité,2024-01-31,2024-02-09,9,Maladie,approved,refused,Raison médicale insuffisante,high,False,12
f6925d75-738d-44fc-8360-c1395006b922,EMP20067,Florence Rousseau,pharmacien_titulaire,congé_payé,2024-03-18,2024-03-25,7,Raison personnelle,pending,,,medium,False,22
e82e5bf7-c2aa-47d6-bd1a-3b742ef3a820,EMP28475,Michel Rousseau,pharmacien_adjoint,maternité,2024-02-23,2024-03-08,14,Besoin de repos,approved,refused,Conflit avec autre absence,high,True,12
f426b3c5-045d-47ce-8c1c-ab305900d2fa,EMP84521,Cécile Leclerc,préparateur,formation,2024-03-01,2024-03-16,15,Besoin de repos,refused,refused,Couverture disponible,high,True,13
61de5c10-2e0e-4417-8d7a-9d7baea6bfbf,EMP86320,René Martin,stagiaire,formation,2024-01-20,2024-02-02,13,Événement familial,refused,refused,Raison médicale insuffisante,high,True,18
7f1ac455-48bb-4ab4-a908-c8a9f8c14053,EMP51138,Joseph Blanc,préparateur,formation,2024-05-09,2024-05-18,9,Besoin de repos,approved,approved,Couverture disponible,low,False,2
5e451273-70d2-44ea-bcba-17ad5fa080c5,EMP90724,Jean-Paul Laurent,stagiaire,maternité,2024-10-06,2024-10-10,4,Besoin de repos,pending,,,medium,True,38
f7844e00-05d0-4b21-9a40-cf7fe59de92f,EMP79049,Paul Gérard,pharmacien_adjoint,congé_payé,2024-12-04,2024-12-10,6,Événement familial,refused,refused,Couverture disponible,high,False,44
aba66acb-0e30-432d-b64d-5e31ca0370ba,EMP98782,Pierre Blanc,préparateur,congé_payé,2024-07-24,2024-08-03,10,Formation professionnelle,approved,refused,Conflit avec autre absence,medium,True,41
bacd6190-7e23-4487-b718-d9cf17a1a6fb,EMP79971,Laurent Poirier,pharmacien_adjoint,formation,2024-09-07,2024-09-11,4,Formation professionnelle,approved,approved,Couverture disponible,low,False,18
941b738b-c3b1-4365-b075-1f855f09e89d,EMP79971,Laurent Poirier,pharmacien_adjoint,maternité,2024-06-09,2024-06-13,4,Formation professionnelle,pending,,,low,True,20
84a40f01-7b78-4352-af32-ab0c94536ff3,EMP81029,Jacques Bernier,pharmacien_adjoint,maladie,2024-08-14,2024-08-28,14,Congé maladie,pending,,,high,True,23
1c9ff32f-22ff-4177-a717-42ca2d96184a,EMP21924,Christine Morin,pharmacien_titulaire,RTT,2024-11-09,2024-11-12,3,Événement familial,approved,refused,Couverture disponible,medium,False,22
5218b951-a882-456f-969a-cb47dd804ebf,EMP13230,Christian Fournier,préparateur,événement_familial,2024-02-24,2024-02-25,1,Besoin de repos,approved,approved,Justificatif requis,medium,True,22
aec27601-e2a6-46f1-a2f2-4d274534ab47,EMP89161,Nathalie Fabre,préparateur,RTT,2024-01-12,2024-01-15,3,Événement familial,approved,approved,Couverture disponible,low,False,37
6ebdf624-9c4a-4d35-8e1e-eb26304cf465,EMP79606,Jean-Paul Simon,pharmacien_adjoint,maladie,2024-07-30,2024-08-03,4,Congé maladie,approved,refused,Accord manager,low,True,48
99292d9e-a016-4a11-b390-f10391af4e1e,EMP77805,Michel Rousseau,employé_rayon,RTT,2024-08-24,2024-08-25,1,Événement familial,approved,approved,Couverture disponible,high,False,22
3c0eeef6-4698-4141-bc5a-910e0b582548,EMP36050,Sophie Fournier,pharmacien_titulaire,maladie,2024-08-19,2024-08-29,10,Congé maladie,approved,approved,Justificatif requis,high,False,11
8eb2838b-56c8-4ef5-ace8-1bc91fe80beb,EMP22918,Catherine Delorme,pharmacien_adjoint,formation,2024-01-17,2024-01-28,11,Raison personnelle,approved,refused,Couverture disponible,low,True,17
128d2aa8-642b-4b66-a6f9-7480b826360e,EMP87085,Laurent Gérard,pharmacien_titulaire,événement_familial,2024-09-15,2024-09-24,9,Raison personnelle,approved,approved,Conflit avec autre absence,medium,False,3
1562196f-daab-4440-a012-78a77649c1e7,EMP45909,Pascale Rousseau,préparateur,événement_familial,2024-12-08,2024-12-19,11,Formation professionnelle,approved,refused,Raison médicale insuffisante,high,False,36
03756846-855f-4c4c-b82e-33fbe2145f68,EMP70018,Pierre Rousseau,préparateur,RTT,2024-10-17,2024-10-31,14,Raison personnelle,pending,,,low,False,24
45483575-ee83-4dd1-a766-d1594a8feebc,EMP33278,Pierre Benoit,préparateur,maternité,2024-04-22,2024-04-28,6,Raison personnelle,pending,,,medium,True,25
56d19f07-e7b2-4959-82d4-be6216cb9e0c,EMP85709,René Chevalier,pharmacien_adjoint,maternité,2024-04-14,2024-04-24,10,Besoin de repos,pending,,,medium,False,8
72b202e7-28e2-4831-a12b-e6a2fda67f00,EMP61350,Michèle Benoit,pharmacien_titulaire,événement_familial,2024-06-30,2024-07-03,3,Raison personnelle,approved,approved,Conflit avec autre absence,high,True,26
4db8abba-6c18-4eed-a3f8-4c7c95a8e17f,EMP47547,Jacques Dubois,pharmacien_titulaire,congé_payé,2024-05-19,2024-05-22,3,Raison personnelle,approved,approved,Raison médicale insuffisante,low,False,48
39f73522-88af-42f0-9a75-1895401a0044,EMP86225,Michel Renaud,préparateur,événement_familial,2024-04-01,2024-04-04,3,Raison personnelle,approved,refused,Raison médicale insuffisante,low,True,16
0f97642d-09a0-4834-bd20-e212d6ea3a41,EMP70137,Anne Simon,employé_rayon,formation,2024-08-20,2024-08-25,5,Formation professionnelle,refused,approved,Raison médicale insuffisante,low,False,28
0fbc5f1b-a943-41e1-86f4-c4d9d164666b,EMP98141,Daniel Fournier,employé_rayon,congé_payé,2024-11-01,2024-11-13,12,Maternité,refused,approved,Accord manager,medium,False,46
14481b52-3e46-4af6-b688-57144cb7cfdc,EMP12863,Françoise Dupont,employé_rayon,maladie,2024-09-15,2024-09-19,4,Congé maladie,refused,refused,Couverture disponible,low,True,46
6fb47f13-deef-430e-a21c-f8d983705b8e,EMP86320,René Martin,stagiaire,formation,2024-09-10,2024-09-23,13,Formation professionnelle,approved,approved,Couverture disponible,medium,True,19
a823af97-159c-4c92-9100-2f8eaa9eb2a3,EMP13230,Christian Fournier,préparateur,congé_payé,2024-05-10,2024-05-18,8,Événement familial,approved,approved,Conflit avec autre absence,low,True,21
24d48f43-900e-4cb0-86db-cd2c521406da,EMP67753,Marc Bernard,pharmacien_adjoint,événement_familial,2024-09-11,2024-09-25,14,Raison personnelle,approved,approved,Accord manager,low,False,34
d23c1c8c-29a7-48c0-80af-8e7d83ab54b0,EMP79828,Thérèse Roux,pharmacien_adjoint,congé_payé,2024-06-05,2024-06-19,14,Formation professionnelle,approved,approved,Conflit avec autre absence,high,False,6
c019c339-d18a-42c0-93ea-4f2729cd0c09,EMP21198,Stéphanie Blanc,préparateur,congé_payé,2024-06-10,2024-06-13,3,Besoin de repos,refused,approved,Raison médicale insuffisante,medium,True,35
dfedb718-8600-468a-a2b0-3b2cce17d6c1,EMP94962,Jacques Blanc,préparateur,RTT,2024-07-20,2024-07-24,4,Événement familial,approved,refused,Accord manager,low,True,38
92594640-08b9-441d-8e18-a19cf8aa3c97,EMP62099,Valérie Roux,pharmacien_titulaire,maladie,2024-03-27,2024-04-01,5,Congé maladie,approved,refused,Justificatif requis,high,False,21
38c3f314-47b7-4cf2-8ae5-2ab76ac7c845,EMP48344,André Bernard,pharmacien_adjoint,maladie,2024-05-07,2024-05-14,7,Congé maladie,approved,approved,Accord manager,low,False,42
87681c7d-503a-435e-bb92-9252552e7b21,EMP96221,Cécile Fabre,préparateur,formation,2024-03-03,2024-03-17,14,Maladie,refused,approved,Justificatif requis,low,True,30
d84b1730-2ea6-4a73-8fce-dc4a418400b7,EMP40282,René Arnould,pharmacien_titulaire,maladie,2024-06-26,2024-07-10,14,Congé maladie,pending,,,high,False,34
696e75b7-63fa-4b7d-ba95-b3a05451c2b8,EMP94339,Michel Poulain,préparateur,maternité,2024-03-16,2024-03-17,1,Maternité,approved,refused,Justificatif requis,low,True,23
e82379ed-d00e-4078-ada4-7f657ac660a3,EMP54908,Françoise Arnould,pharmacien_adjoint,maladie,2024-01-27,2024-02-03,7,Congé maladie,pending,,,high,True,24
4cba8071-b9d5-4f5d-a2ce-bcab03b4c714,EMP47051,Marie Roux,employé_rayon,congé_payé,2024-03-11,2024-03-20,9,Raison personnelle,approved,refused,Raison médicale insuffisante,high,True,27
fbe49124-a3ea-41bf-93cf-3a568a6f7df6,EMP39607,Nathalie Leroy,préparateur,congé_payé,2024-07-26,2024-08-04,9,Événement familial,approved,approved,Accord manager,medium,True,37
6d3b4818-2b01-437c-ae05-6091cdf882b6,EMP28475,Michel Rousseau,pharmacien_adjoint,maladie,2024-03-31,2024-04-10,10,Congé maladie,refused,approved,Couverture disponible,high,True,22
e6f2a7d8-92a9-4503-a8e1-678bd6ce3258,EMP44396,Martine Leclerc,pharmacien_titulaire,maladie,2024-11-04,2024-11-12,8,Congé maladie,approved,refused,Raison médicale insuffisante,medium,True,18
3cc5275c-d245-490d-a2e5-7a487efac7a4,EMP52819,Joseph Girard,pharmacien_titulaire,maternité,2024-11-11,2024-11-26,15,Raison personnelle,approved,refused,Conflit avec autre absence,medium,True,13
bcc6b2d0-9d7f-4c7f-82d8-de3b8adbc3e0,EMP49470,Valérie Maillard,préparateur,maternité,2024-01-10,2024-01-14,4,Événement familial,approved,approved,Conflit avec autre absence,low,False,13
3ee8c16e-fba5-4484-a87c-e7898e40b0d1,EMP60879,Valérie Renaud,préparateur,formation,2024-09-19,2024-09-28,9,Raison personnelle,pending,,,high,True,37
0e7e66f1-63ca-4c8a-a3f9-1d006939678f,EMP96712,Michèle Delorme,stagiaire,formation,2024-06-10,2024-06-15,5,Raison personnelle,approved,refused,Raison médicale insuffisante,low,True,23
dc8aeb67-a7dd-4919-9f52-6842e09a3fe8,EMP22656,Michel Fournier,employé_rayon,maternité,2024-08-02,2024-08-07,5,Formation professionnelle,pending,,,low,False,12
f254ea40-ced6-48cc-9185-c27d43a2da6d,EMP22280,Pierre Delacroix,employé_rayon,formation,2024-09-29,2024-10-05,6,Besoin de repos,approved,approved,Justificatif requis,medium,False,7
2d544b0e-92ba-4e02-b6f8-d444ae42cb9f,EMP53679,Olivier Benoit,pharmacien_titulaire,RTT,2024-05-18,2024-05-22,4,Maladie,approved,approved,Justificatif requis,medium,False,44
bb31aebc-ac5b-4e52-91d2-683df07d0b38,EMP53103,Georges Laurent,employé_rayon,formation,2024-10-26,2024-11-06,11,Raison personnelle,pending,,,high,True,32
c1a93439-e7d5-4420-96de-b3b3200219a8,EMP14516,Catherine Rousseau,pharmacien_titulaire,formation,2024-07-19,2024-07-24,5,Maladie,refused,approved,Accord manager,high,False,41
63c7250d-d414-443e-8704-117455b07791,EMP75210,Sophie Roux,employé_rayon,formation,2024-04-13,2024-04-26,13,Formation professionnelle,pending,,,low,True,38
1a280fd3-8cf1-4a54-b258-ef8aa7aaf893,EMP22649,Luc Leroy,employé_rayon,événement_familial,2024-11-09,2024-11-16,7,Maladie,approved,approved,Accord manager,low,False,42
e4778e47-031c-4ef3-84f3-275b5c512008,EMP99048,Marc Rousseau,préparateur,maladie,2024-03-16,2024-03-19,3,Congé maladie,approved,approved,Accord manager,medium,False,24
62d66ef5-8c7e-4fc6-82e6-40753b1b8956,EMP89511,Georges Rousseau,pharmacien_adjoint,maladie,2024-10-05,2024-10-07,2,Congé maladie,approved,refused,Raison médicale insuffisante,low,True,4
a7e1be1c-8cbc-42f0-9e49-1412f5534305,EMP67753,Marc Bernard,pharmacien_adjoint,maternité,2024-08-06,2024-08-13,7,Maternité,approved,refused,Justificatif requis,low,False,33
bb1a69ea-b511-4cf0-ab13-51fb269812e6,EMP81452,Philippe Martin,pharmacien_titulaire,événement_familial,2024-11-01,2024-11-10,9,Maladie,approved,refused,Conflit avec autre absence,medium,True,3
52ffad37-a708-4d4f-8ae3-dc371db114db,EMP48313,Florence Renaud,employé_rayon,maternité,2024-05-02,2024-05-08,6,Besoin de repos,refused,refused,Conflit avec autre absence,high,False,21
653ed281-688e-4114-bb41-624344f6bf9d,EMP73014,Philippe Michel,pharmacien_titulaire,RTT,2024-03-04,2024-03-13,9,Maternité,pending,,,medium,True,48
fcc3663a-3d8c-4e14-8d0c-88d55658600b,EMP52985,Martine Laurent,employé_rayon,maladie,2024-10-20,2024-11-03,14,Congé maladie,approved,refused,Couverture disponible,high,True,42
8dd9f662-76fe-4bee-b621-cccceff3adb1,EMP71342,Michèle Morin,stagiaire,RTT,2024-05-27,2024-06-07,11,Raison personnelle,approved,approved,Justificatif requis,low,True,31
0af8ab2c-78bb-496a-8ed2-3f5745435816,EMP86320,René Martin,stagiaire,formation,2024-01-27,2024-01-31,4,Raison personnelle,approved,refused,Accord manager,low,True,26
75c6e62d-809f-433b-8c50-2e690a6555a3,EMP51911,Claire Andre,pharmacien_titulaire,événement_familial,2024-12-06,2024-12-17,11,Formation professionnelle,approved,approved,Raison médicale insuffisante,low,False,25
c82376b5-a692-4de4-aeab-002453ed371b,EMP21530,Florence Benoit,employé_rayon,congé_payé,2024-02-22,2024-03-05,12,Besoin de repos,approved,approved,Couverture disponible,high,False,23
2c567279-1ac6-438c-8adc-c621a1a4be5f,EMP71936,Joseph Poirier,pharmacien_adjoint,maladie,2024-08-10,2024-08-22,12,Congé maladie,approved,approved,Couverture disponible,high,True,26
997a1630-b268-48bd-9f8c-32c708dc38bf,EMP72153,Georges Bernier,préparateur,formation,2024-12-22,2024-12-24,2,Besoin de repos,pending,,,low,False,33
f1122b0f-be5a-4a31-9a64-ac35532b604c,EMP56198,Isabelle Fournier,employé_rayon,événement_familial,2024-10-05,2024-10-10,5,Événement familial,pending,,,low,False,12
44dfbb28-67c8-45d6-a24c-ffa3e44239a8,EMP98141,Daniel Fournier,employé_rayon,formation,2024-08-25,2024-08-26,1,Formation professionnelle,pending,,,medium,False,45
2240c0f8-be43-4ecd-8d3e-edc236561fd2,EMP76841,Jacques Arnould,pharmacien_adjoint,congé_payé,2024-04-10,2024-04-21,11,Événement familial,refused,approved,Conflit avec autre absence,high,False,46
ce7adff3-5996-44b3-a11c-eea1c68c527b,EMP10139,Jacques Blanc,préparateur,maternité,2024-04-30,2024-05-03,3,Besoin de repos,approved,approved,Accord manager,high,True,16
7e4590f4-8d59-4ad6-9d4e-26aa3a4c4292,EMP96146,Joseph Arnould,employé_rayon,événement_familial,2024-04-19,2024-04-23,4,Besoin de repos,refused,approved,Justificatif requis,high,True,14
0e6afc7b-592d-46db-aa9a-e75fd30cd071,EMP30829,Jacques Bernard,préparateur,congé_payé,2024-01-10,2024-01-11,1,Besoin de repos,pending,,,low,False,42
24f77e82-12f6-4f5c-a014-c934c7faf345,EMP72404,Jacques Delorme,pharmacien_titulaire,RTT,2024-11-23,2024-12-01,8,Raison personnelle,approved,approved,Accord manager,low,True,18
0a2cf59f-a305-4e82-b69f-4b07a5c05485,EMP18030,Catherine Arnould,préparateur,congé_payé,2024-03-23,2024-04-02,10,Formation professionnelle,approved,approved,Raison médicale insuffisante,medium,False,10
9c000449-9e22-4547-b579-07c10e8e159b,EMP38348,Florence Renaud,pharmacien_titulaire,maladie,2024-03-09,2024-03-22,13,Congé maladie,approved,approved,Accord manager,low,True,48
6eb475c3-c45c-49cc-9722-dd08debfc47d,EMP75237,Jacques Fabre,préparateur,maladie,2024-05-08,2024-05-14,6,Congé maladie,approved,approved,Justificatif requis,medium,True,23
9413c042-b6c0-4105-988d-d8387272d35d,EMP91377,Daniel Laurent,pharmacien_adjoint,congé_payé,2024-04-15,2024-04-23,8,Maternité,approved,approved,Justificatif requis,medium,False,19
aea2a10f-8586-4422-af99-e3c1dbdc9731,EMP76785,Sophie Leroy,employé_rayon,congé_payé,2024-12-24,2024-12-29,5,Besoin de repos,approved,refused,Couverture disponible,high,True,9
d701f330-84bd-479d-b65d-e974a72fc19a,EMP35555,Monique Fabre,pharmacien_titulaire,formation,2024-05-06,2024-05-16,10,Besoin de repos,approved,approved,Justificatif requis,medium,True,35
e7abdf70-8f80-4993-a07f-b90d116b1dd3,EMP72356,Pierre Gaillard,pharmacien_adjoint,congé_payé,2024-09-21,2024-09-26,5,Formation professionnelle,pending,,,medium,False,34
a69e5cdf-567d-4109-b83a-530f34cd8402,EMP34741,Nathalie Lefevre,employé_rayon,maladie,2024-06-20,2024-06-27,7,Congé maladie,approved,refused,Couverture disponible,medium,True,28
f81fe615-47da-49b2-950a-8930cda6bac5,EMP18030,Catherine Arnould,préparateur,formation,2024-08-07,2024-08-22,15,Raison personnelle,approved,refused,Justificatif requis,medium,True,22
e38fec48-a966-48da-83c3-f37f011599ac,EMP84521,Cécile Leclerc,préparateur,RTT,2024-07-20,2024-07-23,3,Raison personnelle,approved,refused,Accord manager,high,True,14
59ba5b94-d99d-4dc7-9188-19fc1a37f06b,EMP85839,Thérèse Fabre,employé_rayon,événement_familial,2024-12-04,2024-12-17,13,Maladie,approved,refused,Raison médicale insuffisante,high,False,15
e9576af0-ad26-4911-860f-5b5c2b2f038f,EMP78485,Michèle Rousseau,pharmacien_adjoint,événement_familial,2024-06-21,2024-07-03,12,Maladie,approved,refused,Raison médicale insuffisante,low,True,15
96665e41-aa0d-4413-9c2b-cca4acb6bd19,EMP14604,Sophie Poirier,employé_rayon,maternité,2024-02-19,2024-03-03,13,Événement familial,approved,refused,Accord manager,medium,False,10
25be9dcf-8825-4731-b9a9-1d62ec6f44b3,EMP95409,Françoise Arnould,employé_rayon,RTT,2024-07-15,2024-07-25,10,Formation professionnelle,approved,refused,Justificatif requis,high,True,17
984f190d-9ff3-4117-b8e1-cacb82e5bc91,EMP26400,Jacques Fournier,préparateur,formation,2024-08-08,2024-08-14,6,Raison personnelle,approved,approved,Couverture disponible,high,True,17
c2827f28-ec6d-41d7-b00b-ba1990dbf861,EMP47051,Marie Roux,employé_rayon,formation,2024-02-02,2024-02-05,3,Événement familial,approved,approved,Justificatif requis,low,True,35
18c04e7e-95a4-414f-87f1-2cd54dfe41a5,EMP46298,Sylvie Poulain,préparateur,formation,2024-09-14,2024-09-19,5,Formation professionnelle,approved,refused,Conflit avec autre absence,low,True,4
05bfec2b-167b-49f7-9031-b8bb9e9f8dd2,EMP98552,Michèle Bernier,pharmacien_adjoint,maladie,2024-03-20,2024-03-27,7,Congé maladie,approved,approved,Justificatif requis,high,True,24
e5fd4c02-c779-4388-81ee-bc648210f1d6,EMP89395,Irène Poulain,préparateur,RTT,2024-03-31,2024-04-04,4,Maladie,approved,approved,Justificatif requis,low,True,40
4356ab5d-d7a4-4231-a52c-ce0900ed67c9,EMP68832,Catherine Girard,stagiaire,RTT,2024-04-08,2024-04-12,4,Besoin de repos,approved,refused,Justificatif requis,high,True,44
6c8e4aad-1e78-470e-9d58-c9f040130be6,EMP54776,Jean Bernier,préparateur,maladie,2024-12-31,2025-01-15,15,Congé maladie,approved,approved,Accord manager,medium,True,38
6ab401d6-bb28-4d48-9f29-2b67f219dbf0,EMP56855,Christiane Gérard,pharmacien_adjoint,congé_payé,2024-06-11,2024-06-25,14,Maladie,approved,approved,Raison médicale insuffisante,medium,False,47
980959d5-8bed-4039-b92c-156b18de3960,EMP84211,Danielle Bernier,préparateur,maternité,2024-12-26,2025-01-06,11,Maternité,pending,,,low,True,41
bcb0d9ff-9eea-4185-a7e8-ca3534d62bc8,EMP22852,Laurent Poirier,pharmacien_adjoint,événement_familial,2024-01-07,2024-01-13,6,Maladie,approved,approved,Justificatif requis,high,False,43
0e70a24d-fb82-4ebf-8161-fec56398a7c1,EMP98495,Joseph Gaillard,pharmacien_titulaire,événement_familial,2024-10-12,2024-10-14,2,Maternité,approved,approved,Justificatif requis,high,True,32
3b6badb5-f546-49ed-8fb1-0e014d0134cf,EMP52819,Joseph Girard,pharmacien_titulaire,RTT,2024-03-01,2024-03-16,15,Besoin de repos,pending,,,high,True,5
d51d13d4-7e31-4d17-bdb5-864bf74d005c,EMP17303,Bernard Benoit,pharmacien_adjoint,maternité,2024-10-07,2024-10-18,11,Maladie,approved,refused,Conflit avec autre absence,high,True,41
c03f4536-2390-41a4-b9d4-7b2680246939,EMP67415,Thierry Laurent,pharmacien_titulaire,maternité,2024-06-09,2024-06-13,4,Maternité,approved,refused,Justificatif requis,high,False,16
84f00fa8-ee39-4e9f-885e-2f960ccdeaa2,EMP97171,Michèle Benoit,pharmacien_adjoint,formation,2024-06-18,2024-06-22,4,Raison personnelle,pending,,,high,True,16
51eae246-169c-42cb-9272-f558b1a73461,EMP21924,Christine Morin,pharmacien_titulaire,maternité,2024-03-29,2024-04-09,11,Événement familial,approved,refused,Conflit avec autre absence,high,False,12
fae47829-8e02-4710-a4dd-99ebe2114a2f,EMP88262,Marc Dupont,préparateur,maladie,2024-05-24,2024-06-01,8,Congé maladie,approved,approved,Justificatif requis,low,True,45
a9720800-bab9-46dd-a54b-d1f8647f03ce,EMP40107,Michèle Arnould,employé_rayon,maternité,2024-08-19,2024-08-24,5,Raison personnelle,refused,refused,Justificatif requis,low,True,46
f44dd8a1-43d8-479b-8492-6c57e3204112,EMP81765,Pierre Poirier,pharmacien_adjoint,congé_payé,2024-06-03,2024-06-07,4,Besoin de repos,approved,refused,Accord manager,high,False,8
67e65c7d-5c58-4e72-baf2-a04414651187,EMP99984,Jacques Laurent,préparateur,événement_familial,2024-08-27,2024-09-10,14,Formation professionnelle,pending,,,low,True,25
8b1c0cc1-36dc-45be-aa65-b86d33dd3728,EMP70672,Florence Poirier,employé_rayon,congé_payé,2024-08-15,2024-08-26,11,Besoin de repos,approved,refused,Couverture disponible,medium,True,21
eda6e67e-ed30-455f-aae8-545a4bb8ebad,EMP95894,Thérèse Delorme,pharmacien_titulaire,maladie,2024-07-09,2024-07-23,14,Congé maladie,pending,,,medium,False,31
0c384f36-480e-4713-995e-dbdde21e1543,EMP87042,Isabelle Renaud,préparateur,événement_familial,2024-04-29,2024-05-12,13,Raison personnelle,approved,approved,Conflit avec autre absence,medium,True,40
c0422caf-05de-4da3-948a-dcedc99e15cd,EMP74025,Laurent Roux,employé_rayon,événement_familial,2024-10-18,2024-10-30,12,Événement familial,approved,approved,Raison médicale insuffisante,low,False,23
3bfdacfd-4634-4942-a9c5-92320d7c51f3,EMP93540,André Michel,préparateur,événement_familial,2024-05-14,2024-05-22,8,Maladie,approved,refused,Raison médicale insuffisante,low,True,25
b4094e34-d4df-40f2-a424-c41c8be51a7d,EMP39246,Michel Moreau,pharmacien_titulaire,RTT,2024-06-09,2024-06-17,8,Maternité,refused,approved,Justificatif requis,high,True,32
d0506618-1251-4828-aecf-cfc58ff18940,EMP39270,Sophie Dubois,pharmacien_titulaire,formation,2024-12-19,2024-12-29,10,Besoin de repos,approved,refused,Conflit avec autre absence,medium,False,27
7c82ca5a-ed98-4332-a8c7-f0e4703cd9ce,EMP38596,Michel Delorme,employé_rayon,congé_payé,2024-11-11,2024-11-16,5,Raison personnelle,pending,,,low,True,17
8928dbbc-e4d4-4322-a9f1-e475cd165e6c,EMP34741,Nathalie Lefevre,employé_rayon,événement_familial,2024-07-09,2024-07-13,4,Formation professionnelle,approved,refused,Couverture disponible,low,False,39
2909b51d-5719-4210-9acd-0db385bc000f,EMP69124,Claire Renaud,pharmacien_adjoint,maternité,2024-08-19,2024-08-22,3,Formation professionnelle,approved,approved,Raison médicale insuffisante,high,False,7
90b309dd-0003-4432-8ca6-8854f249d873,EMP77415,Françoise Fournier,pharmacien_adjoint,événement_familial,2024-11-14,2024-11-26,12,Raison personnelle,approved,approved,Conflit avec autre absence,low,True,9
15258f82-7f5a-44eb-af77-203fc40318b7,EMP79714,Christiane Girard,préparateur,congé_payé,2024-12-07,2024-12-20,13,Formation professionnelle,approved,approved,Justificatif requis,medium,True,48
2f09b03c-6473-4322-8d65-4268b2c45ac3,EMP57228,Michel Blanc,préparateur,maladie,2024-08-03,2024-08-14,11,Congé maladie,approved,approved,Conflit avec autre absence,low,False,39
3c0bc46a-6748-4f9e-859e-a5a1e7265ddb,EMP94820,Joseph Dupont,pharmacien_adjoint,événement_familial,2024-02-24,2024-02-27,3,Événement familial,approved,refused,Raison médicale insuffisante,high,False,32
b4bbc05a-bc98-40ef-98fc-8614c620eac0,EMP52059,Danielle Leclerc,pharmacien_adjoint,maternité,2024-12-30,2025-01-06,7,Formation professionnelle,pending,,,medium,False,25
05f110ed-4998-410d-83a7-35c45efa9345,EMP23535,Stéphanie Fontaine,pharmacien_titulaire,formation,2024-01-23,2024-01-27,4,Besoin de repos,pending,,,high,False,31
9e157d20-9a1f-4a3a-b14c-3eb843653786,EMP84521,Cécile Leclerc,préparateur,congé_payé,2024-06-11,2024-06-16,5,Besoin de repos,approved,approved,Conflit avec autre absence,high,False,31
8efac815-7ec9-4cb8-a1d6-1458f469e7be,EMP87177,Paul Michel,préparateur,maternité,2024-02-05,2024-02-14,9,Besoin de repos,approved,refused,Couverture disponible,low,False,41
ab33d21f-88dd-4449-9026-3e8fc7733d98,EMP56747,Christian Leroy,employé_rayon,congé_payé,2024-11-30,2024-12-02,2,Raison personnelle,approved,refused,Raison médicale insuffisante,high,True,25
1fbdc2be-b5cc-4a6c-a205-f0ef230ff10d,EMP52059,Danielle Leclerc,pharmacien_adjoint,événement_familial,2024-02-29,2024-03-01,1,Raison personnelle,approved,approved,Raison médicale insuffisante,medium,False,12
56638795-5259-4638-9a79-e72ec21af1c6,EMP63795,Catherine Poirier,préparateur,congé_payé,2024-10-29,2024-11-08,10,Raison personnelle,approved,refused,Justificatif requis,medium,True,24
6a8726c1-3833-44a9-929b-35a5e0590632,EMP68832,Catherine Girard,stagiaire,événement_familial,2024-01-28,2024-02-07,10,Événement familial,approved,refused,Raison médicale insuffisante,high,True,2
df87b857-c3c9-4865-b68a-7a71601cdd4a,EMP22659,Nathalie Lefevre,préparateur,congé_payé,2024-10-17,2024-10-30,13,Maladie,approved,approved,Accord manager,low,True,3
31ee9139-8049-4b8f-9a5b-9ab4030491ae,EMP25298,Philippe Fontaine,préparateur,congé_payé,2024-07-15,2024-07-27,12,Raison personnelle,approved,refused,Raison médicale insuffisante,medium,False,46
984165cb-9cb4-45d5-8061-7beaf3a518a1,EMP72404,Jacques Delorme,pharmacien_titulaire,RTT,2024-07-16,2024-07-29,13,Événement familial,pending,,,low,False,21
149e108a-dd53-45e8-82fd-f31f21ee02f3,EMP79714,Christiane Girard,préparateur,RTT,2024-04-09,2024-04-22,13,Événement familial,refused,approved,Raison médicale insuffisante,high,True,41
da2eb185-8030-47ca-a36b-3d839fd0748d,EMP85890,Alain Girard,pharmacien_adjoint,maternité,2024-07-26,2024-08-07,12,Événement familial,approved,approved,Accord manager,medium,False,27
ad716d83-7b90-4b7d-a995-dc2e86b6d3ad,EMP21286,Bernard Morin,stagiaire,congé_payé,2024-02-24,2024-03-02,7,Maladie,pending,,,low,False,24
9b3dc28e-388e-4e92-9ee5-c13a133a33e4,EMP24604,Danielle Fournier,pharmacien_adjoint,RTT,2024-07-27,2024-08-08,12,Besoin de repos,approved,approved,Couverture disponible,low,False,16
d2411027-60eb-402f-a33e-3017efebead7,EMP26857,Pierre Renaud,pharmacien_titulaire,congé_payé,2024-04-26,2024-04-30,4,Événement familial,approved,refused,Raison médicale insuffisante,low,True,3
3f37d920-24e1-4c37-b837-5f29283d2d33,EMP12502,Christine Girard,préparateur,RTT,2024-11-23,2024-12-02,9,Événement familial,approved,approved,Conflit avec autre absence,medium,True,41
0043d16b-cde1-443e-9d53-6cc80f656712,EMP80419,Marc Chevalier,préparateur,maternité,2024-06-09,2024-06-15,6,Formation professionnelle,approved,refused,Couverture disponible,low,True,9
4c02bb81-c660-4620-bc0b-27f897d09750,EMP97595,Danielle Benoit,employé_rayon,congé_payé,2024-11-20,2024-11-29,9,Maternité,pending,,,medium,False,20
1cd8c59d-60f7-4259-89b5-906fe35875de,EMP26400,Jacques Fournier,préparateur,formation,2024-11-19,2024-12-02,13,Besoin de repos,approved,approved,Raison médicale insuffisante,medium,False,14
949e54a2-3253-4e30-bc08-7f7eeeec997d,EMP64423,Philippe Maillard,pharmacien_adjoint,maladie,2024-04-19,2024-05-02,13,Congé maladie,approved,approved,Raison médicale insuffisante,low,False,14
77cb6538-b210-4142-bdc5-bd2d31bfa6cd,EMP86763,Françoise Rousseau,pharmacien_adjoint,formation,2024-04-28,2024-04-29,1,Événement familial,pending,,,medium,True,31
06441348-1faa-4fe9-9e0d-a098e40bd880,EMP79692,Christian Delorme,pharmacien_adjoint,maternité,2024-03-31,2024-04-03,3,Besoin de repos,approved,approved,Conflit avec autre absence,high,False,28
3b40e3ee-865a-45c1-a84e-aa35b632ce77,EMP79828,Thérèse Roux,pharmacien_adjoint,maternité,2024-08-03,2024-08-08,5,Besoin de repos,approved,refused,Couverture disponible,medium,False,47
e21bd14d-47ec-4ba4-9e69-94cbc7afa734,EMP19622,Laurent Chevalier,pharmacien_adjoint,maladie,2024-06-16,2024-07-01,15,Congé maladie,pending,,,high,False,22
1196883b-c923-4e6a-9202-0f33e77cbf47,EMP12256,Olivier Arnould,préparateur,maternité,2024-02-25,2024-02-28,3,Formation professionnelle,approved,refused,Justificatif requis,high,False,16
0df75154-80cb-4542-b3a9-a41101e0dd88,EMP97807,Luc Poulain,stagiaire,formation,2024-02-24,2024-03-02,7,Événement familial,approved,refused,Raison médicale insuffisante,low,True,40
24bb9a2a-ac14-4c7e-a076-dac496430d5c,EMP54843,Daniel Blanc,préparateur,maternité,2024-08-14,2024-08-25,11,Maternité,approved,approved,Raison médicale insuffisante,low,True,36
9b6b6e0b-84c3-44eb-b07c-64dd8ecbbac1,EMP71342,Michèle Morin,stagiaire,congé_payé,2024-07-05,2024-07-12,7,Formation professionnelle,pending,,,high,False,32
855dab4d-4f9e-4d5a-b588-94b663ca8aa7,EMP57938,Paul Bernier,préparateur,maladie,2024-10-30,2024-11-09,10,Congé maladie,approved,approved,Accord manager,low,True,39
c58f86cf-a0a0-43e1-a5a0-5928fce78345,EMP37130,Irène Simon,employé_rayon,maladie,2024-09-02,2024-09-05,3,Congé maladie,approved,refused,Raison médicale insuffisante,low,True,22
5fa8bc85-a85a-4509-8847-cf1900794520,EMP67155,Marie Chevalier,employé_rayon,RTT,2024-05-14,2024-05-17,3,Maladie,approved,approved,Conflit avec autre absence,medium,False,19
19ca1e3b-2900-44db-a099-9744944837a2,EMP76314,Philippe Delorme,employé_rayon,congé_payé,2024-12-09,2024-12-11,2,Besoin de repos,pending,,,medium,False,21
1a08ac6c-43fa-41f2-a37b-c6a203ac189a,EMP47547,Jacques Dubois,pharmacien_titulaire,maternité,2024-07-05,2024-07-09,4,Maladie,refused,approved,Couverture disponible,medium,True,31
d632de0b-acd6-4bb1-98a2-e682778432bf,EMP56955,Daniel Arnould,pharmacien_adjoint,maternité,2024-01-01,2024-01-02,1,Événement familial,approved,approved,Accord manager,medium,True,1
c465b1ec-d1e4-48fe-bdf9-4a6a4abf5d1a,EMP63052,Bernard Gaillard,préparateur,RTT,2024-02-18,2024-02-21,3,Événement familial,refused,refused,Accord manager,low,True,11
2d1dfef0-e20d-40bc-8c56-6a9a209d6e9c,EMP64149,Marc Blanc,pharmacien_adjoint,maladie,2024-08-09,2024-08-20,11,Congé maladie,pending,,,medium,True,16
3cf6b822-829b-4990-b311-63751383591a,EMP67762,Isabelle Fabre,employé_rayon,congé_payé,2024-10-21,2024-10-26,5,Événement familial,approved,approved,Raison médicale insuffisante,high,False,8
e6a7330a-f650-4655-9991-882be02aa335,EMP24039,Stéphanie Simon,employé_rayon,RTT,2024-01-14,2024-01-23,9,Besoin de repos,approved,approved,Conflit avec autre absence,low,False,16
6e9ac4a8-6bb5-46af-89ad-84c8deaf6a0f,EMP63795,Catherine Poirier,préparateur,formation,2024-10-31,2024-11-13,13,Événement familial,refused,refused,Couverture disponible,low,False,13
939ebc71-504b-437a-92cf-692cf60050a3,EMP76545,Florence Poirier,pharmacien_adjoint,congé_payé,2024-10-25,2024-10-28,3,Besoin de repos,approved,approved,Accord manager,high,False,37
d5122d3e-4e53-4331-9e1e-adf5ae7ee0e1,EMP70137,Anne Simon,employé_rayon,congé_payé,2024-06-06,2024-06-21,15,Événement familial,approved,refused,Raison médicale insuffisante,low,True,42
a992f0e5-6b85-409a-8279-39baae25d356,EMP11451,Valérie Rousseau,préparateur,maternité,2024-02-10,2024-02-12,2,Raison personnelle,approved,refused,Couverture disponible,low,False,20
3d19df41-7208-4873-aa95-ee226088e211,EMP38596,Michel Delorme,employé_rayon,formation,2024-01-31,2024-02-14,14,Raison personnelle,pending,,,low,True,8
0b5d8e16-0024-44ea-825e-03d0c628eaf4,EMP41092,Valérie Benoit,pharmacien_titulaire,RTT,2024-04-08,2024-04-21,13,Raison personnelle,pending,,,high,True,18
f6198270-f1e6-4dc1-b91a-0481fa328885,EMP90724,Jean-Paul Laurent,stagiaire,congé_payé,2024-06-04,2024-06-17,13,Raison personnelle,approved,refused,Couverture disponible,low,False,35
5c347eac-a46f-479f-a33c-585beece7807,EMP22649,Luc Leroy,employé_rayon,maladie,2024-03-16,2024-03-29,13,Congé maladie,approved,refused,Accord manager,medium,True,2
8c2f6ced-6995-4c73-9244-787d623c56e3,EMP22649,Luc Leroy,employé_rayon,formation,2024-06-22,2024-07-04,12,Événement familial,pending,,,medium,False,7
fc601145-ad9c-4c9a-869c-3cf65d0e1550,EMP96830,Jean Roux,pharmacien_titulaire,formation,2024-04-11,2024-04-13,2,Besoin de repos,approved,refused,Couverture disponible,high,False,8
8fe5a7d5-7b6a-49d0-b0a2-e350c13f8517,EMP64423,Philippe Maillard,pharmacien_adjoint,événement_familial,2024-06-12,2024-06-20,8,Formation professionnelle,pending,,,high,True,42
86c8d59e-bb4e-4957-9cef-74f2948ba632,EMP62744,Philippe Fontaine,employé_rayon,maternité,2024-08-08,2024-08-10,2,Événement familial,pending,,,high,True,41
c664005c-a7e6-4a52-8ae3-08bab769ba71,EMP61350,Michèle Benoit,pharmacien_titulaire,RTT,2024-11-15,2024-11-28,13,Besoin de repos,approved,refused,Conflit avec autre absence,high,False,16
b2913e04-f1d2-4958-9cf8-1cad936265ab,EMP98782,Pierre Blanc,préparateur,maladie,2024-10-25,2024-11-09,15,Congé maladie,refused,approved,Accord manager,high,True,40
05f3a5c6-aff6-4b41-bdd0-3f8e9a34cf52,EMP49288,Irène Poirier,employé_rayon,formation,2024-02-08,2024-02-12,4,Maladie,approved,approved,Justificatif requis,high,False,32
c419d3b5-2f84-4b7d-9c9f-71b29b277c7c,EMP62720,Michel Lefevre,préparateur,formation,2024-01-26,2024-02-10,15,Événement familial,approved,refused,Justificatif requis,high,False,8
09c7f602-a1e0-455f-91c8-1084e759163a,EMP59230,Michel Renaud,préparateur,événement_familial,2024-06-30,2024-07-13,13,Événement familial,refused,approved,Raison médicale insuffisante,medium,True,48
fa45ae57-1392-44cc-a106-09884fad3bdb,EMP97595,Danielle Benoit,employé_rayon,événement_familial,2024-12-21,2024-12-25,4,Raison personnelle,approved,refused,Conflit avec autre absence,medium,True,40
483dcacb-2186-4513-85fd-c9541f1737c7,EMP28870,Cécile Girard,employé_rayon,événement_familial,2024-04-06,2024-04-09,3,Raison personnelle,approved,approved,Conflit avec autre absence,high,True,28
203ca541-6e0b-4507-9e23-cda103b5a37d,EMP96712,Michèle Delorme,stagiaire,maternité,2024-02-15,2024-02-17,2,Besoin de repos,pending,,,high,False,46
09ab8878-2a55-4e74-a246-9882fa8a0309,EMP42072,André Fabre,employé_rayon,congé_payé,2024-11-23,2024-11-25,2,Besoin de repos,approved,approved,Conflit avec autre absence,low,False,37
729b3344-4a7e-4776-804f-2a4042da358e,EMP99920,Danielle Michel,pharmacien_adjoint,RTT,2024-12-31,2025-01-09,9,Événement familial,approved,refused,Conflit avec autre absence,high,False,22
f917df6e-9795-444d-8391-a2fe74d4c759,EMP98782,Pierre Blanc,préparateur,formation,2024-06-04,2024-06-05,1,Maternité,approved,refused,Accord manager,medium,True,18
edb0edf6-c8d4-4ffd-ae75-5c6a211edd31,EMP63903,Sylvie Moreau,employé_rayon,événement_familial,2024-02-20,2024-02-26,6,Formation professionnelle,approved,approved,Raison médicale insuffisante,medium,False,37
1c0ecf3f-99fc-40da-9a62-48458099f776,EMP95454,Jacques Lefevre,préparateur,formation,2024-01-31,2024-02-01,1,Maternité,approved,refused,Conflit avec autre absence,high,False,9
a9aa16ce-445c-4787-b6c1-6a25cd23b5f4,EMP63020,Thérèse Delacroix,pharmacien_adjoint,maladie,2024-10-23,2024-10-31,8,Congé maladie,pending,,,medium,False,26
d555f511-a928-4905-8d45-1939842180ad,EMP70715,Claire Michel,pharmacien_adjoint,maladie,2024-10-28,2024-11-07,10,Congé maladie,refused,approved,Couverture disponible,low,False,11
c335e921-2b7c-41a5-a61a-ce58d9d22f5c,EMP94289,Laurent Laurent,employé_rayon,événement_familial,2024-12-01,2024-12-16,15,Maladie,approved,approved,Conflit avec autre absence,medium,False,31
0fc736ed-e809-4cb7-80f3-a5f41c64cc7d,EMP11505,Alain Michel,employé_rayon,RTT,2024-04-24,2024-05-07,13,Raison personnelle,approved,refused,Couverture disponible,medium,True,23
4a0a4ca4-2e78-4c6d-90c4-d8d5fd4debbe,EMP30635,Marc Martin,pharmacien_titulaire,RTT,2024-02-23,2024-02-25,2,Raison personnelle,refused,approved,Justificatif requis,medium,True,23
2c363d58-f33d-4967-ac35-bb95d00a184b,EMP39270,Sophie Dubois,pharmacien_titulaire,RTT,2024-12-15,2024-12-29,14,Besoin de repos,pending,,,medium,False,7
a3f99c93-1d84-4733-8464-788290980145,EMP52819,Joseph Girard,pharmacien_titulaire,maladie,2024-06-05,2024-06-20,15,Congé maladie,approved,refused,Raison médicale insuffisante,low,False,34
210a046b-2702-4d65-9027-f3b0b6ac2f90,EMP47001,Catherine Simon,employé_rayon,événement_familial,2024-02-02,2024-02-08,6,Formation professionnelle,approved,refused,Couverture disponible,low,False,28
eda97ab2-19ef-4e1c-8da8-fb8ba0eb7a80,EMP87098,Laurent Leclerc,pharmacien_titulaire,événement_familial,2024-11-17,2024-11-27,10,Maladie,approved,refused,Raison médicale insuffisante,low,True,12
06b7fe0f-5ab3-4c19-933c-e140779694fe,EMP46745,Danielle Laurent,préparateur,RTT,2024-06-07,2024-06-15,8,Formation professionnelle,approved,refused,Raison médicale insuffisante,medium,True,46
576140d2-a47c-47f7-971d-46649f0d747e,EMP29117,André Roux,préparateur,événement_familial,2024-04-03,2024-04-11,8,Événement familial,approved,approved,Raison médicale insuffisante,low,True,13
56b82375-27f7-497b-b440-da2e53051f4d,EMP20067,Florence Rousseau,pharmacien_titulaire,maladie,2024-11-22,2024-11-28,6,Congé maladie,pending,,,high,True,1
8fa0bda1-628f-4273-83b1-32627f031100,EMP86320,René Martin,stagiaire,congé_payé,2024-09-07,2024-09-18,11,Formation professionnelle,pending,,,low,True,23
2a5b8ed2-639d-486e-9c26-c39cd4c322cc,EMP95894,Thérèse Delorme,pharmacien_titulaire,maladie,2024-12-31,2025-01-15,15,Congé maladie,pending,,,high,False,38
e3b19ed3-7f30-4ecf-9132-8eeff076dd7b,EMP19622,Laurent Chevalier,pharmacien_adjoint,RTT,2024-09-05,2024-09-14,9,Raison personnelle,pending,,,low,False,1
162bc285-caeb-4468-a3be-8c337894837c,EMP96712,Michèle Delorme,stagiaire,maternité,2024-02-17,2024-02-24,7,Événement familial,approved,refused,Accord manager,medium,True,45
89ea1ffd-9682-4223-9141-c2a79283cd08,EMP67544,Marc Benoit,préparateur,congé_payé,2024-12-29,2025-01-08,10,Raison personnelle,pending,,,high,True,33
05787602-7841-41d7-b5bb-a8432aff8615,EMP11894,Paul Dubois,préparateur,événement_familial,2024-01-11,2024-01-17,6,Maternité,approved,refused,Conflit avec autre absence,low,False,14
9a2c6c62-661d-4108-af74-f4be86b349f6,EMP54855,Jean Gaillard,préparateur,événement_familial,2024-12-13,2024-12-27,14,Formation professionnelle,pending,,,low,True,17
92f46076-bdd4-4272-a36a-53f308b18867,EMP27393,Joseph Chevalier,employé_rayon,formation,2024-04-17,2024-05-01,14,Maladie,refused,approved,Conflit avec autre absence,medium,True,16
db3f23d5-ece6-483d-86fe-4dc1f7c9fef9,EMP77144,Michel Bernier,employé_rayon,congé_payé,2024-04-03,2024-04-04,1,Raison personnelle,approved,refused,Accord manager,low,True,34
ae0e6a5f-090b-4ab7-be11-da679fd73339,EMP27620,Jacques Blanc,pharmacien_titulaire,congé_payé,2024-01-02,2024-01-07,5,Besoin de repos,approved,refused,Raison médicale insuffisante,low,False,9
30be8d1b-02ce-4641-a11d-9fd0746f2e0e,EMP37747,Sylvie Delacroix,pharmacien_adjoint,maladie,2024-01-15,2024-01-19,4,Congé maladie,approved,refused,Raison médicale insuffisante,low,True,19
39792fdb-1412-46c5-98ef-71b76febfc88,EMP70672,Florence Poirier,employé_rayon,événement_familial,2024-06-01,2024-06-05,4,Événement familial,approved,refused,Conflit avec autre absence,low,True,22
7ebe296f-4492-4ccf-94e6-926d0a94bea4,EMP92129,Sophie Bernard,pharmacien_titulaire,maladie,2024-11-23,2024-12-05,12,Congé maladie,pending,,,low,False,36
06514eaa-c49d-4b9e-be9d-7e2ba4165044,EMP54776,Jean Bernier,préparateur,maternité,2024-03-17,2024-03-26,9,Maternité,approved,approved,Raison médicale insuffisante,low,True,34
908af9be-3ba6-4fdb-9a5f-d579a495438a,EMP78638,Anne Renaud,pharmacien_adjoint,congé_payé,2024-04-14,2024-04-15,1,Besoin de repos,pending,,,medium,True,19
383a3bbf-7be5-475e-8528-337ae9ef5c59,EMP97595,Danielle Benoit,employé_rayon,formation,2024-10-28,2024-10-30,2,Maladie,approved,refused,Conflit avec autre absence,high,False,13
52253e2a-adbb-411d-8788-37fcabd14649,EMP98782,Pierre Blanc,préparateur,maladie,2024-11-07,2024-11-12,5,Congé maladie,approved,approved,Justificatif requis,high,True,14
ad0dfb2b-23ff-4260-b397-27ad41b9de2c,EMP32397,Jean Rousseau,employé_rayon,maternité,2024-04-26,2024-05-07,11,Maladie,pending,,,low,False,44
625c586a-9f39-4110-aeae-fab603abb5ea,EMP10159,Nathalie Fournier,préparateur,événement_familial,2024-06-27,2024-06-29,2,Maternité,pending,,,high,True,8
f19a502b-ffa0-4e16-b177-174461476494,EMP73974,Pierre Girard,préparateur,RTT,2024-05-12,2024-05-19,7,Événement familial,refused,refused,Justificatif requis,low,False,34
fb9b6e33-7ca4-4a2e-a7ef-27b3d05717dc,EMP39607,Nathalie Leroy,préparateur,formation,2024-04-28,2024-05-08,10,Maladie,approved,refused,Justificatif requis,high,False,41
e955bffc-9809-45a7-b3d6-b72a25067cfe,EMP36336,Laurent Poirier,préparateur,congé_payé,2024-04-21,2024-05-05,14,Maternité,approved,refused,Conflit avec autre absence,medium,False,22
bd236a3d-2e2f-4844-b6ca-345520721bae,EMP96712,Michèle Delorme,stagiaire,congé_payé,2024-04-10,2024-04-11,1,Maternité,approved,refused,Raison médicale insuffisante,low,True,31
4e055ca4-a224-42c4-bb19-610559519ba8,EMP19132,Anne Morin,pharmacien_titulaire,maternité,2024-01-15,2024-01-27,12,Maternité,pending,,,low,True,6
297be2cc-35f7-4227-b430-5e128484e3e5,EMP57938,Paul Bernier,préparateur,événement_familial,2024-06-07,2024-06-18,11,Formation professionnelle,approved,refused,Justificatif requis,high,True,39
56b5916e-53ff-458e-8a4e-3c5f3bb790d2,EMP79965,Alain Lefevre,pharmacien_adjoint,maladie,2024-10-11,2024-10-19,8,Congé maladie,approved,refused,Justificatif requis,high,True,2
39f037c5-b9d5-41c4-9c86-06ace1e09ba4,EMP56558,Paul Chevalier,employé_rayon,formation,2024-05-30,2024-06-02,3,Événement familial,refused,approved,Couverture disponible,high,True,27
e15e645e-7033-4e85-8e0c-fc7fa12d28ee,EMP81452,Philippe Martin,pharmacien_titulaire,maternité,2024-06-09,2024-06-19,10,Maternité,refused,approved,Couverture disponible,low,True,25
921167f8-ba81-419d-915e-31d8f28ac6ca,EMP15555,René Chevalier,préparateur,maternité,2024-07-02,2024-07-08,6,Événement familial,approved,approved,Couverture disponible,low,True,37
e54352a5-1a59-47f6-84e8-a85c63363f73,EMP72160,Irène Bernard,pharmacien_titulaire,maternité,2024-10-02,2024-10-14,12,Raison personnelle,approved,approved,Couverture disponible,low,True,32
e37d27d8-9929-4e0a-bf13-bdb19ad024f8,EMP91836,Olivier Chevalier,employé_rayon,événement_familial,2024-04-23,2024-05-08,15,Événement familial,pending,,,medium,True,41
a5d8aa1b-8e9a-48e8-867b-6587cd4d71bc,EMP87977,Claire Rousseau,préparateur,maladie,2024-01-19,2024-01-30,11,Congé maladie,refused,refused,Conflit avec autre absence,medium,True,44
11f91673-1462-4ca0-b416-bd8d5447f026,EMP54365,Valérie Girard,préparateur,RTT,2024-01-04,2024-01-11,7,Maladie,approved,refused,Conflit avec autre absence,high,True,1
8ed8a30a-47c6-4732-b70c-e641bfb5e10b,EMP26721,Luc Bernard,pharmacien_titulaire,RTT,2024-12-31,2025-01-13,13,Maternité,refused,refused,Justificatif requis,low,False,47
25019b11-6056-4f5a-b3f9-8710a86dbd99,EMP80419,Marc Chevalier,préparateur,événement_familial,2024-01-13,2024-01-23,10,Formation professionnelle,approved,approved,Couverture disponible,high,False,42
b493fe1f-8b95-4961-bce1-3b7fac276cda,EMP96221,Cécile Fabre,préparateur,RTT,2024-08-08,2024-08-15,7,Maternité,approved,approved,Justificatif requis,medium,False,41
dacdab3c-e27f-4a8a-9a90-9c8f86023f1c,EMP45909,Pascale Rousseau,préparateur,RTT,2024-04-28,2024-05-05,7,Événement familial,approved,approved,Couverture disponible,medium,False,25
6d0f6242-d8b6-4947-a0bd-0b3385c68e3f,EMP56747,Christian Leroy,employé_rayon,événement_familial,2024-03-04,2024-03-06,2,Formation professionnelle,approved,refused,Accord manager,low,False,25
4481b484-8f2b-448d-aba5-c6019bc6f171,EMP20467,Christine Fournier,employé_rayon,maternité,2024-08-16,2024-08-27,11,Formation professionnelle,approved,approved,Conflit avec autre absence,medium,False,29
d538774e-227c-4d03-8e20-7602e8dde5cf,EMP61716,Philippe Renaud,pharmacien_titulaire,formation,2024-05-23,2024-06-01,9,Maladie,refused,approved,Justificatif requis,high,False,8
40d1614b-bd7d-44bc-bf4b-0b4acd9879cb,EMP27231,Jacques Leclerc,préparateur,maladie,2024-10-28,2024-11-03,6,Congé maladie,approved,approved,Accord manager,high,True,9
3e8bc74a-6fc5-4a0b-a542-244b20454ebe,EMP47051,Marie Roux,employé_rayon,formation,2024-08-02,2024-08-11,9,Raison personnelle,approved,approved,Raison médicale insuffisante,high,True,20
e33df438-4f68-4dcc-8277-446202bf9092,EMP87958,Marie Gaillard,pharmacien_adjoint,congé_payé,2024-04-12,2024-04-19,7,Maternité,pending,,,high,True,31
02b205bd-71e0-4435-88ea-14768cc391de,EMP89161,Nathalie Fabre,préparateur,maladie,2024-07-29,2024-07-30,1,Congé maladie,approved,refused,Accord manager,low,False,21
d8f16d06-d331-4646-a3a3-75c059c07150,EMP91325,Jean Delacroix,préparateur,formation,2024-11-19,2024-12-02,13,Maternité,pending,,,medium,False,31
d49cdb89-7b0e-468c-b44d-60d27e8ef580,EMP23586,Philippe Blanc,pharmacien_adjoint,RTT,2024-06-30,2024-07-01,1,Formation professionnelle,pending,,,low,True,14
91b16a40-1d49-40e2-a66f-ce9333918d96,EMP67313,Michèle Blanc,pharmacien_adjoint,événement_familial,2024-03-10,2024-03-22,12,Maternité,refused,approved,Raison médicale insuffisante,medium,True,33
2675e2b2-3a17-427e-8f88-aa926bc6dd15,EMP49288,Irène Poirier,employé_rayon,congé_payé,2024-05-27,2024-06-10,14,Événement familial,approved,approved,Conflit avec autre absence,high,True,45
ed2e7644-2bfb-45c9-ba28-5c24691267f0,EMP60879,Valérie Renaud,préparateur,formation,2024-01-28,2024-02-05,8,Maladie,refused,approved,Raison médicale insuffisante,low,False,46
b0d01f25-58ab-461f-b744-956d87ab2b66,EMP65783,Catherine Gaillard,préparateur,RTT,2024-05-31,2024-06-05,5,Maternité,refused,approved,Raison médicale insuffisante,medium,True,42
cb1d4510-998d-4405-9ee0-7e7c6ae16bc3,EMP21422,Thérèse Moreau,préparateur,RTT,2024-11-11,2024-11-16,5,Raison personnelle,approved,approved,Couverture disponible,medium,True,1
ba0d9945-f621-43ec-920b-bdd006b1af1b,EMP79347,Irène Poirier,préparateur,événement_familial,2024-01-12,2024-01-23,11,Raison personnelle,approved,approved,Accord manager,high,True,26
503c6683-a4eb-4921-8dd5-4d3752c52234,EMP92167,Sophie Fournier,stagiaire,formation,2024-08-15,2024-08-27,12,Formation professionnelle,approved,refused,Couverture disponible,medium,True,14
eb9bacdd-d51b-4267-a576-47e7cf8a3faa,EMP11451,Valérie Rousseau,préparateur,congé_payé,2024-03-05,2024-03-08,3,Maternité,approved,refused,Couverture disponible,high,True,31
c28e8702-8c64-422e-96b8-551e746870de,EMP50680,Danielle Leroy,stagiaire,événement_familial,2024-12-02,2024-12-13,11,Formation professionnelle,approved,refused,Couverture disponible,high,False,2
49aee119-c607-4594-b8f6-e9676186f97c,EMP83140,Thierry Delacroix,employé_rayon,formation,2024-10-21,2024-11-02,12,Événement familial,pending,,,high,True,17
d62255b1-f5a0-4f2a-9149-3d774ca19be4,EMP20339,Françoise Poirier,préparateur,congé_payé,2024-07-06,2024-07-09,3,Maladie,approved,refused,Justificatif requis,high,False,8
a1f4dd58-b9bf-4436-9b12-6e4e691e7fe0,EMP52916,Martine Gérard,préparateur,maladie,2024-09-11,2024-09-18,7,Congé maladie,approved,approved,Accord manager,medium,True,32
3fd18c6e-5dd2-4cf8-b093-1f1ee140e6da,EMP91377,Daniel Laurent,pharmacien_adjoint,formation,2024-06-28,2024-07-03,5,Événement familial,pending,,,low,True,20
d2bf08bd-8514-47e9-8f21-fcbf5505d208,EMP89511,Georges Rousseau,pharmacien_adjoint,événement_familial,2024-05-31,2024-06-01,1,Événement familial,pending,,,low,True,45
a748b937-5460-4235-b812-2a9c84655e4b,EMP55121,Thérèse Laurent,pharmacien_titulaire,maladie,2024-04-30,2024-05-06,6,Congé maladie,approved,approved,Raison médicale insuffisante,medium,True,24
1d8512c3-9301-4521-bec8-0b4fffb1c040,EMP69465,Laurent Arnould,pharmacien_adjoint,RTT,2024-06-19,2024-06-23,4,Maladie,pending,,,low,False,24
fe8972aa-51b8-47e6-9727-43593fea4465,EMP54776,Jean Bernier,préparateur,maladie,2024-04-10,2024-04-11,1,Congé maladie,approved,refused,Couverture disponible,high,True,28
ffe1dadd-e0db-4641-962d-dbeeeff23bf6,EMP46402,Martine Bernard,employé_rayon,RTT,2024-05-25,2024-06-05,11,Raison personnelle,approved,refused,Couverture disponible,low,False,17
7ab063df-a9fa-4ecf-a294-598f42f493b1,EMP91836,Olivier Chevalier,employé_rayon,événement_familial,2024-06-18,2024-07-01,13,Raison personnelle,approved,refused,Conflit avec autre absence,high,False,12
5bbd4b33-31d3-45ec-9210-7dc0f8b56f01,EMP23520,Nathalie Bernard,stagiaire,RTT,2024-02-14,2024-02-20,6,Maladie,approved,approved,Accord manager,low,False,41
cca42439-c9cd-4a69-a0f3-ccd173e8759b,EMP54857,Alain Leroy,pharmacien_adjoint,événement_familial,2024-07-18,2024-07-23,5,Raison personnelle,approved,refused,Raison médicale insuffisante,medium,False,30
63015411-dacb-4783-b5f2-960d96f6eac0,EMP72160,Irène Bernard,pharmacien_titulaire,RTT,2024-07-20,2024-07-30,10,Maladie,approved,refused,Conflit avec autre absence,high,True,14
1771b846-6482-4532-af4c-74b36d3199c2,EMP11894,Paul Dubois,préparateur,maternité,2024-09-27,2024-10-12,15,Formation professionnelle,pending,,,medium,True,15
fc0288dc-1e99-4642-8805-48562f667d19,EMP87085,Laurent Gérard,pharmacien_titulaire,RTT,2024-09-01,2024-09-03,2,Événement familial,approved,approved,Accord manager,high,True,36
2647744d-0379-44c6-bb18-61f29530a718,EMP12502,Christine Girard,préparateur,congé_payé,2024-12-22,2025-01-04,13,Maladie,approved,approved,Conflit avec autre absence,high,False,27
98916e7f-6c3a-43fd-90ff-134d7120b97e,EMP10250,Claire Leroy,pharmacien_adjoint,maternité,2024-01-21,2024-01-28,7,Maladie,approved,approved,Conflit avec autre absence,medium,False,14
47cb9153-0518-4328-b3ab-2e416d7a5f44,EMP27231,Jacques Leclerc,préparateur,congé_payé,2024-07-14,2024-07-21,7,Maladie,approved,approved,Accord manager,low,False,7
debf76e2-fc27-4d4a-8ac8-c7136811798c,EMP33083,Catherine Fontaine,pharmacien_titulaire,événement_familial,2024-02-22,2024-03-04,11,Événement familial,approved,approved,Raison médicale insuffisante,medium,False,45
ac2e9415-5cba-4e68-ae14-c589be50a1ae,EMP20067,Florence Rousseau,pharmacien_titulaire,maternité,2024-10-26,2024-10-27,1,Besoin de repos,refused,refused,Accord manager,high,True,23
1d2fe953-7bdb-41fc-8f2f-261ea59352f2,EMP89623,Nathalie Bernard,préparateur,formation,2024-12-19,2024-12-29,10,Maternité,approved,approved,Couverture disponible,medium,False,20
089fa36f-48aa-4207-855e-494970c5f4fd,EMP47051,Marie Roux,employé_rayon,maladie,2024-05-28,2024-06-05,8,Congé maladie,pending,,,high,True,19
b1fff860-7b4f-4eba-8767-f080f8f5584a,EMP56198,Isabelle Fournier,employé_rayon,maladie,2024-02-14,2024-02-22,8,Congé maladie,approved,refused,Couverture disponible,low,False,23
2afd3407-f6d3-43b5-b936-4de6a86e140b,EMP40107,Michèle Arnould,employé_rayon,formation,2024-03-26,2024-04-01,6,Raison personnelle,approved,refused,Conflit avec autre absence,low,True,31
db24c2c0-f9fa-4e6a-95aa-e7a63fb73708,EMP26857,Pierre Renaud,pharmacien_titulaire,formation,2024-04-02,2024-04-17,15,Raison personnelle,approved,refused,Accord manager,high,True,48
0fa3559b-cd2f-42d6-b052-d27e1926a4c2,EMP23535,Stéphanie Fontaine,pharmacien_titulaire,maladie,2024-09-24,2024-10-01,7,Congé maladie,approved,approved,Accord manager,low,True,36
86243ae4-f8ca-4a53-a54e-5ea13a0b7965,EMP42072,André Fabre,employé_rayon,maternité,2024-06-30,2024-07-07,7,Formation professionnelle,approved,approved,Couverture disponible,low,False,47
bc95c982-a158-4450-9a85-bdaee6a0b406,EMP77314,Danielle Blanc,pharmacien_titulaire,RTT,2024-10-16,2024-10-18,2,Maternité,approved,approved,Justificatif requis,high,True,14
6e813d9a-b8f7-4e15-8c28-cb456c310525,EMP74002,Sophie Dubois,préparateur,congé_payé,2024-08-07,2024-08-12,5,Maladie,approved,refused,Justificatif requis,medium,False,21
c91ca1c1-4971-4a13-b39e-3367cb35ad24,EMP74758,Françoise Poirier,employé_rayon,événement_familial,2024-02-02,2024-02-16,14,Maladie,approved,refused,Couverture disponible,low,True,31
047d237e-4409-4f33-b6cd-fa592de28fb1,EMP84523,Paul Bernard,préparateur,RTT,2024-08-21,2024-08-23,2,Événement familial,pending,,,high,True,41
4dd60bd1-2329-47f9-adc7-82fa35c17181,EMP13191,René Simon,préparateur,maternité,2024-10-14,2024-10-19,5,Événement familial,approved,refused,Conflit avec autre absence,high,False,9
f922815f-bf44-4b28-b8d6-fc35eefc8062,EMP87177,Paul Michel,préparateur,événement_familial,2024-12-11,2024-12-24,13,Événement familial,pending,,,high,False,24
a9c33b90-b974-4786-904f-4b898aa21173,EMP86763,Françoise Rousseau,pharmacien_adjoint,formation,2024-05-24,2024-05-29,5,Maladie,approved,refused,Justificatif requis,medium,False,18
ca7f84f2-2440-46ea-8807-5cbae413af5a,EMP95514,Jean Bernard,préparateur,RTT,2024-07-09,2024-07-17,8,Raison personnelle,approved,approved,Conflit avec autre absence,high,True,22
5985ef22-a892-48d0-a42a-4d770dc4655a,EMP60681,Florence Benoit,préparateur,maternité,2024-05-19,2024-06-02,14,Maladie,pending,,,medium,True,27
9e957569-a9a5-4ec0-9528-70162d173260,EMP83325,Laurent Delacroix,pharmacien_titulaire,maladie,2024-08-28,2024-09-03,6,Congé maladie,approved,approved,Raison médicale insuffisante,low,True,48
fafa8a0c-cc53-4671-b7d4-f8cd8da47d1b,EMP78485,Michèle Rousseau,pharmacien_adjoint,congé_payé,2024-06-02,2024-06-03,1,Besoin de repos,approved,refused,Justificatif requis,low,False,29
5e409e9a-b3bb-49b9-a683-6a518aa5aeb5,EMP16363,Pierre Maillard,pharmacien_titulaire,RTT,2024-06-01,2024-06-05,4,Maladie,approved,approved,Conflit avec autre absence,low,True,8
437f5d59-975a-476e-921c-ac2752ee16a5,EMP68301,Danielle Arnould,préparateur,congé_payé,2024-10-26,2024-11-05,10,Besoin de repos,approved,approved,Raison médicale insuffisante,low,False,18
bebfef16-019e-483e-98a5-9844b82f7224,EMP72153,Georges Bernier,préparateur,événement_familial,2024-02-18,2024-03-02,13,Formation professionnelle,refused,approved,Raison médicale insuffisante,medium,True,3
f5cc27be-ce86-495a-b806-d99b5458ab88,EMP37064,Sophie Delacroix,préparateur,maladie,2024-08-25,2024-08-28,3,Congé maladie,refused,refused,Couverture disponible,medium,True,12
e0138e50-4f75-4dff-8a61-13821e30c2b7,EMP34875,André Lefevre,employé_rayon,événement_familial,2024-05-24,2024-05-25,1,Maternité,pending,,,high,True,41
a35b21d3-81b2-4ee3-bfc5-857467fa37ff,EMP93540,André Michel,préparateur,maternité,2024-01-02,2024-01-11,9,Raison personnelle,approved,refused,Raison médicale insuffisante,low,True,7
846fbd3f-cad8-4fe4-b8c4-5e2624125760,EMP46159,Danielle Gérard,employé_rayon,formation,2024-03-11,2024-03-12,1,Raison personnelle,approved,approved,Accord manager,high,False,13
509933ea-4359-41f5-b593-91be516282ed,EMP37130,Irène Simon,employé_rayon,maternité,2024-05-28,2024-06-10,13,Besoin de repos,approved,refused,Accord manager,high,False,15
9c46b60f-79d3-404d-aec9-d2f70827702f,EMP16496,Thérèse Michel,pharmacien_titulaire,congé_payé,2024-06-22,2024-07-03,11,Maladie,refused,approved,Justificatif requis,high,True,13
765e3648-efc3-4329-8529-3d317c50090b,EMP82686,Danielle Delacroix,pharmacien_titulaire,RTT,2024-03-25,2024-03-28,3,Raison personnelle,refused,refused,Accord manager,high,False,43
dfce4a7c-a274-4d5b-b55f-7d869f177de5,EMP19801,Jean Moreau,préparateur,formation,2024-02-24,2024-02-27,3,Maladie,refused,approved,Justificatif requis,high,False,46
0072ddaf-4cfc-4955-bed0-9141febe9406,EMP92167,Sophie Fournier,stagiaire,congé_payé,2024-04-26,2024-04-28,2,Formation professionnelle,approved,refused,Justificatif requis,low,False,44
2e343497-c11d-4c9e-b8ba-e6d5d0c5eade,EMP61890,Claire Poulain,stagiaire,formation,2024-03-15,2024-03-26,11,Raison personnelle,approved,refused,Accord manager,low,False,14
2b88f2d2-f0be-40fe-9e61-240ec37bde92,EMP11474,Alain Laurent,préparateur,maladie,2024-03-17,2024-03-30,13,Congé maladie,approved,approved,Justificatif requis,high,True,5
9f7734aa-0108-47e1-bf4a-7fe7788589d4,EMP87408,Pierre Maillard,employé_rayon,maladie,2024-03-22,2024-04-06,15,Congé maladie,approved,approved,Justificatif requis,low,False,44
10afe89f-8f25-4e9f-b2bf-06e78ea4b9bc,EMP14872,Jean Fabre,préparateur,RTT,2024-10-03,2024-10-11,8,Maternité,approved,refused,Accord manager,low,False,12
b7f1f51a-6346-46f0-86b8-938d1d73207c,EMP42121,Sophie Dubois,employé_rayon,congé_payé,2024-09-01,2024-09-09,8,Maladie,approved,refused,Couverture disponible,medium,False,15
b35632b3-6430-4abd-aa5f-607dc7fa7303,EMP97807,Luc Poulain,stagiaire,formation,2024-06-07,2024-06-21,14,Maternité,pending,,,medium,False,43
a34a9eac-46f3-4046-a58e-30459cb422fb,EMP80940,Marc Poirier,employé_rayon,maladie,2024-06-13,2024-06-24,11,Congé maladie,refused,approved,Conflit avec autre absence,low,False,43
41a8ffc7-5737-42de-b0c2-3f10471c8004,EMP30417,Sylvie Rousseau,pharmacien_adjoint,congé_payé,2024-10-14,2024-10-16,2,Maladie,pending,,,medium,True,36
c4742bbb-3137-4eb6-afe2-86a3c51c6aec,EMP10883,Valérie Gérard,préparateur,congé_payé,2024-10-04,2024-10-12,8,Événement familial,refused,refused,Couverture disponible,high,True,7
b22a92ab-7913-4d0e-aafa-32bc5a41656b,EMP66886,Thierry Renaud,pharmacien_titulaire,congé_payé,2024-02-04,2024-02-15,11,Formation professionnelle,refused,approved,Conflit avec autre absence,high,False,37
fc0e3c26-a7c4-44ae-97f5-23c52ebd906a,EMP21924,Christine Morin,pharmacien_titulaire,congé_payé,2024-05-15,2024-05-23,8,Maternité,pending,,,low,True,39
e3ae08e2-626d-440d-9091-3a1b3477bed7,EMP38596,Michel Delorme,employé_rayon,événement_familial,2024-12-28,2025-01-04,7,Maternité,pending,,,medium,False,40
60c032af-5293-402d-accc-d13f8be23187,EMP61480,Georges Martin,préparateur,événement_familial,2024-06-03,2024-06-11,8,Événement familial,approved,refused,Justificatif requis,medium,False,45
ed75afe1-bea0-4743-9b4e-631c7d4d4b93,EMP30417,Sylvie Rousseau,pharmacien_adjoint,événement_familial,2024-08-27,2024-09-04,8,Maternité,approved,refused,Raison médicale insuffisante,low,True,33
6f46aecc-71a9-483b-87c6-63568fb4bc1c,EMP28475,Michel Rousseau,pharmacien_adjoint,maladie,2024-08-21,2024-09-05,15,Congé maladie,approved,approved,Couverture disponible,low,False,41
2180f636-e417-45e3-84fb-769fa0272f4e,EMP98495,Joseph Gaillard,pharmacien_titulaire,RTT,2024-12-16,2024-12-29,13,Maladie,approved,approved,Raison médicale insuffisante,medium,True,1
1f8b88cc-4d9a-4114-be0c-be9d17a6dd83,EMP37747,Sylvie Delacroix,pharmacien_adjoint,congé_payé,2024-11-14,2024-11-17,3,Maternité,approved,approved,Accord manager,high,True,17
f78bdd4d-fbbf-4c7c-af96-714278edbc5a,EMP18133,Jean-Paul Blanc,stagiaire,maternité,2024-06-23,2024-07-04,11,Maternité,approved,approved,Raison médicale insuffisante,high,False,24
4d69c30c-958f-4e82-9beb-399300f58a79,EMP75237,Jacques Fabre,préparateur,maternité,2024-08-11,2024-08-13,2,Événement familial,approved,approved,Raison médicale insuffisante,medium,True,5
60be84ce-dc1e-48c3-91ea-6312e801aab2,EMP98552,Michèle Bernier,pharmacien_adjoint,RTT,2024-03-09,2024-03-21,12,Maternité,pending,,,low,False,19
fb636355-348f-4eb6-861b-9763c2fe26c3,EMP42048,Thierry Leclerc,employé_rayon,maladie,2024-12-18,2025-01-02,15,Congé maladie,pending,,,high,True,20
af632422-fd3e-4eae-b5dd-59073a962539,EMP86320,René Martin,stagiaire,RTT,2024-10-04,2024-10-14,10,Maternité,approved,refused,Couverture disponible,low,True,29
1e8a4b93-0b9c-4d0c-a7ee-df431351dd03,EMP15711,Alain Renaud,pharmacien_adjoint,événement_familial,2024-05-09,2024-05-17,8,Raison personnelle,approved,approved,Accord manager,low,True,7
87a6a980-15b5-4bce-8f91-c1ee568327f3,EMP85782,Daniel Leroy,préparateur,maladie,2024-10-09,2024-10-11,2,Congé maladie,approved,approved,Accord manager,medium,False,12
bac244aa-adcb-411f-a87f-6cdb1215791b,EMP23472,Florence Dupont,stagiaire,formation,2024-09-10,2024-09-25,15,Besoin de repos,refused,approved,Accord manager,low,True,33
b5359543-c1af-45d3-b863-82709b482cc1,EMP48344,André Bernard,pharmacien_adjoint,événement_familial,2024-02-07,2024-02-16,9,Événement familial,refused,refused,Raison médicale insuffisante,medium,False,48
e92a72fa-8e54-45be-93d8-93d20eccb72d,EMP33870,Luc Delorme,pharmacien_titulaire,congé_payé,2024-01-26,2024-02-09,14,Raison personnelle,approved,refused,Couverture disponible,medium,True,7
f5fd366e-5900-4644-ba1a-48beca13ebdf,EMP92129,Sophie Bernard,pharmacien_titulaire,maternité,2024-05-11,2024-05-16,5,Maladie,refused,approved,Justificatif requis,high,False,39
5ebeb0af-4861-46d5-a49c-cccc6a6a37f0,EMP33403,Cécile Dubois,préparateur,congé_payé,2024-12-23,2024-12-29,6,Maternité,refused,refused,Accord manager,high,True,5
f79c45f5-2367-4309-9e9b-dd67c09c9001,EMP93016,Daniel Blanc,pharmacien_titulaire,maternité,2024-08-25,2024-08-29,4,Formation professionnelle,pending,,,medium,True,9
c0874bfd-c3c4-45db-94b8-45c0d0cd4525,EMP40125,Sophie Dubois,pharmacien_adjoint,RTT,2024-09-22,2024-10-03,11,Formation professionnelle,pending,,,high,True,38
e4e405ff-4357-4c39-a42a-06c1fb234968,EMP50997,Marc Blanc,pharmacien_adjoint,congé_payé,2024-08-14,2024-08-24,10,Événement familial,approved,refused,Conflit avec autre absence,medium,False,10
08a5155c-4c9f-4f15-93a8-3447a9b37861,EMP50143,Christian Benoit,préparateur,événement_familial,2024-05-17,2024-05-19,2,Maternité,approved,refused,Accord manager,high,True,13
90b47284-c3c7-439a-be2a-a67689a88b38,EMP77144,Michel Bernier,employé_rayon,congé_payé,2024-12-09,2024-12-15,6,Événement familial,pending,,,low,False,19
abaafea1-d1c3-4055-a073-066121119ec2,EMP79965,Alain Lefevre,pharmacien_adjoint,événement_familial,2024-10-29,2024-10-30,1,Formation professionnelle,pending,,,low,False,15
bd27d070-49fb-42b6-beb5-ec4754f159e4,EMP65916,Jean-Paul Chevalier,pharmacien_adjoint,maladie,2024-07-09,2024-07-19,10,Congé maladie,approved,refused,Raison médicale insuffisante,high,False,42
a8983b2d-af2e-42c0-8707-673e9c20805f,EMP97804,Daniel Lefevre,préparateur,maternité,2024-02-05,2024-02-09,4,Formation professionnelle,refused,refused,Conflit avec autre absence,low,True,16
19481284-d832-4d28-bf8a-58d33a04f9f4,EMP94339,Michel Poulain,préparateur,RTT,2024-11-30,2024-12-03,3,Formation professionnelle,approved,refused,Justificatif requis,medium,False,4
81d268f9-4c7c-43c3-91d3-da8acbaeee5a,EMP74758,Françoise Poirier,employé_rayon,maternité,2024-01-25,2024-01-26,1,Maladie,pending,,,low,False,37
b56839b1-fa8e-40be-b841-c369d01bf327,EMP10390,Isabelle Fontaine,préparateur,événement_familial,2024-08-23,2024-09-05,13,Raison personnelle,approved,refused,Conflit avec autre absence,medium,False,28
081be4c1-e16f-4cca-ac6c-d9b5178ac93a,EMP45460,Luc Andre,pharmacien_adjoint,RTT,2024-05-18,2024-05-28,10,Besoin de repos,pending,,,medium,False,38
2539efba-e9b4-4ba2-bd24-917739d6c35c,EMP28835,Philippe Fabre,pharmacien_adjoint,RTT,2024-02-13,2024-02-15,2,Maladie,approved,refused,Conflit avec autre absence,medium,False,26
d74c4bdf-9c22-4aae-9e9c-ac850168b996,EMP98141,Daniel Fournier,employé_rayon,événement_familial,2024-01-31,2024-02-02,2,Maladie,approved,refused,Raison médicale insuffisante,medium,False,48
b1b48344-c96e-4eaa-b05f-1a02a45dbd94,EMP77415,Françoise Fournier,pharmacien_adjoint,RTT,2024-05-11,2024-05-18,7,Événement familial,refused,approved,Conflit avec autre absence,medium,True,14
4fe36c89-68bf-4a73-bdcb-f50eb0134604,EMP97807,Luc Poulain,stagiaire,congé_payé,2024-09-14,2024-09-27,13,Raison personnelle,refused,approved,Couverture disponible,medium,True,46
14b5cb91-84c5-4eb8-9fa4-c8a6016aff94,EMP33562,Georges Poirier,employé_rayon,formation,2024-07-24,2024-08-05,12,Besoin de repos,pending,,,medium,True,20
c101fd7d-1c9b-4ead-b266-e88b622031af,EMP11393,Laurent Bernard,pharmacien_titulaire,RTT,2024-02-26,2024-03-03,6,Formation professionnelle,approved,refused,Conflit avec autre absence,high,False,17
4e217208-4a82-4b65-b239-a9016379960f,EMP76224,Jean Fabre,préparateur,RTT,2024-03-25,2024-03-31,6,Besoin de repos,approved,approved,Raison médicale insuffisante,medium,True,46
11273ab7-c86f-4581-9294-c6e10f02f445,EMP28870,Cécile Girard,employé_rayon,formation,2024-03-06,2024-03-13,7,Formation professionnelle,pending,,,high,False,45
ad3025de-3014-4648-97e5-a38db62603f6,EMP87408,Pierre Maillard,employé_rayon,RTT,2024-07-29,2024-07-31,2,Événement familial,pending,,,medium,True,48
10ab45b8-0dad-45fa-810e-d2ca999da192,EMP46298,Sylvie Poulain,préparateur,maternité,2024-01-10,2024-01-23,13,Besoin de repos,approved,refused,Conflit avec autre absence,medium,False,44
95a0e939-2024-4fde-91f0-fcf9c6de781f,EMP25298,Philippe Fontaine,préparateur,maternité,2024-08-03,2024-08-07,4,Raison personnelle,approved,refused,Accord manager,high,False,28
d0edf777-9e57-4d34-aee1-42ce1398eabe,EMP80842,Thérèse Girard,pharmacien_titulaire,RTT,2024-04-16,2024-04-26,10,Besoin de repos,pending,,,high,True,4
bd2a478c-a0f8-4bf2-a321-f3f3ba99d6d1,EMP94962,Jacques Blanc,préparateur,RTT,2024-04-10,2024-04-15,5,Formation professionnelle,approved,refused,Accord manager,high,True,33
a45940f9-c162-4daa-96d3-e9313613c85c,EMP11505,Alain Michel,employé_rayon,formation,2024-12-09,2024-12-21,12,Maternité,refused,refused,Couverture disponible,low,False,24
d09a185f-4f12-49ea-998f-b5eebeb9548b,EMP10482,Thérèse Fournier,préparateur,congé_payé,2024-02-04,2024-02-05,1,Raison personnelle,approved,refused,Justificatif requis,high,True,9
e8f0c48d-9b91-446a-9ef4-9f103435da01,EMP24026,Irène Fontaine,pharmacien_adjoint,formation,2024-09-20,2024-10-03,13,Formation professionnelle,approved,approved,Raison médicale insuffisante,low,False,23
3bc76804-0caa-4ddf-b62e-16085273fba9,EMP95454,Jacques Lefevre,préparateur,maladie,2024-02-01,2024-02-12,11,Congé maladie,approved,approved,Accord manager,medium,False,31
9509ae20-1277-4a38-bc8b-8eb9638fb472,EMP52819,Joseph Girard,pharmacien_titulaire,RTT,2024-11-23,2024-12-06,13,Formation professionnelle,approved,refused,Accord manager,medium,True,29
739cd7d1-7bea-49bb-a37f-f097deca9ffd,EMP93439,Valérie Benoit,employé_rayon,maternité,2024-11-01,2024-11-07,6,Maternité,approved,refused,Couverture disponible,low,True,46
452c9880-c50f-41dd-ba2b-63ae1389bc1d,EMP97823,Stéphanie Gaillard,pharmacien_adjoint,maladie,2024-01-30,2024-02-04,5,Congé maladie,approved,approved,Conflit avec autre absence,medium,False,48
9c0222f8-416a-466a-b913-d5c6e2c30b78,EMP61480,Georges Martin,préparateur,événement_familial,2024-02-18,2024-02-29,11,Événement familial,approved,refused,Couverture disponible,low,False,1
56654424-9987-420f-bd11-a329623888d0,EMP52939,Pierre Rousseau,stagiaire,congé_payé,2024-01-18,2024-01-20,2,Raison personnelle,approved,refused,Conflit avec autre absence,low,False,10
ad03790a-c1f8-4c91-9237-bbc1218c74b2,EMP95747,Bernard Gaillard,pharmacien_titulaire,maladie,2024-09-22,2024-09-29,7,Congé maladie,approved,refused,Raison médicale insuffisante,low,False,32
f9a46df9-f1d1-40fb-96db-bae98a53f3df,EMP16128,Pascale Roux,préparateur,RTT,2024-10-21,2024-11-02,12,Événement familial,pending,,,low,False,26
1e7cb888-f5fe-4b63-a050-eeae298ae86e,EMP16097,Pierre Poulain,employé_rayon,événement_familial,2024-10-19,2024-10-22,3,Maternité,approved,refused,Accord manager,medium,True,5
e69a51f4-2af6-425d-bf2a-40c04d919d35,EMP54857,Alain Leroy,pharmacien_adjoint,maternité,2024-12-18,2024-12-22,4,Raison personnelle,pending,,,low,False,22
1eff8340-0faf-4f83-9d2d-e61b060f15aa,EMP39284,Alain Bernier,pharmacien_titulaire,maladie,2024-05-30,2024-06-05,6,Congé maladie,refused,refused,Couverture disponible,low,False,39
070542a0-c5d4-412e-aa67-d9671d480194,EMP37064,Sophie Delacroix,préparateur,RTT,2024-08-31,2024-09-01,1,Besoin de repos,pending,,,low,False,46
28339441-d03c-49ea-8687-e8f84e432652,EMP33913,Marie Benoit,employé_rayon,événement_familial,2024-11-16,2024-11-17,1,Formation professionnelle,approved,refused,Accord manager,low,False,16
86debe2e-9b9c-4acd-b9e5-72a6ce2b804b,EMP66886,Thierry Renaud,pharmacien_titulaire,maternité,2024-12-14,2024-12-25,11,Maladie,pending,,,high,False,22
09deb0ca-769b-46e9-9813-701c09d68ac6,EMP59583,Cécile Bernard,pharmacien_adjoint,maladie,2024-01-27,2024-02-03,7,Congé maladie,pending,,,medium,False,28
c1dd42aa-b5c4-4916-b7c8-6f0e16e7c856,EMP72417,Cécile Leclerc,préparateur,RTT,2024-03-03,2024-03-11,8,Raison personnelle,pending,,,high,True,1
b0c1a88b-f529-4754-945f-316c56d38995,EMP87140,René Girard,stagiaire,maladie,2024-01-23,2024-02-02,10,Congé maladie,refused,approved,Couverture disponible,medium,False,48
d26ff9a0-0bcd-4ba7-a2d5-2d139f1fb42d,EMP36336,Laurent Poirier,préparateur,congé_payé,2024-07-20,2024-07-25,5,Besoin de repos,approved,approved,Justificatif requis,high,True,21
752f6d52-8a97-4c20-899e-65a40c8389a9,EMP71300,Valérie Laurent,préparateur,formation,2024-12-22,2024-12-24,2,Besoin de repos,pending,,,high,True,35
b6971dd7-ba54-4799-9230-0c8b5888edea,EMP20467,Christine Fournier,employé_rayon,formation,2024-01-09,2024-01-20,11,Maternité,refused,refused,Justificatif requis,high,True,10
c4de9cc8-1e3c-4ea9-9095-3ef77287ea4d,EMP65783,Catherine Gaillard,préparateur,congé_payé,2024-09-22,2024-10-07,15,Événement familial,approved,refused,Justificatif requis,high,False,41
8a8fd264-aea6-4fe2-8ada-ab11082e0b59,EMP90904,André Leclerc,préparateur,congé_payé,2024-09-22,2024-10-06,14,Événement familial,pending,,,low,True,40
783374b9-da89-46cc-8e6b-ef0b3d44e703,EMP32397,Jean Rousseau,employé_rayon,maternité,2024-02-13,2024-02-16,3,Maternité,pending,,,low,True,26
78272033-22cc-4300-aed6-26c3bf13641b,EMP99048,Marc Rousseau,préparateur,formation,2024-12-07,2024-12-18,11,Événement familial,approved,refused,Conflit avec autre absence,low,False,29
1edfcb5a-7a9d-450e-a4a0-a455c9e2267f,EMP21530,Florence Benoit,employé_rayon,formation,2024-01-14,2024-01-26,12,Maladie,approved,refused,Justificatif requis,high,True,42
7abb6333-0876-4aed-bab4-1deb7c812b4c,EMP82491,Catherine Bernard,pharmacien_adjoint,événement_familial,2024-10-23,2024-11-04,12,Raison personnelle,pending,,,low,False,35
e06f6f9a-ea74-458c-9892-843aa189a968,EMP95894,Thérèse Delorme,pharmacien_titulaire,maladie,2024-07-31,2024-08-10,10,Congé maladie,approved,approved,Accord manager,high,False,3
95fa89f1-0c26-435c-8a82-bd3a96e9b4a6,EMP68832,Catherine Girard,stagiaire,congé_payé,2024-04-25,2024-05-08,13,Maternité,approved,approved,Conflit avec autre absence,medium,False,19
f7689d76-0ca4-4458-a55a-8d28dd14c46e,EMP86791,Françoise Renaud,préparateur,RTT,2024-04-21,2024-05-05,14,Formation professionnelle,approved,refused,Justificatif requis,high,False,31
3da6975f-0adb-4c02-88ce-2d23ce8284c1,EMP92710,Olivier Renaud,pharmacien_adjoint,formation,2024-06-12,2024-06-13,1,Maternité,approved,refused,Accord manager,low,False,22
fb907910-f58c-43bd-8a76-62b07eb91c0a,EMP84521,Cécile Leclerc,préparateur,formation,2024-01-20,2024-02-03,14,Événement familial,refused,approved,Couverture disponible,medium,True,43
cde97571-219e-45a0-8b53-2a39f2154070,EMP28949,Stéphanie Bernard,employé_rayon,maternité,2024-04-05,2024-04-08,3,Maternité,refused,approved,Accord manager,high,False,15
1ad82f60-189e-4665-b0e7-6a286e52e8b9,EMP87958,Marie Gaillard,pharmacien_adjoint,RTT,2024-04-19,2024-05-01,12,Maladie,approved,approved,Raison médicale insuffisante,medium,False,21
cd3edd0a-19ad-4e6a-b1a5-3fa3e020fd31,EMP61350,Michèle Benoit,pharmacien_titulaire,RTT,2024-01-04,2024-01-08,4,Maladie,approved,refused,Raison médicale insuffisante,low,False,22
e336178b-d831-4a5a-89dd-8575b748b57c,EMP13797,Christiane Fontaine,pharmacien_titulaire,événement_familial,2024-02-28,2024-03-05,6,Raison personnelle,approved,approved,Conflit avec autre absence,high,True,33
ba512999-aa6f-4b0e-b461-de4b5b932425,EMP97846,Jean Gaillard,pharmacien_titulaire,maladie,2024-02-07,2024-02-18,11,Congé maladie,approved,approved,Raison médicale insuffisante,medium,False,48
40f37186-daa0-4cda-9af5-1c84e81f8684,EMP67753,Marc Bernard,pharmacien_adjoint,congé_payé,2024-11-19,2024-11-24,5,Maternité,pending,,,medium,True,27
60596e64-ec6e-4575-8e3e-4c1b614eb142,EMP16097,Pierre Poulain,employé_rayon,formation,2024-09-01,2024-09-14,13,Formation professionnelle,refused,refused,Raison médicale insuffisante,medium,True,47
626d84eb-0bed-4889-a5f7-a506426513c3,EMP93439,Valérie Benoit,employé_rayon,formation,2024-05-17,2024-05-30,13,Maternité,pending,,,high,False,1
c461928f-9464-42a4-b3ca-988a5411a084,EMP76360,Cécile Renaud,pharmacien_titulaire,événement_familial,2024-01-29,2024-02-12,14,Maladie,approved,refused,Raison médicale insuffisante,low,True,1
7976c820-7c3b-43cb-b5a3-b88b013c00e3,EMP71293,Philippe Bernard,pharmacien_adjoint,formation,2024-07-21,2024-07-22,1,Raison personnelle,pending,,,low,True,47
73c9d67f-7cbe-4167-8c2f-eecf3d85d42f,EMP84519,Anne Rousseau,employé_rayon,événement_familial,2024-06-23,2024-06-29,6,Formation professionnelle,approved,approved,Accord manager,high,False,36
7d947bfa-1ac8-4e8b-a0dc-af6dddbe76b8,EMP76049,Luc Michel,pharmacien_titulaire,maternité,2024-03-18,2024-03-21,3,Maladie,pending,,,high,False,44
a9068d1a-ff31-46de-88a0-0b28a0f4750e,EMP62720,Michel Lefevre,préparateur,maternité,2024-02-12,2024-02-22,10,Maladie,pending,,,high,False,28
88ae5c14-2d11-404c-8fc1-ac3eb4340101,EMP79971,Laurent Poirier,pharmacien_adjoint,formation,2024-06-09,2024-06-21,12,Événement familial,approved,refused,Couverture disponible,medium,False,12
b2f5bc60-06c7-4462-84b1-3dd17dc68741,EMP79692,Christian Delorme,pharmacien_adjoint,événement_familial,2024-08-11,2024-08-25,14,Maladie,approved,refused,Couverture disponible,high,True,34
cde00ddd-ebf1-4395-9693-cd2e074d6bce,EMP93439,Valérie Benoit,employé_rayon,congé_payé,2024-08-05,2024-08-13,8,Besoin de repos,refused,refused,Conflit avec autre absence,low,True,12
55a6d979-ff16-4346-9e82-8ca1bdf98e70,EMP96221,Cécile Fabre,préparateur,événement_familial,2024-09-16,2024-09-30,14,Besoin de repos,approved,approved,Justificatif requis,medium,False,41
1d32066b-48eb-4b48-8094-e504521e690b,EMP85839,Thérèse Fabre,employé_rayon,formation,2024-03-26,2024-04-03,8,Maladie,pending,,,medium,True,44
d59092bf-adb1-4986-95e7-b676ad56e88f,EMP98552,Michèle Bernier,pharmacien_adjoint,congé_payé,2024-08-02,2024-08-16,14,Raison personnelle,approved,approved,Conflit avec autre absence,high,True,27
110cfc70-c908-4d19-83d5-87fd7ec9ad06,EMP79714,Christiane Girard,préparateur,formation,2024-05-31,2024-06-09,9,Besoin de repos,approved,refused,Couverture disponible,medium,False,3
43b293d6-c5e0-4027-8f2c-8d752b4ffbee,EMP71640,Marc Moreau,pharmacien_adjoint,formation,2024-07-28,2024-08-11,14,Événement familial,approved,refused,Justificatif requis,medium,True,47
cfb88a03-2f7a-489c-8dcf-64aaf1131090,EMP71293,Philippe Bernard,pharmacien_adjoint,congé_payé,2024-07-19,2024-07-21,2,Besoin de repos,approved,refused,Justificatif requis,low,True,45
8d4e2a5c-73b4-49cf-8442-8f311967dc52,EMP50680,Danielle Leroy,stagiaire,congé_payé,2024-09-10,2024-09-15,5,Maladie,refused,approved,Justificatif requis,medium,False,36
47315201-4957-42f1-afc6-90f398021d1f,EMP46301,Pierre Poirier,employé_rayon,événement_familial,2024-02-04,2024-02-15,11,Raison personnelle,approved,refused,Accord manager,medium,True,31
77bb937b-d44d-4096-9797-a5c028312b0c,EMP62493,Alain Bernier,pharmacien_titulaire,formation,2024-01-29,2024-02-10,12,Besoin de repos,refused,approved,Couverture disponible,low,False,34
3e238c53-bc8e-4acc-81a1-b3bc6d89ec82,EMP33278,Pierre Benoit,préparateur,événement_familial,2024-11-29,2024-12-01,2,Événement familial,pending,,,low,False,17
fda9c518-8565-450f-9101-abe0e81be862,EMP35115,Cécile Roux,employé_rayon,RTT,2024-06-16,2024-06-21,5,Formation professionnelle,approved,refused,Couverture disponible,low,True,23
adf70b21-4d1f-452c-98cf-5d72ddcaddcc,EMP54954,Laurent Moreau,pharmacien_adjoint,maladie,2024-06-11,2024-06-12,1,Congé maladie,approved,refused,Raison médicale insuffisante,low,False,39
e92d86aa-99bf-4bd2-af7f-af75d65c6c19,EMP73176,Jacques Renaud,employé_rayon,formation,2024-02-10,2024-02-16,6,Maladie,approved,refused,Raison médicale insuffisante,medium,True,34
f2fea2da-a51a-4d71-941b-07349ac84245,EMP11894,Paul Dubois,préparateur,RTT,2024-06-13,2024-06-21,8,Raison personnelle,approved,refused,Raison médicale insuffisante,medium,False,30
ff93757a-c513-44db-9a47-6f2ff93624b8,EMP27518,Laurent Renaud,pharmacien_adjoint,maternité,2024-03-18,2024-03-19,1,Besoin de repos,approved,refused,Raison médicale insuffisante,medium,False,27
33d52099-b98a-491f-9758-a77f72a750bb,EMP92710,Olivier Renaud,pharmacien_adjoint,RTT,2024-12-11,2024-12-25,14,Événement familial,pending,,,medium,False,6
d47c36dc-a435-4eef-8250-ab224d6fbf91,EMP90724,Jean-Paul Laurent,stagiaire,formation,2024-03-15,2024-03-23,8,Besoin de repos,approved,refused,Raison médicale insuffisante,low,True,37
7f1cad37-28d6-4859-acd9-66544040e7ab,EMP35644,Marc Bernier,pharmacien_adjoint,événement_familial,2024-01-08,2024-01-21,13,Événement familial,approved,approved,Couverture disponible,medium,False,24
42fec814-412f-4d47-aaaa-7d1bf54483c0,EMP97171,Michèle Benoit,pharmacien_adjoint,formation,2024-01-13,2024-01-17,4,Besoin de repos,pending,,,high,False,30
0fd700a1-d712-4d46-aed1-d33d9334f8c8,EMP27804,Sophie Leroy,pharmacien_titulaire,formation,2024-01-23,2024-02-05,13,Maternité,approved,refused,Couverture disponible,medium,True,23
9b3e5635-4a1e-480a-b8b6-564118679a46,EMP65433,Claire Arnould,pharmacien_adjoint,congé_payé,2024-04-24,2024-05-01,7,Événement familial,refused,refused,Couverture disponible,high,True,23
7f080189-f298-4c82-a6f6-afaeff0ac6cd,EMP80959,Stéphanie Fontaine,préparateur,RTT,2024-07-10,2024-07-25,15,Événement familial,pending,,,high,True,32
3db9ec2f-f1fc-4a71-80bc-c9009b68db55,EMP51521,Luc Delacroix,employé_rayon,événement_familial,2024-11-05,2024-11-14,9,Maladie,pending,,,low,True,26
7362b649-12ed-4b6d-96d3-d3f39bf61f69,EMP89623,Nathalie Bernard,préparateur,formation,2024-02-23,2024-03-06,12,Raison personnelle,approved,approved,Couverture disponible,medium,True,8
885a4246-7f53-4a11-b8b5-53b47a002b50,EMP87977,Claire Rousseau,préparateur,maladie,2024-06-20,2024-06-28,8,Congé maladie,approved,refused,Accord manager,low,False,20
44278aec-0d03-4bca-963b-d69a0a83c301,EMP79049,Paul Gérard,pharmacien_adjoint,maternité,2024-08-03,2024-08-08,5,Besoin de repos,approved,refused,Accord manager,high,False,41
2b340b40-efe7-4c52-8d14-2603829b1177,EMP21286,Bernard Morin,stagiaire,congé_payé,2024-11-15,2024-11-28,13,Maternité,approved,refused,Conflit avec autre absence,high,True,10
41d409a4-6792-43af-91a4-a99ad64df1d7,EMP30620,Philippe Poulain,pharmacien_adjoint,événement_familial,2024-07-26,2024-08-01,6,Maternité,approved,refused,Conflit avec autre absence,high,False,35
c4f8e5c6-44d2-49dd-b168-462146ffa4e9,EMP28475,Michel Rousseau,pharmacien_adjoint,RTT,2024-03-29,2024-04-11,13,Maladie,approved,approved,Couverture disponible,low,True,43
aa28a0be-1eeb-4cac-93fb-e13b154147d8,EMP76049,Luc Michel,pharmacien_titulaire,formation,2024-10-17,2024-10-26,9,Raison personnelle,approved,refused,Couverture disponible,medium,True,31
764b3518-1a07-47a1-bfce-9e2e43624419,EMP15555,René Chevalier,préparateur,RTT,2024-09-22,2024-09-25,3,Événement familial,pending,,,medium,False,27
ddebdeb6-25ad-47e7-9ad2-29e93b5bbfdf,EMP79347,Irène Poirier,préparateur,formation,2024-08-08,2024-08-18,10,Raison personnelle,approved,approved,Raison médicale insuffisante,low,True,18
7eace77f-2d33-4857-9500-c393125a76fb,EMP22852,Laurent Poirier,pharmacien_adjoint,maternité,2024-02-27,2024-03-06,8,Formation professionnelle,approved,refused,Accord manager,medium,True,31
35f5130e-fbe6-4448-9a29-0a1e92edeb12,EMP28870,Cécile Girard,employé_rayon,RTT,2024-04-19,2024-04-20,1,Besoin de repos,approved,refused,Couverture disponible,medium,True,42
13046df3-d91e-4ac3-803c-51837c118773,EMP77144,Michel Bernier,employé_rayon,formation,2024-05-22,2024-05-24,2,Raison personnelle,refused,approved,Justificatif requis,high,False,8
c67141dc-7852-4aba-b3dc-e0822849652e,EMP70137,Anne Simon,employé_rayon,congé_payé,2024-05-13,2024-05-19,6,Maladie,approved,approved,Raison médicale insuffisante,high,False,23
6e7902ad-fc89-415b-be1d-9b7306565bce,EMP45752,Luc Rousseau,employé_rayon,congé_payé,2024-01-19,2024-01-22,3,Maternité,pending,,,low,True,23
78dc9054-0306-4e0e-89a7-ad04551deda3,EMP19778,Martine Blanc,pharmacien_titulaire,RTT,2024-04-19,2024-04-21,2,Maternité,pending,,,medium,False,33
3229589e-b432-47bd-a7e6-cd6cf6227c2c,EMP87085,Laurent Gérard,pharmacien_titulaire,maternité,2024-06-17,2024-06-24,7,Maladie,refused,approved,Couverture disponible,low,False,33
b5a67425-2cdb-4777-82d0-11dde2500ee4,EMP62367,Anne Michel,pharmacien_adjoint,événement_familial,2024-10-11,2024-10-25,14,Maternité,approved,refused,Couverture disponible,low,True,47
d5092c77-9e5d-45d0-8cd5-92c9d5ad4578,EMP95375,Danielle Leroy,stagiaire,maternité,2024-08-20,2024-08-29,9,Raison personnelle,approved,approved,Justificatif requis,medium,False,12
64b936e3-6195-4ae7-9fcd-bd25c08adb72,EMP63795,Catherine Poirier,préparateur,maternité,2024-10-28,2024-10-31,3,Maternité,approved,approved,Conflit avec autre absence,medium,False,9
26d74f68-7dd8-4d3f-84df-e50b58f21f8d,EMP74025,Laurent Roux,employé_rayon,maternité,2024-03-03,2024-03-06,3,Maladie,approved,approved,Raison médicale insuffisante,low,True,42
606b19f5-613f-4368-ad32-d9f7301b9e5d,EMP30417,Sylvie Rousseau,pharmacien_adjoint,RTT,2024-08-14,2024-08-26,12,Besoin de repos,refused,refused,Conflit avec autre absence,low,False,38
25ff1b5c-ab46-4789-8718-5b35f541a3c9,EMP68301,Danielle Arnould,préparateur,formation,2024-12-08,2024-12-10,2,Formation professionnelle,refused,approved,Conflit avec autre absence,medium,True,7
631c7b8b-0002-4ca0-a405-277f759091b7,EMP87085,Laurent Gérard,pharmacien_titulaire,formation,2024-04-12,2024-04-18,6,Maladie,approved,refused,Conflit avec autre absence,high,False,32
10fd1d0e-5ee9-4f99-940a-4ec796f2b70c,EMP85839,Thérèse Fabre,employé_rayon,congé_payé,2024-01-25,2024-02-02,8,Formation professionnelle,approved,refused,Accord manager,low,True,18
0d573fa3-39c1-475b-865f-7072ec51e3e9,EMP18133,Jean-Paul Blanc,stagiaire,RTT,2024-12-15,2024-12-17,2,Raison personnelle,approved,approved,Justificatif requis,medium,False,39
2531ff6e-7408-4457-8d25-7950b0e1b75c,EMP67059,Christiane Martin,préparateur,formation,2024-06-23,2024-06-30,7,Raison personnelle,approved,approved,Conflit avec autre absence,high,False,2
4c995edd-08e4-4db0-ab24-6dee5f2b6f02,EMP94780,Paul Dupont,pharmacien_titulaire,événement_familial,2024-09-24,2024-10-08,14,Maladie,refused,approved,Couverture disponible,medium,True,28
3f3144c8-0757-4cf4-9f40-6e5d622deb06,EMP25177,Danielle Moreau,employé_rayon,maternité,2024-08-23,2024-09-01,9,Maternité,approved,refused,Couverture disponible,low,False,33
839f6f4e-0747-4110-9be2-f37770408766,EMP28835,Philippe Fabre,pharmacien_adjoint,maternité,2024-02-05,2024-02-13,8,Maladie,refused,approved,Accord manager,high,True,47
d99bdef6-e170-4c20-8313-f7dec2ead244,EMP81029,Jacques Bernier,pharmacien_adjoint,maladie,2024-04-01,2024-04-14,13,Congé maladie,refused,refused,Couverture disponible,medium,True,1
7ef11958-8024-4b44-bc50-48874f64bdb8,EMP15485,Michèle Bernier,préparateur,congé_payé,2024-07-15,2024-07-20,5,Formation professionnelle,refused,refused,Conflit avec autre absence,high,False,35
afb9cc48-88bb-4e63-ada0-7f546cbf5e97,EMP83325,Laurent Delacroix,pharmacien_titulaire,RTT,2024-04-07,2024-04-10,3,Maternité,approved,approved,Couverture disponible,low,False,30
7da4897f-be22-4c62-93cb-40e24e5d1c47,EMP79347,Irène Poirier,préparateur,congé_payé,2024-03-08,2024-03-23,15,Événement familial,refused,refused,Accord manager,medium,False,9
3648927a-b5fe-48be-8e88-1daf6b6dcf9f,EMP50997,Marc Blanc,pharmacien_adjoint,RTT,2024-06-07,2024-06-16,9,Besoin de repos,approved,refused,Couverture disponible,low,False,12
3bc2d9db-6dd4-4f13-9f0a-304aa42aa0ed,EMP12257,Luc Laurent,pharmacien_titulaire,maladie,2024-06-05,2024-06-17,12,Congé maladie,approved,refused,Accord manager,medium,False,8
18a67d3f-ec55-4254-8c66-8e55de2f45a5,EMP86738,Monique Bernier,employé_rayon,formation,2024-03-04,2024-03-08,4,Maternité,approved,approved,Conflit avec autre absence,low,False,44
56d5b91f-e235-4daa-95bb-05830ec669e3,EMP99282,Christine Leroy,employé_rayon,maternité,2024-03-11,2024-03-18,7,Événement familial,approved,refused,Raison médicale insuffisante,low,True,8
abaf2903-2079-4034-82cc-b049859b858b,EMP27620,Jacques Blanc,pharmacien_titulaire,maladie,2024-12-16,2024-12-26,10,Congé maladie,approved,refused,Couverture disponible,low,True,21
6e4dac80-f87c-4aca-b74e-cb3f173df51d,EMP46169,Monique Delorme,employé_rayon,maladie,2024-01-23,2024-01-31,8,Congé maladie,approved,refused,Justificatif requis,low,True,28
c50e28a6-5edc-4e50-afa4-42de70541076,EMP96146,Joseph Arnould,employé_rayon,maternité,2024-10-10,2024-10-24,14,Formation professionnelle,approved,refused,Accord manager,low,False,20
6009c7fc-9979-406b-bd10-ae97c35c0dab,EMP72404,Jacques Delorme,pharmacien_titulaire,maladie,2024-10-10,2024-10-22,12,Congé maladie,refused,approved,Justificatif requis,medium,False,46
44113a38-8f0a-4563-90fd-cd8836640a04,EMP87042,Isabelle Renaud,préparateur,congé_payé,2024-01-12,2024-01-15,3,Événement familial,approved,approved,Conflit avec autre absence,low,True,39
fd8aa585-7de1-4fed-a962-ff7c1a11541d,EMP61535,Jacques Dubois,préparateur,maternité,2024-02-10,2024-02-20,10,Maternité,pending,,,medium,True,42
73c7060c-7e96-464f-a21b-376c7cca273e,EMP87140,René Girard,stagiaire,maternité,2024-07-29,2024-08-09,11,Raison personnelle,approved,refused,Accord manager,low,True,1
1e0cfee3-b05b-4c7f-a023-0538c8f58b29,EMP22852,Laurent Poirier,pharmacien_adjoint,formation,2024-02-26,2024-03-10,13,Formation professionnelle,pending,,,medium,False,30
2540ec9a-2b37-485c-869a-8f57ca1624bd,EMP52279,Monique Simon,préparateur,RTT,2024-10-16,2024-10-30,14,Raison personnelle,pending,,,high,False,38
c06e27c2-a25e-4f9c-acb0-f2fb8a2de3e2,EMP45460,Luc Andre,pharmacien_adjoint,congé_payé,2024-05-31,2024-06-09,9,Raison personnelle,approved,refused,Justificatif requis,medium,True,11
b60187fc-5dcc-4d66-8964-8b3ba8e252ad,EMP37130,Irène Simon,employé_rayon,congé_payé,2024-06-21,2024-07-05,14,Besoin de repos,approved,approved,Conflit avec autre absence,low,True,32
0481ca67-db9b-49f3-a001-e0ef1ad4fb05,EMP39270,Sophie Dubois,pharmacien_titulaire,maternité,2024-03-07,2024-03-08,1,Besoin de repos,approved,approved,Couverture disponible,medium,False,7
219a8ad9-8d86-4b21-b192-c5acb13b0e03,EMP64149,Marc Blanc,pharmacien_adjoint,événement_familial,2024-10-24,2024-11-04,11,Raison personnelle,approved,refused,Conflit avec autre absence,low,False,24
d01b7aea-fdce-4aad-8602-1c5c8d6e230c,EMP57584,Jacques Benoit,employé_rayon,maladie,2024-10-13,2024-10-24,11,Congé maladie,approved,approved,Accord manager,medium,True,7
59da6da8-e3a1-47b5-9812-419de7963dd4,EMP72404,Jacques Delorme,pharmacien_titulaire,maternité,2024-10-06,2024-10-15,9,Maternité,approved,refused,Conflit avec autre absence,medium,True,34
b3cd654f-8424-4f69-a1fc-47c7ccdff4fa,EMP51487,Florence Leclerc,pharmacien_adjoint,formation,2024-07-13,2024-07-17,4,Maternité,approved,refused,Justificatif requis,high,False,17
9036de29-49b1-4895-805f-fd0cdade8b00,EMP61350,Michèle Benoit,pharmacien_titulaire,maladie,2024-05-19,2024-05-22,3,Congé maladie,pending,,,medium,False,8
dfde5fc5-d83e-4deb-a02f-9c23eb3c393b,EMP97807,Luc Poulain,stagiaire,formation,2024-03-17,2024-03-26,9,Raison personnelle,approved,approved,Conflit avec autre absence,medium,False,25
70be362d-0a8e-4f57-959f-2674de60de88,EMP86763,Françoise Rousseau,pharmacien_adjoint,événement_familial,2024-08-06,2024-08-17,11,Formation professionnelle,refused,approved,Raison médicale insuffisante,low,False,48
dc95b727-4ac3-495d-a065-be0098cf45f3,EMP92167,Sophie Fournier,stagiaire,congé_payé,2024-06-29,2024-07-08,9,Raison personnelle,refused,approved,Accord manager,medium,True,32
56a01ad9-b7d9-42fe-a504-74d74343afea,EMP19967,Jacques Simon,pharmacien_adjoint,formation,2024-05-13,2024-05-23,10,Raison personnelle,approved,refused,Justificatif requis,high,True,23
d27c6bcd-d238-41b5-8e29-fb721099b9f8,EMP42121,Sophie Dubois,employé_rayon,maternité,2024-01-19,2024-02-03,15,Maladie,pending,,,high,False,20
94486d53-026f-488c-bd46-ef90aa03eec5,EMP62383,Jacques Girard,employé_rayon,congé_payé,2024-06-20,2024-07-01,11,Maladie,approved,refused,Couverture disponible,high,False,23
1f5c7fd9-45f1-4461-b29e-387a798299df,EMP52985,Martine Laurent,employé_rayon,congé_payé,2024-01-06,2024-01-13,7,Formation professionnelle,pending,,,low,True,15
e8514289-9237-42cd-bc95-b5e871173792,EMP28475,Michel Rousseau,pharmacien_adjoint,maladie,2024-12-18,2024-12-20,2,Congé maladie,approved,approved,Justificatif requis,low,True,28
44898c02-e972-4f9f-8cfb-7d6bb6d5cf37,EMP70877,Jacques Rousseau,préparateur,congé_payé,2024-04-20,2024-04-27,7,Événement familial,approved,refused,Justificatif requis,high,False,4
51f30294-3964-4e5f-b813-42e6caa0fa66,EMP73604,Monique Moreau,préparateur,maternité,2024-07-05,2024-07-13,8,Maladie,pending,,,high,True,46
3057b488-230f-44d4-80d4-3d264a63ec3b,EMP94780,Paul Dupont,pharmacien_titulaire,maladie,2024-02-05,2024-02-18,13,Congé maladie,pending,,,low,True,45
1f8896c8-5646-4ed8-9089-28c397864bf3,EMP10250,Claire Leroy,pharmacien_adjoint,événement_familial,2024-03-19,2024-03-21,2,Événement familial,approved,refused,Couverture disponible,low,True,17
99d2d5a1-348b-4015-be11-4ae42af5a55e,EMP76314,Philippe Delorme,employé_rayon,RTT,2024-12-20,2024-12-24,4,Raison personnelle,approved,approved,Justificatif requis,low,False,6
0d46f206-092b-485d-9e2c-9215a9314186,EMP55121,Thérèse Laurent,pharmacien_titulaire,maternité,2024-03-19,2024-04-03,15,Besoin de repos,pending,,,medium,True,33
d7c908cb-97a9-4db7-a195-e0a3d5724540,EMP40125,Sophie Dubois,pharmacien_adjoint,maladie,2024-12-24,2025-01-04,11,Congé maladie,approved,approved,Conflit avec autre absence,high,True,23
ff4968b4-f857-4718-be0b-b577872ccebb,EMP19778,Martine Blanc,pharmacien_titulaire,RTT,2024-12-16,2024-12-19,3,Raison personnelle,refused,approved,Accord manager,high,True,34
3dde0e04-34ed-43d6-8636-52729a25fba3,EMP93439,Valérie Benoit,employé_rayon,congé_payé,2024-10-09,2024-10-21,12,Besoin de repos,pending,,,low,False,29
77efdec7-7d3f-44fe-bfcf-fbccf29ec814,EMP27518,Laurent Renaud,pharmacien_adjoint,congé_payé,2024-08-04,2024-08-18,14,Événement familial,approved,approved,Raison médicale insuffisante,medium,False,12
dfbc8a48-08a1-4df6-b7ae-5b8d6d34df4a,EMP25587,Michèle Martin,pharmacien_titulaire,événement_familial,2024-09-20,2024-09-28,8,Formation professionnelle,refused,refused,Accord manager,high,False,18
ceae44d5-308c-4e1e-b9a0-80b7604fafb4,EMP11758,Marie Andre,employé_rayon,RTT,2024-07-22,2024-07-26,4,Maladie,approved,approved,Raison médicale insuffisante,low,True,39
9dfad457-3baf-4ded-a00b-a581b6ea1324,EMP79678,Catherine Moreau,pharmacien_adjoint,formation,2024-10-19,2024-10-31,12,Raison personnelle,pending,,,high,True,35
2368bd91-b70d-4fdb-adba-76996c18d22d,EMP81765,Pierre Poirier,pharmacien_adjoint,maladie,2024-02-12,2024-02-23,11,Congé maladie,refused,refused,Raison médicale insuffisante,low,True,17
b8a7ea7e-fa84-4344-8675-46b6ba0d241d,EMP47547,Jacques Dubois,pharmacien_titulaire,événement_familial,2024-03-30,2024-04-05,6,Besoin de repos,pending,,,high,True,9
447b1570-5161-49ed-b60f-cba3697740d0,EMP27231,Jacques Leclerc,préparateur,formation,2024-02-27,2024-03-10,12,Formation professionnelle,refused,refused,Accord manager,low,False,12
10cdc3e9-6d33-4d91-82f4-e288345bc91d,EMP76545,Florence Poirier,pharmacien_adjoint,maternité,2024-11-25,2024-12-10,15,Formation professionnelle,approved,approved,Justificatif requis,high,True,11
d9fc728d-c6ce-4fba-9365-3b3fb85220dc,EMP97846,Jean Gaillard,pharmacien_titulaire,événement_familial,2024-01-12,2024-01-22,10,Événement familial,approved,approved,Couverture disponible,high,False,18
1857b1e7-7b49-450c-92ea-4d55d7eee2a6,EMP25809,Marie Girard,pharmacien_adjoint,RTT,2024-10-24,2024-10-26,2,Maternité,approved,approved,Couverture disponible,low,True,44
f42b2a27-eb0e-4a13-bf27-e151f39f11b6,EMP80959,Stéphanie Fontaine,préparateur,formation,2024-03-14,2024-03-23,9,Événement familial,approved,approved,Conflit avec autre absence,high,False,9
40f0455f-976c-4fe2-aa3d-ee3e3499d158,EMP50143,Christian Benoit,préparateur,maladie,2024-07-08,2024-07-10,2,Congé maladie,approved,approved,Couverture disponible,high,True,6
3e11780f-ef1b-4019-a57b-e6dc6aaa1bdc,EMP63903,Sylvie Moreau,employé_rayon,maternité,2024-12-12,2024-12-24,12,Besoin de repos,approved,refused,Accord manager,low,False,20
d630a504-cf9e-4dc2-ae72-cf8ad74b71a3,EMP52985,Martine Laurent,employé_rayon,événement_familial,2024-08-21,2024-08-24,3,Événement familial,approved,approved,Justificatif requis,high,True,39
ec7d65f7-0aa9-4593-b3a3-0ea073cbeac7,EMP79714,Christiane Girard,préparateur,événement_familial,2024-04-03,2024-04-15,12,Événement familial,refused,refused,Conflit avec autre absence,medium,True,38
d94ab078-07d5-40f3-b9d3-e4cd0bdbbb95,EMP21924,Christine Morin,pharmacien_titulaire,RTT,2024-11-10,2024-11-16,6,Besoin de repos,approved,refused,Accord manager,high,False,11
d402b6d7-9f3f-4a17-87b6-2ab58c84c164,EMP81765,Pierre Poirier,pharmacien_adjoint,maladie,2024-04-15,2024-04-17,2,Congé maladie,refused,refused,Justificatif requis,high,False,37
f69e1661-a21c-445c-9fea-510ca2eb94e4,EMP35555,Monique Fabre,pharmacien_titulaire,congé_payé,2024-01-10,2024-01-20,10,Formation professionnelle,refused,refused,Justificatif requis,low,True,23
8e09fdf0-da5a-4bd9-b864-98405e713235,EMP14516,Catherine Rousseau,pharmacien_titulaire,formation,2024-10-08,2024-10-16,8,Maternité,approved,refused,Couverture disponible,high,False,25
e3d64d83-e420-49c9-a265-62505f3401f3,EMP76442,Alain Simon,préparateur,formation,2024-11-23,2024-12-05,12,Besoin de repos,approved,refused,Conflit avec autre absence,high,True,4
b3b24bb5-1f5e-44cf-b591-44c8a8428682,EMP33403,Cécile Dubois,préparateur,formation,2024-10-14,2024-10-16,2,Raison personnelle,pending,,,low,False,14
c3de5c60-eebe-4b50-9d43-d972d4690365,EMP98141,Daniel Fournier,employé_rayon,maladie,2024-10-18,2024-11-02,15,Congé maladie,approved,refused,Raison médicale insuffisante,medium,True,30
22d94584-b282-4c7e-ad7f-e2d04cf761d9,EMP87062,Jean Michel,pharmacien_titulaire,maternité,2024-02-23,2024-02-25,2,Besoin de repos,approved,refused,Justificatif requis,medium,False,10
ae5d0c1b-bf00-415e-9ff9-a58fc5f7fbd7,EMP62782,Christian Laurent,préparateur,maternité,2024-08-13,2024-08-17,4,Événement familial,pending,,,high,False,38
9b99fb20-b410-4edd-a55a-ba1722b534c7,EMP52939,Pierre Rousseau,stagiaire,RTT,2024-04-29,2024-05-03,4,Besoin de repos,pending,,,high,True,38
09a0f82e-3e20-4520-b8e0-2aba318b9d1c,EMP36050,Sophie Fournier,pharmacien_titulaire,congé_payé,2024-08-22,2024-09-02,11,Besoin de repos,pending,,,high,True,37
09947716-d8bd-4079-bd58-e67ddb0b6323,EMP69465,Laurent Arnould,pharmacien_adjoint,congé_payé,2024-05-08,2024-05-19,11,Maladie,refused,approved,Raison médicale insuffisante,low,True,18
bac4642e-9758-4e03-a197-0c0053add6b2,EMP64423,Philippe Maillard,pharmacien_adjoint,formation,2024-02-24,2024-02-27,3,Raison personnelle,approved,refused,Raison médicale insuffisante,medium,False,8
c8f9a778-69ce-427f-8ebc-cd3b1b7a1517,EMP32359,Bernard Lefevre,pharmacien_adjoint,événement_familial,2024-12-25,2024-12-28,3,Raison personnelle,refused,approved,Raison médicale insuffisante,low,True,24
eac2c08a-fd25-465e-bb40-0b825a38fc1c,EMP34081,Isabelle Bernier,pharmacien_titulaire,RTT,2024-05-19,2024-05-20,1,Formation professionnelle,approved,approved,Accord manager,high,True,8
7228f594-672c-471e-bc9b-651168b1ea7b,EMP87062,Jean Michel,pharmacien_titulaire,congé_payé,2024-01-25,2024-01-31,6,Maternité,approved,refused,Raison médicale insuffisante,high,False,31
0352c799-dc30-41ab-916c-e7eb84100c7b,EMP59518,Olivier Gaillard,préparateur,formation,2024-11-29,2024-12-04,5,Raison personnelle,approved,refused,Raison médicale insuffisante,high,True,44
c6ec3753-131a-4a50-8850-543fa4d99f49,EMP54857,Alain Leroy,pharmacien_adjoint,congé_payé,2024-11-18,2024-11-23,5,Maladie,approved,refused,Couverture disponible,low,False,35
f8e237a9-1108-48de-9414-66bb8307b72b,EMP84997,Florence Chevalier,employé_rayon,congé_payé,2024-12-11,2024-12-22,11,Maternité,approved,approved,Conflit avec autre absence,medium,True,11
bbd661d4-603d-4fde-8118-3216b1dbf62b,EMP24056,Jacques Dupont,pharmacien_titulaire,RTT,2024-12-15,2024-12-21,6,Formation professionnelle,pending,,,low,False,46
ee931c92-d810-454c-a524-b15c217294a4,EMP13516,Marie Morin,employé_rayon,maladie,2024-04-18,2024-04-29,11,Congé maladie,approved,refused,Justificatif requis,low,True,13
c348dbc9-f3dc-4864-b3e0-bb72c67e5faa,EMP61535,Jacques Dubois,préparateur,formation,2024-06-04,2024-06-14,10,Maternité,pending,,,low,False,5
c9eff7f3-8a3f-4161-a7e5-706d3a3f9524,EMP36336,Laurent Poirier,préparateur,maladie,2024-05-13,2024-05-28,15,Congé maladie,approved,approved,Accord manager,medium,False,23
578b814a-e297-405a-9b5d-a34bdc5eee37,EMP87724,Isabelle Simon,pharmacien_adjoint,maladie,2024-04-27,2024-05-09,12,Congé maladie,approved,approved,Couverture disponible,high,True,39
c966d6c2-ada8-47ae-8945-e6b7afdc0fd0,EMP30635,Marc Martin,pharmacien_titulaire,congé_payé,2024-01-18,2024-01-29,11,Événement familial,approved,approved,Accord manager,high,True,12
f816a6f3-445d-4325-a937-5226407a9fd7,EMP70877,Jacques Rousseau,préparateur,événement_familial,2024-06-11,2024-06-20,9,Besoin de repos,pending,,,high,False,37
b509fd3a-d930-4460-a816-4fabc89e2887,EMP64149,Marc Blanc,pharmacien_adjoint,RTT,2024-01-08,2024-01-23,15,Formation professionnelle,pending,,,high,False,41
5616cef3-2e93-4454-9653-c86967235f1d,EMP87724,Isabelle Simon,pharmacien_adjoint,congé_payé,2024-09-03,2024-09-08,5,Maladie,pending,,,medium,True,3
5eb124c2-64f4-4472-8bb8-d67c6b3b2796,EMP26721,Luc Bernard,pharmacien_titulaire,maladie,2024-08-09,2024-08-10,1,Congé maladie,pending,,,high,False,30
ec826f2c-73b7-4d19-8729-3a46197a2696,EMP85839,Thérèse Fabre,employé_rayon,congé_payé,2024-10-30,2024-11-03,4,Événement familial,refused,approved,Raison médicale insuffisante,high,True,18
69eeeff8-2653-4e79-b143-fe2020f1b9a2,EMP61350,Michèle Benoit,pharmacien_titulaire,formation,2024-06-07,2024-06-18,11,Besoin de repos,approved,refused,Accord manager,high,True,12
f3a8fea4-27de-47c5-a1ab-1351b1969c2e,EMP63736,Françoise Morin,stagiaire,RTT,2024-10-13,2024-10-27,14,Événement familial,approved,refused,Raison médicale insuffisante,low,True,17
c4aeabe8-2374-442b-a102-9957e441410b,EMP90071,Pierre Morin,pharmacien_titulaire,congé_payé,2024-03-16,2024-03-29,13,Raison personnelle,pending,,,low,True,29
15c35956-dba7-49c1-91b1-22619be34df0,EMP97595,Danielle Benoit,employé_rayon,événement_familial,2024-04-16,2024-04-20,4,Besoin de repos,approved,approved,Couverture disponible,low,True,24
8bbdaa5d-9e18-4786-96c8-d4a949419409,EMP86798,André Gaillard,préparateur,maternité,2024-12-28,2025-01-07,10,Maladie,pending,,,medium,False,3
a05784c2-c493-44cf-92d2-974385245ef2,EMP78485,Michèle Rousseau,pharmacien_adjoint,congé_payé,2024-09-02,2024-09-17,15,Besoin de repos,pending,,,high,False,37
b5585ac2-4aae-4a06-b566-69c537d81fd7,EMP62650,Stéphanie Delorme,pharmacien_adjoint,congé_payé,2024-11-12,2024-11-13,1,Événement familial,approved,approved,Conflit avec autre absence,low,False,37
342a849d-0e29-47e9-84f7-f347a709560e,EMP65434,Joseph Poulain,pharmacien_titulaire,RTT,2024-09-04,2024-09-06,2,Maladie,approved,approved,Couverture disponible,low,True,45
d723fa91-16e9-43b3-ba02-e885ca0eefe3,EMP77415,Françoise Fournier,pharmacien_adjoint,maladie,2024-05-12,2024-05-15,3,Congé maladie,approved,refused,Couverture disponible,low,False,19
33c684db-4ee6-407b-bfba-00fe19d1ced1,EMP51487,Florence Leclerc,pharmacien_adjoint,formation,2024-02-10,2024-02-13,3,Raison personnelle,approved,approved,Raison médicale insuffisante,medium,True,31
8ad2d92d-1870-466e-b135-194a7efdd330,EMP37064,Sophie Delacroix,préparateur,formation,2024-05-31,2024-06-15,15,Besoin de repos,approved,refused,Justificatif requis,medium,True,35
b3658bb4-9190-430f-a33b-d567038d0a54,EMP97804,Daniel Lefevre,préparateur,congé_payé,2024-11-10,2024-11-20,10,Raison personnelle,refused,refused,Couverture disponible,medium,True,41
753ae412-9929-4547-be2e-abff5996607f,EMP14020,Anne Arnould,préparateur,événement_familial,2024-02-08,2024-02-20,12,Raison personnelle,refused,refused,Couverture disponible,high,False,12
3a28b34e-89ad-4355-b674-1850b464844e,EMP65434,Joseph Poulain,pharmacien_titulaire,événement_familial,2024-03-14,2024-03-28,14,Raison personnelle,pending,,,low,False,22
59ec16ca-5780-44c0-b845-35a48e3030a1,EMP29546,Anne Moreau,préparateur,événement_familial,2024-12-07,2024-12-15,8,Besoin de repos,approved,refused,Justificatif requis,high,False,38
0dd6f075-e668-4593-9c21-62fe65b5a68f,EMP14604,Sophie Poirier,employé_rayon,formation,2024-09-12,2024-09-23,11,Événement familial,approved,approved,Accord manager,medium,True,45
9cb23de5-d663-49f3-963f-d8ca43b0a20b,EMP80940,Marc Poirier,employé_rayon,événement_familial,2024-11-13,2024-11-21,8,Maladie,approved,refused,Conflit avec autre absence,high,False,10
87e19207-ea80-4f37-883a-ab5ddd859ff7,EMP95747,Bernard Gaillard,pharmacien_titulaire,maladie,2024-11-16,2024-11-26,10,Congé maladie,approved,refused,Raison médicale insuffisante,low,True,24
08789c90-d71f-42cc-8189-60464ea6fde4,EMP33870,Luc Delorme,pharmacien_titulaire,formation,2024-07-05,2024-07-10,5,Formation professionnelle,approved,refused,Raison médicale insuffisante,medium,True,8
299c29fe-32d9-495d-aa17-e0d3e26dba22,EMP93540,André Michel,préparateur,RTT,2024-08-19,2024-08-31,12,Maternité,pending,,,high,False,15
dbedd5bf-52c2-443f-bf0e-000e48e6f7d2,EMP45961,Laurent Girard,préparateur,maladie,2024-03-08,2024-03-18,10,Congé maladie,pending,,,low,True,17
763565b7-7fac-4fec-8783-33c6b1df418c,EMP54954,Laurent Moreau,pharmacien_adjoint,congé_payé,2024-11-15,2024-11-24,9,Formation professionnelle,approved,refused,Couverture disponible,medium,False,34
9fa6538d-401e-49a8-a951-36b11280b3b6,EMP79692,Christian Delorme,pharmacien_adjoint,événement_familial,2024-03-16,2024-03-26,10,Maternité,approved,refused,Couverture disponible,medium,True,48
0ed5d84d-f365-41d7-bafa-ffa611cc278c,EMP55913,Catherine Girard,employé_rayon,maladie,2024-01-27,2024-01-28,1,Congé maladie,approved,approved,Justificatif requis,low,False,32
c6f4e2d1-56c6-4732-a499-52f053ad0f7c,EMP31997,Daniel Fournier,pharmacien_adjoint,RTT,2024-06-27,2024-07-03,6,Maternité,refused,refused,Justificatif requis,medium,True,7
3b249e79-a094-4de9-bfda-7bfca4550f03,EMP75237,Jacques Fabre,préparateur,maladie,2024-02-02,2024-02-15,13,Congé maladie,approved,approved,Couverture disponible,low,False,12
dd442303-f02d-4cf4-a409-137fc98853e2,EMP45460,Luc Andre,pharmacien_adjoint,formation,2024-08-23,2024-08-26,3,Besoin de repos,approved,refused,Couverture disponible,high,True,37
44893de9-068e-4b55-8d0f-29406e4e1d63,EMP98120,Georges Arnould,employé_rayon,maternité,2024-04-23,2024-05-06,13,Maladie,refused,refused,Couverture disponible,high,True,44
6d9b027d-f8c0-417e-a87d-15e73ae8656f,EMP87408,Pierre Maillard,employé_rayon,maladie,2024-11-29,2024-11-30,1,Congé maladie,pending,,,low,False,11
fabb3dcd-2850-4703-acb5-d89714891351,EMP46745,Danielle Laurent,préparateur,maternité,2024-06-28,2024-06-29,1,Maternité,approved,refused,Couverture disponible,high,True,5
5af22b16-bc29-4d8c-904f-7d592054abb7,EMP19773,Anne Michel,préparateur,maternité,2024-11-07,2024-11-08,1,Maternité,approved,refused,Conflit avec autre absence,high,False,22
9ef50d28-1e91-43b7-8b92-acd44e6a7d0b,EMP85321,Sophie Maillard,pharmacien_adjoint,RTT,2024-10-22,2024-11-03,12,Maternité,approved,refused,Conflit avec autre absence,low,False,27
b398f151-5cfe-4b01-9069-a14832a16f2e,EMP13516,Marie Morin,employé_rayon,RTT,2024-11-08,2024-11-17,9,Événement familial,approved,refused,Conflit avec autre absence,low,True,1
a1bddb13-37d6-4ee1-938b-7e04bc8d705a,EMP87140,René Girard,stagiaire,formation,2024-02-24,2024-03-10,15,Raison personnelle,pending,,,medium,False,39
09954c0e-292b-4191-92b8-c1344ac6e1bc,EMP47053,Thierry Fontaine,employé_rayon,maladie,2024-12-28,2025-01-04,7,Congé maladie,refused,approved,Raison médicale insuffisante,low,True,13
3b01d01a-2ce7-40e1-8b93-4c6ba0971a0b,EMP77415,Françoise Fournier,pharmacien_adjoint,maladie,2024-11-05,2024-11-08,3,Congé maladie,approved,approved,Couverture disponible,high,True,43
88a2dbc2-7b60-4923-b940-5b0a82af081a,EMP67415,Thierry Laurent,pharmacien_titulaire,congé_payé,2024-08-27,2024-09-09,13,Formation professionnelle,pending,,,high,True,29
759b8ace-94ed-4bc5-b43a-6656db37216c,EMP23811,Luc Gérard,pharmacien_adjoint,RTT,2024-09-09,2024-09-20,11,Événement familial,pending,,,low,True,18
0a2ecfa3-10b2-45ae-a9cd-f99d1e820bab,EMP52985,Martine Laurent,employé_rayon,événement_familial,2024-12-30,2025-01-02,3,Maladie,pending,,,high,False,34
9bac2896-f4dd-4f4a-b661-a0629220ef45,EMP18030,Catherine Arnould,préparateur,formation,2024-03-16,2024-03-31,15,Maternité,approved,refused,Raison médicale insuffisante,medium,True,25
3821bf2f-c03a-4cc1-951b-7eb7491412eb,EMP52939,Pierre Rousseau,stagiaire,congé_payé,2024-11-22,2024-12-01,9,Événement familial,approved,refused,Conflit avec autre absence,medium,True,26
4f1a55b7-e0d0-4476-abf1-b97e4d64c478,EMP51138,Joseph Blanc,préparateur,événement_familial,2024-03-27,2024-03-29,2,Événement familial,pending,,,medium,False,24
ba7c0f86-29d8-443a-8522-40575817747f,EMP29546,Anne Moreau,préparateur,maladie,2024-01-16,2024-01-19,3,Congé maladie,approved,refused,Couverture disponible,high,False,20
e72b2452-5d3a-49ad-b55d-940bf79fc80a,EMP39284,Alain Bernier,pharmacien_titulaire,événement_familial,2024-12-08,2024-12-20,12,Maternité,approved,refused,Conflit avec autre absence,high,False,20
9add8f9e-9bf0-4cd7-959a-b613c9a4c850,EMP62493,Alain Bernier,pharmacien_titulaire,formation,2024-06-20,2024-07-02,12,Maladie,approved,approved,Raison médicale insuffisante,high,False,20
c28c71f7-8d9e-4fc5-969b-3036e85cd6f8,EMP62650,Stéphanie Delorme,pharmacien_adjoint,congé_payé,2024-02-27,2024-03-01,3,Raison personnelle,refused,refused,Conflit avec autre absence,low,False,40
c677baf7-3599-4ff9-b3d6-7d5bf2ad4fd1,EMP44274,Philippe Morin,employé_rayon,congé_payé,2024-03-01,2024-03-15,14,Maternité,approved,approved,Justificatif requis,high,True,28
5ec99aec-50d6-42ec-abc2-eb9bea5f9782,EMP83140,Thierry Delacroix,employé_rayon,événement_familial,2024-11-20,2024-11-27,7,Maladie,refused,approved,Conflit avec autre absence,medium,True,38
e5ab9ed0-7e02-4e21-9131-e14460d860a2,EMP62367,Anne Michel,pharmacien_adjoint,RTT,2024-08-11,2024-08-23,12,Maladie,approved,approved,Couverture disponible,medium,False,35
5f367d78-5abe-438e-a5bc-742f8a7974e5,EMP46402,Martine Bernard,employé_rayon,maternité,2024-03-06,2024-03-12,6,Raison personnelle,approved,approved,Justificatif requis,high,False,39
fd0e1bdb-1303-4c0c-b0e6-c91d4be9c256,EMP42121,Sophie Dubois,employé_rayon,congé_payé,2024-06-27,2024-07-03,6,Maternité,approved,approved,Justificatif requis,medium,True,36
3c29fb73-bcf5-4425-837b-ecbc1aa0f693,EMP47001,Catherine Simon,employé_rayon,maladie,2024-05-20,2024-05-31,11,Congé maladie,pending,,,medium,False,22
7c914f45-cf91-40d4-bbf2-6052c97bf683,EMP67059,Christiane Martin,préparateur,RTT,2024-02-28,2024-03-02,3,Maladie,approved,approved,Accord manager,medium,True,40
ff8f39dd-6810-4479-9877-6855f001de05,EMP36336,Laurent Poirier,préparateur,événement_familial,2024-09-15,2024-09-21,6,Événement familial,approved,refused,Justificatif requis,low,True,43
d5878cd1-285d-416b-87b9-22260a410f06,EMP45961,Laurent Girard,préparateur,RTT,2024-10-02,2024-10-12,10,Raison personnelle,pending,,,low,True,17
5c38a551-9e23-4cb6-91d6-2763b3a7a0a2,EMP83325,Laurent Delacroix,pharmacien_titulaire,congé_payé,2024-08-28,2024-09-02,5,Formation professionnelle,refused,approved,Conflit avec autre absence,high,False,20
17098c2e-3c2d-4269-9c24-7880527b92e7,EMP80201,Christian Girard,pharmacien_titulaire,formation,2024-04-06,2024-04-17,11,Formation professionnelle,pending,,,high,True,43
0e6ff3d8-0623-4b7c-aa7c-e0f1c0f911c9,EMP89004,René Roux,préparateur,formation,2024-10-30,2024-11-08,9,Raison personnelle,pending,,,medium,False,42
cc065064-b424-4958-93f0-6d0a860a72cb,EMP32397,Jean Rousseau,employé_rayon,congé_payé,2024-07-14,2024-07-21,7,Raison personnelle,refused,refused,Raison médicale insuffisante,low,True,38
d67c5e44-1cd8-40f4-8578-3d0cdbecfbef,EMP77805,Michel Rousseau,employé_rayon,congé_payé,2024-09-17,2024-09-25,8,Besoin de repos,approved,approved,Couverture disponible,low,False,23
8d5e56fb-e009-4c1e-b117-d79e3a7857c8,EMP62021,Paul Gaillard,pharmacien_titulaire,maternité,2024-03-23,2024-03-24,1,Raison personnelle,approved,approved,Raison médicale insuffisante,medium,False,38
371f9853-b5d0-4e82-8b23-369b2de65905,EMP59368,Christiane Gaillard,pharmacien_adjoint,maternité,2024-06-07,2024-06-11,4,Formation professionnelle,approved,refused,Justificatif requis,low,True,11
6eeddde8-850b-4fd8-be70-c56b03540c0c,EMP67155,Marie Chevalier,employé_rayon,congé_payé,2024-07-15,2024-07-17,2,Événement familial,approved,approved,Raison médicale insuffisante,medium,True,20
52df58a3-5dd8-47c9-a65e-84d32c87f136,EMP87085,Laurent Gérard,pharmacien_titulaire,événement_familial,2024-04-27,2024-05-12,15,Besoin de repos,approved,approved,Raison médicale insuffisante,low,False,20
5020ead9-b7e1-4866-abf7-25b16f4e5d9f,EMP70071,Sophie Bernard,préparateur,maladie,2024-12-12,2024-12-21,9,Congé maladie,approved,approved,Couverture disponible,high,True,45
271208b9-d894-437b-9c5d-618216c664b2,EMP57228,Michel Blanc,préparateur,formation,2024-12-26,2024-12-28,2,Besoin de repos,approved,refused,Couverture disponible,high,True,48
07dd5e85-dabb-4399-95ac-214f19da18f1,EMP31016,Florence Gérard,pharmacien_titulaire,maternité,2024-06-09,2024-06-21,12,Maladie,approved,approved,Accord manager,medium,False,32
da37d906-3ff9-468c-a4f0-8ef7838afc4b,EMP48344,André Bernard,pharmacien_adjoint,événement_familial,2024-01-15,2024-01-24,9,Maladie,approved,approved,Conflit avec autre absence,low,True,16
439fe0b2-1b33-4707-a915-530a527c1136,EMP92211,Irène Maillard,pharmacien_adjoint,formation,2024-08-01,2024-08-08,7,Maternité,pending,,,high,True,26
361e23b9-d4de-44be-90ad-e52d26bf1bca,EMP20339,Françoise Poirier,préparateur,formation,2024-05-04,2024-05-05,1,Raison personnelle,approved,approved,Justificatif requis,high,True,45
bb5c1df1-d1de-4a45-a44d-02efed05312f,EMP20908,Pierre Bernier,préparateur,maladie,2024-02-23,2024-02-25,2,Congé maladie,refused,approved,Conflit avec autre absence,high,False,5
64fccded-169e-4f64-b8df-815614097373,EMP68832,Catherine Girard,stagiaire,événement_familial,2024-01-11,2024-01-13,2,Événement familial,approved,approved,Justificatif requis,high,False,8
376c47f4-a543-4345-b2b3-9c4408200fb9,EMP47547,Jacques Dubois,pharmacien_titulaire,RTT,2024-11-16,2024-11-26,10,Maternité,pending,,,low,False,12
9611ab7a-15ed-4879-b406-a889639d1c96,EMP52774,Jean-Paul Dupont,préparateur,congé_payé,2024-09-04,2024-09-07,3,Besoin de repos,approved,approved,Accord manager,low,False,33
f81fc027-81fd-4a27-87f7-d67c11ecd535,EMP33562,Georges Poirier,employé_rayon,RTT,2024-04-18,2024-04-29,11,Formation professionnelle,approved,approved,Raison médicale insuffisante,high,False,5
6a4cde3c-0890-438a-9e22-28b544d1f7d6,EMP55780,Marie Gaillard,pharmacien_adjoint,formation,2024-11-07,2024-11-22,15,Maternité,approved,approved,Justificatif requis,low,True,37
c45f12f2-b1d9-4cbd-b4c9-647cb67cea05,EMP36050,Sophie Fournier,pharmacien_titulaire,événement_familial,2024-03-30,2024-04-02,3,Maternité,approved,refused,Justificatif requis,high,True,40
14c43d1a-dafc-4db7-aa9e-38336cf2be6e,EMP52059,Danielle Leclerc,pharmacien_adjoint,formation,2024-09-21,2024-09-27,6,Maternité,pending,,,high,True,32
eb7e06f6-34e0-4fb3-a0df-70c746543961,EMP20467,Christine Fournier,employé_rayon,maternité,2024-02-28,2024-03-04,5,Maternité,approved,approved,Conflit avec autre absence,high,False,48
2a012179-ced6-4597-a8fd-f2ec0873631f,EMP99984,Jacques Laurent,préparateur,formation,2024-12-04,2024-12-12,8,Maladie,pending,,,low,True,3
44359cb6-6435-4bcb-a1a7-a53992a28f9b,EMP70877,Jacques Rousseau,préparateur,maladie,2024-11-15,2024-11-27,12,Congé maladie,approved,refused,Justificatif requis,low,True,36
d1a668ee-e7fa-4af7-b389-86ae8af15635,EMP55937,Florence Gérard,pharmacien_titulaire,événement_familial,2024-06-16,2024-06-18,2,Formation professionnelle,approved,approved,Raison médicale insuffisante,low,False,33
887cc226-6817-41b7-ba44-0d4468975d3a,EMP95514,Jean Bernard,préparateur,maternité,2024-10-17,2024-10-20,3,Événement familial,pending,,,medium,False,8
8d09b5de-14bd-4fc3-b16b-8f1afce40566,EMP42048,Thierry Leclerc,employé_rayon,formation,2024-03-02,2024-03-06,4,Raison personnelle,approved,approved,Justificatif requis,low,False,8
9096f717-86f5-44f9-8c2e-46aa632248cb,EMP52750,Marie Poirier,employé_rayon,formation,2024-06-17,2024-06-27,10,Raison personnelle,approved,approved,Accord manager,low,False,37
e486daca-f04a-4076-a924-6844b2abecf8,EMP92167,Sophie Fournier,stagiaire,événement_familial,2024-08-04,2024-08-10,6,Maladie,approved,approved,Raison médicale insuffisante,low,True,24
a345fa74-0e10-4d28-b031-3c4a717d807c,EMP30635,Marc Martin,pharmacien_titulaire,congé_payé,2024-08-23,2024-09-07,15,Raison personnelle,approved,refused,Justificatif requis,low,False,28
cb3cc7bf-493e-426a-b6f2-217b97b02df8,EMP97823,Stéphanie Gaillard,pharmacien_adjoint,formation,2024-10-25,2024-11-03,9,Maladie,approved,refused,Conflit avec autre absence,medium,True,7
e8128705-dfae-4067-aa02-f067656a13aa,EMP80419,Marc Chevalier,préparateur,événement_familial,2024-08-11,2024-08-26,15,Formation professionnelle,approved,approved,Conflit avec autre absence,medium,True,9
f02948e2-00b1-4e40-8db6-630cd934cdd4,EMP15711,Alain Renaud,pharmacien_adjoint,maladie,2024-05-28,2024-06-03,6,Congé maladie,approved,approved,Raison médicale insuffisante,high,True,17
c366d99a-82da-4be3-92d5-c2b765dcd489,EMP66212,Luc Delorme,employé_rayon,maternité,2024-12-16,2024-12-20,4,Événement familial,refused,approved,Accord manager,medium,True,10
89a638ae-acf4-4c93-a97d-22a998a68794,EMP87977,Claire Rousseau,préparateur,formation,2024-04-15,2024-04-17,2,Raison personnelle,pending,,,medium,False,45
bc4df0ef-90ae-4901-b3ae-880e5b34c583,EMP12256,Olivier Arnould,préparateur,formation,2024-01-25,2024-01-28,3,Besoin de repos,pending,,,high,False,21
d44afff8-bb23-4e79-812a-0a31f81ce6fa,EMP56046,Cécile Martin,pharmacien_adjoint,formation,2024-10-04,2024-10-07,3,Événement familial,pending,,,high,False,4
4153de67-3a95-4cd4-9073-a5085daba23b,EMP51329,Monique Dubois,employé_rayon,événement_familial,2024-11-12,2024-11-17,5,Maladie,pending,,,medium,True,23
712ebffc-7677-4d83-924e-046dcaa2e576,EMP33477,Valérie Poirier,préparateur,maladie,2024-09-21,2024-10-05,14,Congé maladie,refused,refused,Accord manager,medium,False,21
9fec2757-e686-47f2-a80a-8cdbfa576038,EMP59253,Pierre Martin,pharmacien_adjoint,formation,2024-04-15,2024-04-22,7,Événement familial,approved,approved,Raison médicale insuffisante,low,True,31
4bd18254-a7bd-4e3f-82be-1bdbb8167a31,EMP15711,Alain Renaud,pharmacien_adjoint,maladie,2024-01-11,2024-01-25,14,Congé maladie,approved,approved,Couverture disponible,medium,False,30
fe324347-4686-4356-905e-4c2f5f010987,EMP48344,André Bernard,pharmacien_adjoint,formation,2024-04-18,2024-04-23,5,Besoin de repos,pending,,,medium,True,1
092130af-fc89-470b-9af7-20ac1c4eabf4,EMP40107,Michèle Arnould,employé_rayon,congé_payé,2024-01-16,2024-01-30,14,Besoin de repos,refused,refused,Couverture disponible,medium,False,10
edec6ae3-e6a4-43b7-8329-8202fa0ed849,EMP83140,Thierry Delacroix,employé_rayon,RTT,2024-10-12,2024-10-22,10,Formation professionnelle,refused,refused,Couverture disponible,medium,True,4
07d3063c-3a9f-4029-b6a4-1d9e57819233,EMP52816,Thérèse Laurent,pharmacien_adjoint,RTT,2024-04-26,2024-05-07,11,Maladie,approved,refused,Couverture disponible,low,False,18
60dbbad0-9cc9-4ac1-b3ca-73675603e501,EMP63052,Bernard Gaillard,préparateur,formation,2024-05-14,2024-05-17,3,Besoin de repos,approved,approved,Justificatif requis,medium,False,12
4c114971-7bf8-462f-a700-047602be287b,EMP87062,Jean Michel,pharmacien_titulaire,événement_familial,2024-02-15,2024-02-21,6,Besoin de repos,approved,approved,Justificatif requis,high,True,15
a2d25212-1d9b-4a00-beb4-147b866742d4,EMP11393,Laurent Bernard,pharmacien_titulaire,congé_payé,2024-12-13,2024-12-19,6,Besoin de repos,refused,approved,Accord manager,medium,False,30
767c02d5-a1b3-4fcf-a80e-98a845e6af89,EMP91325,Jean Delacroix,préparateur,RTT,2024-10-11,2024-10-15,4,Maternité,approved,refused,Conflit avec autre absence,high,True,17
d6fdd20b-a340-4c1a-b7fd-274b9b3d8ac3,EMP12502,Christine Girard,préparateur,maternité,2024-11-24,2024-12-01,7,Formation professionnelle,approved,refused,Accord manager,medium,True,10
1474630c-429b-46d8-8d52-75acc5d2f5a5,EMP54857,Alain Leroy,pharmacien_adjoint,RTT,2024-05-01,2024-05-02,1,Maladie,pending,,,low,True,9
56c0a080-005e-45e0-99ee-0291107faf4b,EMP69699,Alain Renaud,préparateur,RTT,2024-09-21,2024-10-03,12,Formation professionnelle,pending,,,medium,False,3
8dc0754f-d137-4bb5-94c3-9d814be7fe21,EMP77415,Françoise Fournier,pharmacien_adjoint,maternité,2024-04-15,2024-04-25,10,Raison personnelle,approved,approved,Justificatif requis,low,False,5
095cdee1-7512-408e-a858-0df180e7caf0,EMP94962,Jacques Blanc,préparateur,maternité,2024-04-01,2024-04-06,5,Événement familial,pending,,,high,False,26
441f2da6-d4e5-4973-9958-d3f1f3a3fda3,EMP57938,Paul Bernier,préparateur,maladie,2024-07-26,2024-07-28,2,Congé maladie,approved,refused,Couverture disponible,low,True,46
8d60a146-7492-4805-8474-a65e86efd28c,EMP56955,Daniel Arnould,pharmacien_adjoint,RTT,2024-11-11,2024-11-12,1,Maladie,approved,approved,Justificatif requis,medium,True,18
875a641d-e12e-41a2-9ef5-cf1514dc53f4,EMP74002,Sophie Dubois,préparateur,RTT,2024-12-27,2024-12-29,2,Événement familial,approved,refused,Accord manager,low,False,24
94e9ed83-53fb-4336-8a43-3b2b737edcc9,EMP73014,Philippe Michel,pharmacien_titulaire,congé_payé,2024-07-30,2024-08-12,13,Maladie,pending,,,high,True,45
6f4542dc-7af2-4cba-90e1-b903ea640dfe,EMP87652,Philippe Delorme,pharmacien_adjoint,maladie,2024-10-31,2024-11-14,14,Congé maladie,approved,approved,Justificatif requis,high,False,28
6c8f2146-d677-4213-b98e-dae6b15a9237,EMP36050,Sophie Fournier,pharmacien_titulaire,formation,2024-11-18,2024-11-29,11,Événement familial,approved,approved,Accord manager,medium,False,19
60efa30d-960c-479e-89aa-74bf47f946c1,EMP41092,Valérie Benoit,pharmacien_titulaire,formation,2024-02-29,2024-03-13,13,Événement familial,approved,approved,Couverture disponible,high,True,17
a936d407-b180-4971-aa74-b612b50351b1,EMP90317,Georges Fabre,stagiaire,RTT,2024-06-28,2024-06-29,1,Maternité,approved,refused,Raison médicale insuffisante,high,False,47
5b6ebb41-6518-450c-a763-bfa80bd92e37,EMP13230,Christian Fournier,préparateur,maternité,2024-06-26,2024-07-10,14,Maladie,refused,refused,Conflit avec autre absence,medium,False,13
ce9f84b7-7fc2-44fc-ad57-3335df7578d1,EMP46745,Danielle Laurent,préparateur,maladie,2024-12-10,2024-12-18,8,Congé maladie,refused,refused,Justificatif requis,medium,False,44
ddc9e47f-e5c2-41d4-a6f2-bdf69d7c9672,EMP74002,Sophie Dubois,préparateur,maternité,2024-03-06,2024-03-07,1,Raison personnelle,refused,refused,Raison médicale insuffisante,medium,False,1
e6f02c81-c9cf-404b-92a6-f889fb2a2c05,EMP75210,Sophie Roux,employé_rayon,RTT,2024-10-02,2024-10-04,2,Maladie,approved,refused,Accord manager,medium,True,5
0c31548b-ea49-4bd1-91a4-188c47e07068,EMP83393,Danielle Laurent,pharmacien_titulaire,RTT,2024-07-08,2024-07-16,8,Besoin de repos,approved,approved,Raison médicale insuffisante,medium,False,2
7aae3f5a-450b-45c4-b313-d047b8bac33f,EMP89161,Nathalie Fabre,préparateur,congé_payé,2024-01-03,2024-01-10,7,Maladie,approved,refused,Conflit avec autre absence,medium,True,44
6456955f-072e-4b31-bc55-90d350283ed6,EMP18133,Jean-Paul Blanc,stagiaire,maladie,2024-03-19,2024-03-31,12,Congé maladie,refused,refused,Raison médicale insuffisante,low,False,43
bf2f9ae2-52e5-4462-9f79-fd72729c7625,EMP95375,Danielle Leroy,stagiaire,congé_payé,2024-09-05,2024-09-18,13,Besoin de repos,approved,refused,Accord manager,medium,True,39
d940c2ca-4d53-4d51-9014-eeb3b232bb1a,EMP80201,Christian Girard,pharmacien_titulaire,formation,2024-04-12,2024-04-26,14,Maternité,pending,,,low,False,45
af85b1e7-d157-4635-b97d-b28a299778e8,EMP24026,Irène Fontaine,pharmacien_adjoint,maladie,2024-02-19,2024-03-02,12,Congé maladie,approved,approved,Raison médicale insuffisante,medium,True,44
78b9a4b3-7cf4-43c1-b889-396f70c0d29c,EMP10664,Pierre Fabre,pharmacien_titulaire,événement_familial,2024-03-07,2024-03-17,10,Formation professionnelle,approved,refused,Accord manager,high,False,38
99f72ad4-d83d-4d70-9fb2-e7433294a160,EMP58872,Christiane Simon,stagiaire,formation,2024-06-20,2024-06-28,8,Formation professionnelle,approved,refused,Accord manager,medium,True,38
51a5f500-00df-4462-a472-4080c6d074a8,EMP71640,Marc Moreau,pharmacien_adjoint,événement_familial,2024-12-20,2024-12-30,10,Maternité,pending,,,low,True,2
ef711401-1f30-4941-9221-204ef69d9c2d,EMP83140,Thierry Delacroix,employé_rayon,congé_payé,2024-08-14,2024-08-25,11,Besoin de repos,approved,approved,Couverture disponible,medium,False,6
a92daf35-bf5c-430a-811b-5699104abfdb,EMP83393,Danielle Laurent,pharmacien_titulaire,événement_familial,2024-08-24,2024-08-28,4,Raison personnelle,refused,refused,Raison médicale insuffisante,medium,False,37
87f04cef-4a25-47d2-88a0-70f225013886,EMP26721,Luc Bernard,pharmacien_titulaire,événement_familial,2024-09-18,2024-09-27,9,Événement familial,pending,,,low,True,44
69c16edf-b61f-43c5-8820-24862041e22a,EMP61535,Jacques Dubois,préparateur,maternité,2024-10-13,2024-10-14,1,Formation professionnelle,pending,,,low,False,8
dc50c2e4-b67b-48bb-bf8f-684a4d04924a,EMP67155,Marie Chevalier,employé_rayon,événement_familial,2024-08-14,2024-08-20,6,Besoin de repos,refused,approved,Conflit avec autre absence,low,False,14
6d4fa50a-11f2-40df-9755-dbe1810db3ca,EMP52774,Jean-Paul Dupont,préparateur,formation,2024-11-10,2024-11-14,4,Maladie,approved,refused,Justificatif requis,high,False,40
0548d2f3-2d16-413f-9527-9a71d8ae5bd5,EMP19778,Martine Blanc,pharmacien_titulaire,congé_payé,2024-06-09,2024-06-23,14,Raison personnelle,pending,,,low,True,26
3142d418-f798-4829-a502-5bec22014ea3,EMP44274,Philippe Morin,employé_rayon,maladie,2024-03-09,2024-03-16,7,Congé maladie,approved,refused,Accord manager,low,False,17
ba5d2418-09ad-4981-ba61-84108a22d61a,EMP30829,Jacques Bernard,préparateur,formation,2024-10-23,2024-11-01,9,Événement familial,approved,refused,Conflit avec autre absence,medium,False,35
cde8bf55-04cf-4392-8f1f-93e6e23b15e1,EMP87042,Isabelle Renaud,préparateur,formation,2024-09-01,2024-09-07,6,Événement familial,approved,refused,Justificatif requis,low,True,17
fe81e533-2624-45f0-966d-9e6799a3a345,EMP92426,Luc Fournier,préparateur,formation,2024-10-27,2024-11-04,8,Formation professionnelle,approved,refused,Justificatif requis,medium,True,35
d9ec6a78-ce11-47df-a737-f153bb7ee813,EMP30908,Olivier Poulain,employé_rayon,formation,2024-11-30,2024-12-11,11,Événement familial,approved,approved,Accord manager,medium,True,39
5f5eeaed-803b-465b-ae16-1d5bc5b9476e,EMP71769,Nathalie Delorme,pharmacien_adjoint,maladie,2024-10-17,2024-10-26,9,Congé maladie,refused,approved,Justificatif requis,high,False,5
45b82cce-16b4-4173-8b41-5f78736c3745,EMP21527,Daniel Martin,préparateur,congé_payé,2024-09-09,2024-09-10,1,Formation professionnelle,approved,refused,Raison médicale insuffisante,high,False,27
bc62caf2-3bc3-4741-abc1-cd4d5f32a994,EMP80460,Christian Michel,pharmacien_adjoint,maternité,2024-01-24,2024-02-08,15,Maladie,pending,,,low,True,14
b653a81d-4cf4-4f2c-b120-aee21d165d19,EMP93540,André Michel,préparateur,maladie,2024-04-02,2024-04-08,6,Congé maladie,pending,,,high,False,12
71edb2c6-c745-47d2-a0af-ca6d81d8490a,EMP10250,Claire Leroy,pharmacien_adjoint,maladie,2024-04-04,2024-04-11,7,Congé maladie,approved,refused,Conflit avec autre absence,low,False,35
6d1a499c-0d28-452d-b1e5-e00d231989f4,EMP94289,Laurent Laurent,employé_rayon,congé_payé,2024-04-11,2024-04-16,5,Événement familial,pending,,,medium,False,17
2f8bd21d-18bd-4768-810c-87b115c00a6f,EMP77805,Michel Rousseau,employé_rayon,RTT,2024-11-17,2024-11-23,6,Maladie,approved,approved,Conflit avec autre absence,medium,True,43
a11badd1-1c6c-41f4-9a34-c64666195387,EMP94962,Jacques Blanc,préparateur,formation,2024-11-15,2024-11-24,9,Événement familial,approved,approved,Accord manager,high,False,41
ed9c7796-2ad1-4d2d-805e-db17bbeecc8d,EMP10883,Valérie Gérard,préparateur,congé_payé,2024-12-21,2024-12-30,9,Maladie,approved,approved,Conflit avec autre absence,low,True,6
6dd6ef6b-335b-4653-8323-f7a9a87744f9,EMP16526,Michel Dubois,préparateur,maternité,2024-07-08,2024-07-17,9,Maladie,approved,refused,Accord manager,high,False,40
a76fbb08-3222-4794-a72a-f07508f6ab85,EMP84188,Thierry Fabre,pharmacien_adjoint,formation,2024-10-20,2024-10-31,11,Besoin de repos,pending,,,high,True,28
ab4c9f33-6080-47fb-8874-1170dce27f5a,EMP25177,Danielle Moreau,employé_rayon,formation,2024-05-28,2024-06-10,13,Formation professionnelle,approved,approved,Raison médicale insuffisante,medium,False,37
34d2b2a7-67c3-4f46-9602-32b8bd507466,EMP53618,Alain Bernier,préparateur,maladie,2024-06-30,2024-07-05,5,Congé maladie,pending,,,low,False,11
f51bda96-7254-4cd1-b1b0-6bdbc44dbda4,EMP45733,Marie Fournier,pharmacien_adjoint,maladie,2024-11-30,2024-12-14,14,Congé maladie,pending,,,low,True,31
8ee57114-2664-404b-b228-d2a5abf2b2cd,EMP23520,Nathalie Bernard,stagiaire,RTT,2024-02-17,2024-02-18,1,Maternité,approved,refused,Accord manager,medium,False,37
2dbbdb58-667e-4f68-a62d-a0839c0c3430,EMP87177,Paul Michel,préparateur,maladie,2024-10-18,2024-11-01,14,Congé maladie,refused,approved,Justificatif requis,high,True,31
9fb09254-bc18-4d57-87f1-df9f3b520889,EMP33403,Cécile Dubois,préparateur,événement_familial,2024-07-05,2024-07-16,11,Formation professionnelle,approved,refused,Couverture disponible,medium,True,23
059e264b-d8af-4e6e-b8dc-86fe1e0b09bb,EMP15555,René Chevalier,préparateur,événement_familial,2024-05-15,2024-05-20,5,Raison personnelle,approved,refused,Raison médicale insuffisante,low,True,28
bc5fe1c3-0d69-4ee2-b592-147f1f9e72a8,EMP46169,Monique Delorme,employé_rayon,maternité,2024-03-05,2024-03-10,5,Raison personnelle,approved,approved,Couverture disponible,low,True,25
c04019e9-c868-4938-94e7-342845893d56,EMP96712,Michèle Delorme,stagiaire,maternité,2024-10-04,2024-10-07,3,Maladie,approved,refused,Accord manager,high,True,27
9f579c0e-3ad8-4c88-bb77-622d7bcd95a7,EMP64423,Philippe Maillard,pharmacien_adjoint,congé_payé,2024-06-25,2024-07-05,10,Maladie,approved,refused,Justificatif requis,low,True,27
187f8882-b690-429c-84e5-9d825d5f87f3,EMP87408,Pierre Maillard,employé_rayon,congé_payé,2024-04-11,2024-04-22,11,Maternité,pending,,,high,True,47
4a9b4997-938c-4380-b728-9a11671521b6,EMP60681,Florence Benoit,préparateur,congé_payé,2024-09-29,2024-10-04,5,Maladie,approved,refused,Conflit avec autre absence,low,True,1
f78b64b6-d379-430d-bcf4-d056b129f0eb,EMP51487,Florence Leclerc,pharmacien_adjoint,maladie,2024-09-14,2024-09-20,6,Congé maladie,approved,refused,Couverture disponible,medium,True,45
a45d7658-69a1-436a-b47f-9714819f224d,EMP26721,Luc Bernard,pharmacien_titulaire,maternité,2024-06-22,2024-06-29,7,Raison personnelle,pending,,,low,False,33
05fe4e04-55df-4473-8b8b-d6d150606c1b,EMP87408,Pierre Maillard,employé_rayon,maternité,2024-02-01,2024-02-10,9,Formation professionnelle,refused,refused,Justificatif requis,high,True,22
8a208de5-c448-4dd4-ab86-2fb02b3c2ba4,EMP60478,René Delorme,pharmacien_adjoint,maladie,2024-05-18,2024-05-20,2,Congé maladie,approved,refused,Accord manager,medium,False,29
6410afd0-42d0-47bb-8518-80ad078e6412,EMP96146,Joseph Arnould,employé_rayon,formation,2024-07-23,2024-07-26,3,Maternité,approved,refused,Couverture disponible,high,True,10
f8d55053-a544-47c0-9e84-302e4062d725,EMP44274,Philippe Morin,employé_rayon,maternité,2024-04-05,2024-04-10,5,Besoin de repos,refused,refused,Justificatif requis,low,False,23
0d2fd6ec-bfd9-4288-a974-17fd19ed5e41,EMP39307,Sylvie Renaud,stagiaire,événement_familial,2024-08-26,2024-09-01,6,Formation professionnelle,pending,,,low,False,29
446c00bf-ac2f-4771-8745-161bfd149647,EMP30635,Marc Martin,pharmacien_titulaire,RTT,2024-12-24,2025-01-06,13,Maternité,pending,,,low,True,18
604e4d6a-b272-4bb0-96f0-3e8047a9c498,EMP37064,Sophie Delacroix,préparateur,événement_familial,2024-06-27,2024-06-30,3,Événement familial,approved,approved,Couverture disponible,low,True,37
af19700c-3d75-4ec8-9acf-6e5b58091bde,EMP47016,Christian Leclerc,pharmacien_adjoint,RTT,2024-06-22,2024-06-24,2,Formation professionnelle,approved,refused,Couverture disponible,medium,True,47
3f19c5b1-508f-4be2-b211-ca042873b922,EMP52279,Monique Simon,préparateur,maladie,2024-11-06,2024-11-20,14,Congé maladie,approved,refused,Couverture disponible,low,True,31
e6b7e5c3-468c-4186-bb99-40ae372ded50,EMP48313,Florence Renaud,employé_rayon,formation,2024-08-22,2024-08-28,6,Événement familial,refused,approved,Accord manager,high,True,30
e21b4cd6-f589-42ba-b1de-ab94c8753047,EMP12909,Michèle Andre,préparateur,maladie,2024-10-28,2024-11-05,8,Congé maladie,refused,approved,Couverture disponible,medium,False,26
dd7366de-6ad8-4269-83ce-27ddd1b1a0aa,EMP67415,Thierry Laurent,pharmacien_titulaire,RTT,2024-07-30,2024-08-02,3,Raison personnelle,refused,refused,Conflit avec autre absence,low,False,19
f96d6911-b937-4bd9-9a36-af426114df67,EMP24604,Danielle Fournier,pharmacien_adjoint,événement_familial,2024-03-20,2024-04-03,14,Raison personnelle,approved,refused,Couverture disponible,low,False,18
95f9a6d3-ea97-4151-b14b-534aca35a86a,EMP75704,Paul Leclerc,pharmacien_adjoint,maternité,2024-11-24,2024-12-02,8,Événement familial,refused,approved,Raison médicale insuffisante,high,True,36
26c33156-f150-40f5-8d92-e7df9bbf5d6d,EMP31748,Christian Delacroix,préparateur,événement_familial,2024-12-30,2025-01-09,10,Maladie,pending,,,low,True,9
964360ab-1e41-4ed8-a7d6-b3d8ea55b51b,EMP72160,Irène Bernard,pharmacien_titulaire,RTT,2024-05-07,2024-05-18,11,Besoin de repos,approved,approved,Couverture disponible,medium,True,41
f606f520-a757-433e-95df-f6186a6bacdd,EMP65916,Jean-Paul Chevalier,pharmacien_adjoint,maternité,2024-11-12,2024-11-26,14,Maladie,approved,approved,Conflit avec autre absence,high,False,15
06c1643f-d244-4dbb-bf1b-31811885e299,EMP70018,Pierre Rousseau,préparateur,maternité,2024-08-30,2024-09-04,5,Besoin de repos,refused,refused,Accord manager,high,False,45
264da96f-0f21-493e-a4d5-dd5db49f9f8d,EMP79606,Jean-Paul Simon,pharmacien_adjoint,maternité,2024-07-09,2024-07-11,2,Événement familial,approved,approved,Raison médicale insuffisante,low,False,15
ee4a7cea-c7e7-420f-9abe-24c2616e48af,EMP77314,Danielle Blanc,pharmacien_titulaire,congé_payé,2024-02-06,2024-02-16,10,Maladie,pending,,,low,False,39
c3202769-6966-433b-b1de-2d723563bcbd,EMP30908,Olivier Poulain,employé_rayon,maladie,2024-02-01,2024-02-11,10,Congé maladie,approved,approved,Accord manager,high,False,21
f370c0a1-7b9e-464b-928d-614b8ce0a7f8,EMP76545,Florence Poirier,pharmacien_adjoint,maladie,2024-05-10,2024-05-13,3,Congé maladie,refused,approved,Accord manager,high,True,29
5d49ef4e-c047-45db-8018-7d27f140f40b,EMP28870,Cécile Girard,employé_rayon,congé_payé,2024-02-03,2024-02-15,12,Maladie,pending,,,low,False,16
eb78c694-cce6-4230-9248-e3bed7c5ec27,EMP79828,Thérèse Roux,pharmacien_adjoint,événement_familial,2024-03-30,2024-04-01,2,Formation professionnelle,approved,approved,Accord manager,high,False,43
b9aa2b6c-7cbf-43af-b1c4-91b2524e3cf1,EMP99430,Nathalie Arnould,employé_rayon,événement_familial,2024-12-28,2025-01-10,13,Besoin de repos,approved,refused,Justificatif requis,high,False,24
ec35ac95-f9fb-4a47-813c-f598559700dd,EMP64556,Marie Delorme,pharmacien_adjoint,RTT,2024-01-16,2024-01-28,12,Raison personnelle,approved,refused,Accord manager,low,False,2
4e83e418-f992-4b5b-806d-8870ed43c26b,EMP29117,André Roux,préparateur,RTT,2024-07-21,2024-08-03,13,Maladie,approved,approved,Conflit avec autre absence,high,False,42
f7cdcfb9-bf86-470c-996d-0c1706fe9a4b,EMP27393,Joseph Chevalier,employé_rayon,formation,2024-11-10,2024-11-13,3,Formation professionnelle,pending,,,medium,False,10
7b171528-0075-4c91-813b-067b3b66f5af,EMP13230,Christian Fournier,préparateur,RTT,2024-08-20,2024-08-30,10,Formation professionnelle,pending,,,low,False,25
94988b07-3aae-4a1d-86c6-f7303ffe0445,EMP10272,Sophie Michel,pharmacien_adjoint,congé_payé,2024-02-23,2024-03-08,14,Maladie,pending,,,high,True,45
68f7911a-06f4-4079-9b33-2be0385e0135,EMP91413,Alain Simon,préparateur,RTT,2024-10-05,2024-10-06,1,Événement familial,approved,refused,Couverture disponible,low,False,10
18ffbb4c-7d2c-4d1b-90ae-78c0639a8955,EMP52279,Monique Simon,préparateur,maternité,2024-05-03,2024-05-09,6,Besoin de repos,approved,approved,Accord manager,low,True,37
ab0137f8-15ac-4111-87db-bfcaeaf0b02b,EMP61480,Georges Martin,préparateur,RTT,2024-09-21,2024-10-06,15,Formation professionnelle,approved,approved,Couverture disponible,medium,True,25
a3fe934e-6cf3-4343-9df6-0916ea3a988e,EMP88262,Marc Dupont,préparateur,congé_payé,2024-01-12,2024-01-16,4,Maternité,refused,refused,Couverture disponible,low,False,30
2e441038-629c-4d0a-9c14-5387390a493e,EMP85321,Sophie Maillard,pharmacien_adjoint,maladie,2024-11-11,2024-11-25,14,Congé maladie,approved,approved,Couverture disponible,high,False,35
099b22e0-0f3b-4185-a6a4-04ef22ebfaea,EMP33933,Bernard Dupont,pharmacien_titulaire,maternité,2024-12-29,2025-01-13,15,Besoin de repos,pending,,,low,False,5
65095efc-d273-4fac-b474-120a96e403b3,EMP79122,Michel Leclerc,pharmacien_titulaire,maladie,2024-01-28,2024-01-31,3,Congé maladie,pending,,,low,True,45
b5e50bcd-ec67-4e1b-8b21-040a62723517,EMP23520,Nathalie Bernard,stagiaire,événement_familial,2024-09-04,2024-09-09,5,Maladie,pending,,,high,False,8
300d6253-f3ea-4f84-ba59-e0542cbe5d63,EMP35115,Cécile Roux,employé_rayon,maladie,2024-04-30,2024-05-01,1,Congé maladie,approved,approved,Accord manager,low,True,12
10d9ddc4-30df-4d4b-b78f-72d33a11a5bf,EMP27518,Laurent Renaud,pharmacien_adjoint,maternité,2024-10-19,2024-11-01,13,Maternité,pending,,,low,False,18
b240f473-6ef6-4404-9e6f-85b3104281cb,EMP62650,Stéphanie Delorme,pharmacien_adjoint,événement_familial,2024-07-28,2024-08-03,6,Maladie,approved,approved,Conflit avec autre absence,high,True,30
512fb993-2031-4ebe-aa12-7529e7779f2d,EMP20067,Florence Rousseau,pharmacien_titulaire,congé_payé,2024-05-25,2024-05-30,5,Formation professionnelle,pending,,,medium,True,29
902c3fb3-d048-4647-9126-e98911bddf98,EMP80940,Marc Poirier,employé_rayon,événement_familial,2024-04-09,2024-04-23,14,Formation professionnelle,refused,refused,Couverture disponible,medium,False,3
06ef456a-23d5-417b-851c-3b85c4d07026,EMP40125,Sophie Dubois,pharmacien_adjoint,congé_payé,2024-05-20,2024-05-27,7,Besoin de repos,approved,approved,Raison médicale insuffisante,low,True,39
3df1d21e-23f0-4bba-beda-1acfa889cf7d,EMP92496,Michel Laurent,pharmacien_titulaire,maladie,2024-03-01,2024-03-04,3,Congé maladie,approved,approved,Accord manager,high,False,12
fb4add2e-09bb-450c-996a-4f27ff0f6b87,EMP84621,Alain Delorme,préparateur,RTT,2024-08-29,2024-09-09,11,Formation professionnelle,pending,,,low,False,2
9f2a4020-e008-4bf9-a56c-104a2d57abb0,EMP55435,Daniel Morin,employé_rayon,congé_payé,2024-12-17,2024-12-26,9,Événement familial,approved,approved,Couverture disponible,medium,True,30
92e77be1-092a-47ab-947e-365cebeea4b7,EMP37130,Irène Simon,employé_rayon,maternité,2024-12-27,2025-01-05,9,Événement familial,approved,refused,Conflit avec autre absence,medium,True,40
fee08a5e-5293-4ee0-8793-b6a4412ca943,EMP76545,Florence Poirier,pharmacien_adjoint,événement_familial,2024-01-10,2024-01-12,2,Raison personnelle,pending,,,high,True,26
4e32a9bc-c9e0-404b-a865-1ecdc89c1792,EMP16526,Michel Dubois,préparateur,congé_payé,2024-11-14,2024-11-19,5,Formation professionnelle,pending,,,medium,True,46
84c7d6ae-2518-4bfb-9f26-0252c60fa2dd,EMP84523,Paul Bernard,préparateur,formation,2024-07-25,2024-07-27,2,Événement familial,refused,approved,Couverture disponible,medium,False,19
509834f7-1784-4305-9918-fdd2e423b448,EMP17191,Daniel Leclerc,pharmacien_adjoint,formation,2024-12-16,2024-12-30,14,Formation professionnelle,approved,refused,Justificatif requis,high,True,22
906402b9-9382-4421-bead-348adfd597ce,EMP98120,Georges Arnould,employé_rayon,maternité,2024-12-11,2024-12-21,10,Maternité,approved,refused,Conflit avec autre absence,low,False,46
47d83387-47ce-465b-b970-db83249526b3,EMP20908,Pierre Bernier,préparateur,maternité,2024-11-20,2024-12-03,13,Formation professionnelle,approved,refused,Raison médicale insuffisante,medium,True,7
87731667-a6f8-4124-b070-47600ad69404,EMP34081,Isabelle Bernier,pharmacien_titulaire,formation,2024-12-14,2024-12-17,3,Maternité,approved,refused,Justificatif requis,medium,True,38
8852d2ab-3c7a-493d-9d5d-0b34e67d8e62,EMP87724,Isabelle Simon,pharmacien_adjoint,formation,2024-10-11,2024-10-17,6,Raison personnelle,pending,,,high,True,14
1f62c736-3303-4f3f-91aa-3c30e6e26a69,EMP37671,Françoise Girard,préparateur,événement_familial,2024-01-04,2024-01-05,1,Événement familial,approved,refused,Accord manager,high,False,39
b91f62c8-f790-482a-be4f-a5a6dc95cb56,EMP99048,Marc Rousseau,préparateur,maternité,2024-08-29,2024-09-11,13,Maladie,approved,approved,Justificatif requis,high,True,8
2fd40143-ee1e-4a21-8d68-477cc5eca8ea,EMP72417,Cécile Leclerc,préparateur,maladie,2024-02-29,2024-03-09,9,Congé maladie,approved,approved,Accord manager,low,False,27
fa1ea8b2-3ea1-4fa4-abdc-36dc43668103,EMP93540,André Michel,préparateur,maternité,2024-05-25,2024-06-05,11,Formation professionnelle,approved,approved,Raison médicale insuffisante,low,True,40
45c5d4e2-7f31-4286-a81c-7f8da49e4e5a,EMP50680,Danielle Leroy,stagiaire,RTT,2024-01-01,2024-01-03,2,Maladie,refused,approved,Couverture disponible,medium,True,8
129f6b43-903b-4013-841b-17ee7cef656b,EMP49470,Valérie Maillard,préparateur,maternité,2024-05-27,2024-06-10,14,Événement familial,approved,approved,Conflit avec autre absence,high,False,45
f0b157f7-19be-4ee1-81dc-c9e0aa84874a,EMP59253,Pierre Martin,pharmacien_adjoint,formation,2024-10-24,2024-11-03,10,Formation professionnelle,approved,approved,Couverture disponible,low,True,18
4e94c388-5e88-4b14-b0cb-9088ede22b86,EMP88805,Philippe Dubois,pharmacien_adjoint,congé_payé,2024-11-24,2024-11-28,4,Maternité,approved,approved,Raison médicale insuffisante,low,True,39
9e59b237-866e-4b01-8f22-934dc1a70e90,EMP81765,Pierre Poirier,pharmacien_adjoint,congé_payé,2024-03-13,2024-03-26,13,Événement familial,approved,refused,Justificatif requis,low,True,19
94d2ed05-5003-4c5f-8c0f-406c628c7598,EMP48344,André Bernard,pharmacien_adjoint,congé_payé,2024-03-04,2024-03-14,10,Maternité,approved,refused,Raison médicale insuffisante,high,False,4
2d68ecd6-8585-4c6f-b9b9-383dac50f7f2,EMP27393,Joseph Chevalier,employé_rayon,formation,2024-11-04,2024-11-07,3,Événement familial,approved,approved,Accord manager,high,False,29
4cc65a37-89c6-44b6-84a4-8e2a06e71b07,EMP21002,Irène Fabre,préparateur,formation,2024-01-03,2024-01-12,9,Raison personnelle,approved,refused,Justificatif requis,high,True,41
cfb8d4de-d6aa-4c99-9a04-1eff1d73b162,EMP53618,Alain Bernier,préparateur,formation,2024-12-07,2024-12-15,8,Maternité,pending,,,medium,False,24
509d7cfd-bd26-468a-8638-c4b8b039a2a1,EMP97821,Nathalie Rousseau,pharmacien_titulaire,formation,2024-08-19,2024-08-30,11,Maladie,approved,approved,Conflit avec autre absence,high,False,16
be5061a9-ef8a-4f52-a638-d6a939fe2089,EMP17191,Daniel Leclerc,pharmacien_adjoint,RTT,2024-11-22,2024-12-02,10,Maladie,pending,,,low,True,13
5a7f80a4-e5be-4040-b2d6-e02308460482,EMP46169,Monique Delorme,employé_rayon,congé_payé,2024-08-28,2024-09-03,6,Maladie,approved,refused,Accord manager,high,True,34
77340c67-2ec1-44d8-97dd-aafff66ae71c,EMP65496,Jacques Delorme,pharmacien_titulaire,formation,2024-12-20,2025-01-03,14,Maladie,approved,refused,Conflit avec autre absence,high,False,39
205440c8-f9a7-46e4-9940-91e304da5bca,EMP56747,Christian Leroy,employé_rayon,RTT,2024-06-29,2024-07-10,11,Maladie,approved,approved,Accord manager,high,False,32
849c0e87-2d36-4db4-9ede-4cca02fbe3fb,EMP23535,Stéphanie Fontaine,pharmacien_titulaire,RTT,2024-09-26,2024-09-30,4,Maladie,approved,refused,Accord manager,medium,False,41
6ed6e2ca-dcaa-44cc-96a9-540ca073a9a3,EMP14604,Sophie Poirier,employé_rayon,événement_familial,2024-09-03,2024-09-13,10,Maternité,pending,,,medium,True,48
7a024574-dde1-466a-8c90-4951be34c57e,EMP46301,Pierre Poirier,employé_rayon,maladie,2024-11-11,2024-11-24,13,Congé maladie,approved,refused,Couverture disponible,low,False,5
398cf400-3749-4d25-a3e4-f12e43ba158c,EMP85709,René Chevalier,pharmacien_adjoint,formation,2024-05-29,2024-06-08,10,Raison personnelle,approved,approved,Raison médicale insuffisante,medium,False,8
0279e4d5-bf28-4c3d-a466-09792ca56b27,EMP80965,Anne Michel,préparateur,maladie,2024-09-15,2024-09-30,15,Congé maladie,approved,refused,Accord manager,low,True,47
8ca49925-7d1b-4f92-952b-b60602ce41d6,EMP38348,Florence Renaud,pharmacien_titulaire,maladie,2024-01-20,2024-02-02,13,Congé maladie,pending,,,high,True,2
f56f0603-8a73-44b5-adeb-73dc44159af9,EMP94780,Paul Dupont,pharmacien_titulaire,maladie,2024-11-25,2024-11-28,3,Congé maladie,pending,,,high,True,37
1cbf28d4-51c8-4a4b-8360-cfa833fe7db9,EMP82686,Danielle Delacroix,pharmacien_titulaire,RTT,2024-11-02,2024-11-06,4,Maladie,pending,,,medium,False,37
f8f4e655-a6ec-4a12-a1c0-c94016a476a3,EMP49540,Isabelle Bernard,pharmacien_adjoint,RTT,2024-10-18,2024-10-19,1,Raison personnelle,approved,refused,Couverture disponible,medium,True,48
da834133-320d-4b70-8cb9-99d4446e7d12,EMP97807,Luc Poulain,stagiaire,congé_payé,2024-09-08,2024-09-11,3,Maternité,pending,,,low,False,7
f3156fde-1d57-4c90-9fc1-7fb9fbc4b3e9,EMP30908,Olivier Poulain,employé_rayon,événement_familial,2024-04-04,2024-04-12,8,Maladie,approved,refused,Couverture disponible,low,True,4
1591907b-b788-41af-ac6c-94ebb547df4d,EMP22918,Catherine Delorme,pharmacien_adjoint,RTT,2024-08-10,2024-08-24,14,Maternité,pending,,,low,True,16
d00b7c51-67ca-4fef-8b3f-0f44019b62b9,EMP66212,Luc Delorme,employé_rayon,formation,2024-07-11,2024-07-23,12,Maternité,pending,,,medium,True,41
729d6bf5-e749-4901-b87f-6e86bdcb076e,EMP87042,Isabelle Renaud,préparateur,formation,2024-12-03,2024-12-04,1,Événement familial,pending,,,low,False,4
9372e2a8-b7f3-4ac2-9d16-a08f60ad2e31,EMP53093,Thérèse Girard,pharmacien_adjoint,formation,2024-09-12,2024-09-13,1,Formation professionnelle,approved,approved,Conflit avec autre absence,high,True,6
89713c35-c64b-4d42-beeb-992e81b75de3,EMP22649,Luc Leroy,employé_rayon,RTT,2024-03-02,2024-03-15,13,Formation professionnelle,approved,approved,Raison médicale insuffisante,high,True,30
79b58998-d0ef-405f-acba-d0812cdb37a3,EMP36125,Jean Simon,employé_rayon,RTT,2024-10-26,2024-11-07,12,Formation professionnelle,approved,refused,Raison médicale insuffisante,low,False,28
3bff9f33-8ba8-48b2-94c6-60d6eb1afa04,EMP95409,Françoise Arnould,employé_rayon,congé_payé,2024-12-28,2025-01-07,10,Maladie,approved,approved,Accord manager,medium,False,5
81d81d94-6e5b-40f6-8247-f94cdfc01b98,EMP55435,Daniel Morin,employé_rayon,RTT,2024-02-28,2024-03-09,10,Maladie,pending,,,low,False,38
faa21f1f-1858-421d-8f54-2a243d5d52af,EMP21530,Florence Benoit,employé_rayon,congé_payé,2024-04-19,2024-04-28,9,Événement familial,pending,,,medium,False,22
8c85d469-98ea-4654-862d-a39aeed39179,EMP39307,Sylvie Renaud,stagiaire,formation,2024-03-18,2024-03-29,11,Formation professionnelle,approved,refused,Conflit avec autre absence,low,True,28
50068097-cfe3-4c96-8a6d-2dddbc0f29d9,EMP59767,Pascale Delorme,pharmacien_adjoint,maladie,2024-10-24,2024-10-26,2,Congé maladie,refused,refused,Justificatif requis,low,True,1
1b275a78-e987-4e57-9484-eeecff6a64eb,EMP33913,Marie Benoit,employé_rayon,congé_payé,2024-11-13,2024-11-20,7,Raison personnelle,refused,approved,Justificatif requis,medium,False,42
1cac53e3-955d-4864-a984-fa55d71abee4,EMP76785,Sophie Leroy,employé_rayon,maternité,2024-11-17,2024-11-18,1,Besoin de repos,approved,refused,Couverture disponible,high,True,11
7e2dd0d8-5de9-4e6a-8f56-22aefab647cb,EMP67451,Bernard Morin,préparateur,maladie,2024-07-22,2024-07-27,5,Congé maladie,approved,refused,Couverture disponible,medium,True,40
b645dbdd-1ef6-4026-960b-d8d1bbec0752,EMP71769,Nathalie Delorme,pharmacien_adjoint,congé_payé,2024-03-25,2024-03-28,3,Maternité,refused,approved,Raison médicale insuffisante,high,True,25
87aaaf06-5e1e-4a28-bd69-a7a309843923,EMP22649,Luc Leroy,employé_rayon,maladie,2024-05-11,2024-05-23,12,Congé maladie,pending,,,medium,True,22
228fdac2-5f17-4a98-b9ec-f70968d58265,EMP67313,Michèle Blanc,pharmacien_adjoint,événement_familial,2024-08-16,2024-08-30,14,Raison personnelle,approved,approved,Couverture disponible,low,False,8
abdd0384-7b49-472e-8bdd-fb92d1add66f,EMP45733,Marie Fournier,pharmacien_adjoint,congé_payé,2024-04-07,2024-04-13,6,Événement familial,refused,approved,Justificatif requis,high,True,20
59f4e42a-51d7-46db-b9b2-ff4b5cf7e235,EMP13516,Marie Morin,employé_rayon,maternité,2024-08-04,2024-08-09,5,Maladie,approved,approved,Couverture disponible,low,False,22
28391430-7fc3-49a7-9784-eb446d44d97f,EMP47053,Thierry Fontaine,employé_rayon,maladie,2024-12-03,2024-12-12,9,Congé maladie,approved,refused,Justificatif requis,medium,True,23
69b0d32f-402b-47de-a590-b695b20a6a46,EMP88262,Marc Dupont,préparateur,événement_familial,2024-12-20,2024-12-23,3,Événement familial,approved,refused,Accord manager,medium,True,14
e8327164-58b8-4c9d-8521-b523acaf12ac,EMP32915,Nathalie Leclerc,pharmacien_titulaire,formation,2024-08-01,2024-08-03,2,Formation professionnelle,pending,,,low,True,38
9b49aa1c-54db-49fd-a2df-e93aa8d000ea,EMP75237,Jacques Fabre,préparateur,maternité,2024-07-21,2024-07-22,1,Formation professionnelle,approved,refused,Justificatif requis,low,True,41
055c176d-7bf7-4eb0-bb12-88d75bf042ee,EMP66212,Luc Delorme,employé_rayon,congé_payé,2024-12-25,2025-01-03,9,Besoin de repos,pending,,,medium,False,8
d2ca5bcf-e354-4a6e-a8fc-1819b193c38e,EMP88452,Marie Martin,préparateur,maternité,2024-09-10,2024-09-15,5,Événement familial,approved,refused,Justificatif requis,medium,False,35
e3b577a4-c726-4d64-b6d9-4fb4638bbc65,EMP39307,Sylvie Renaud,stagiaire,maternité,2024-11-14,2024-11-19,5,Événement familial,pending,,,low,False,33
1386cce4-f426-4d56-bd90-f2ef27760b90,EMP15711,Alain Renaud,pharmacien_adjoint,congé_payé,2024-04-14,2024-04-22,8,Besoin de repos,pending,,,low,False,33
a873f801-53f6-4783-a727-e348e1c4f5db,EMP97807,Luc Poulain,stagiaire,RTT,2024-09-01,2024-09-08,7,Raison personnelle,approved,approved,Justificatif requis,medium,False,25
e81262cc-5edc-481e-b0de-d9f057c6def7,EMP58426,Michel Bernard,employé_rayon,événement_familial,2024-03-20,2024-03-23,3,Événement familial,approved,refused,Accord manager,low,True,6
c6c36f78-b63b-44da-87d3-be03ae5498e6,EMP67762,Isabelle Fabre,employé_rayon,événement_familial,2024-04-06,2024-04-16,10,Formation professionnelle,approved,refused,Accord manager,low,False,38
0296fd1c-6a1e-4504-af35-2930e7bf85cd,EMP71300,Valérie Laurent,préparateur,maternité,2024-02-14,2024-02-29,15,Besoin de repos,approved,approved,Justificatif requis,high,True,40
347bbf45-2971-4f7c-973c-8e39095aa2b7,EMP51138,Joseph Blanc,préparateur,maladie,2024-01-06,2024-01-15,9,Congé maladie,pending,,,low,True,33
2f629d96-2713-422d-a80a-472378398909,EMP52279,Monique Simon,préparateur,RTT,2024-07-15,2024-07-20,5,Événement familial,approved,approved,Couverture disponible,medium,True,23
d7c2bfcb-8016-4e5b-bee0-608691ace49e,EMP67762,Isabelle Fabre,employé_rayon,maladie,2024-09-21,2024-09-28,7,Congé maladie,approved,refused,Raison médicale insuffisante,high,True,29
80d9b1ad-17cd-4f33-9e8f-7adae0d2fb5f,EMP93090,Cécile Bernier,pharmacien_titulaire,maternité,2024-03-08,2024-03-20,12,Formation professionnelle,approved,refused,Justificatif requis,low,True,30
3cabb6d0-7dc7-4c1d-8298-6e580f35934a,EMP24026,Irène Fontaine,pharmacien_adjoint,maladie,2024-09-15,2024-09-29,14,Congé maladie,pending,,,medium,True,9
715ffcbe-347c-43a0-b321-5ee958495d6f,EMP41092,Valérie Benoit,pharmacien_titulaire,maladie,2024-04-18,2024-04-28,10,Congé maladie,pending,,,medium,False,39
ff2277f4-7d18-456c-acc4-f788b4544566,EMP37130,Irène Simon,employé_rayon,RTT,2024-11-11,2024-11-21,10,Événement familial,approved,approved,Raison médicale insuffisante,medium,False,14
6a66308e-7d01-4d0b-9ec2-ff9629baa784,EMP86320,René Martin,stagiaire,formation,2024-04-16,2024-04-23,7,Événement familial,approved,approved,Justificatif requis,medium,True,29
0fe9cde6-34ff-46b0-9ea4-772a5c770e3f,EMP84621,Alain Delorme,préparateur,événement_familial,2024-03-11,2024-03-13,2,Maladie,approved,refused,Conflit avec autre absence,medium,True,28
a3188e2d-5710-4b4e-afe6-af40f0ae1b3d,EMP64423,Philippe Maillard,pharmacien_adjoint,événement_familial,2024-07-18,2024-07-28,10,Événement familial,approved,refused,Couverture disponible,low,True,36
5a900b46-5435-4f35-b35a-438c9fb17dc9,EMP67415,Thierry Laurent,pharmacien_titulaire,RTT,2024-01-01,2024-01-11,10,Maternité,approved,refused,Justificatif requis,low,True,16
9e44dcac-8126-492d-90f3-798fba8b074e,EMP68457,Christine Martin,stagiaire,événement_familial,2024-12-19,2025-01-03,15,Formation professionnelle,approved,approved,Accord manager,high,True,2
bc1fd2b5-5a40-4cdc-8b78-f98c7772033b,EMP77805,Michel Rousseau,employé_rayon,maternité,2024-10-18,2024-10-19,1,Raison personnelle,refused,refused,Couverture disponible,low,True,2
59e6338f-e196-4989-9d90-cd6771f85705,EMP79456,René Maillard,pharmacien_titulaire,formation,2024-03-07,2024-03-21,14,Raison personnelle,pending,,,high,False,39
5ce906f7-aff1-4077-bf8a-6d4370b17933,EMP70018,Pierre Rousseau,préparateur,RTT,2024-03-28,2024-04-09,12,Formation professionnelle,approved,approved,Conflit avec autre absence,low,True,9
19327ae2-998b-4baf-97ad-2ea9623e360e,EMP30092,Alain Blanc,pharmacien_titulaire,congé_payé,2024-05-30,2024-06-05,6,Besoin de repos,approved,refused,Raison médicale insuffisante,low,True,41
cc62d2fa-9339-4718-86aa-f2a1ab242f8f,EMP62099,Valérie Roux,pharmacien_titulaire,événement_familial,2024-08-03,2024-08-10,7,Maternité,approved,approved,Conflit avec autre absence,low,True,43
182d4c71-6056-4023-bc93-e4a31b60928b,EMP24604,Danielle Fournier,pharmacien_adjoint,maternité,2024-05-19,2024-06-03,15,Maternité,refused,refused,Justificatif requis,low,False,32
66bddaca-3a25-48ef-89ad-c17cb8012e85,EMP21002,Irène Fabre,préparateur,formation,2024-07-29,2024-08-12,14,Maladie,approved,refused,Conflit avec autre absence,medium,False,17
1888fd6b-ae12-4cf9-844b-7429691c2d68,EMP48514,Catherine Blanc,préparateur,RTT,2024-12-05,2024-12-07,2,Raison personnelle,approved,refused,Accord manager,low,False,14
818e1399-bec6-4212-9981-cfdfe5a8ce88,EMP93090,Cécile Bernier,pharmacien_titulaire,événement_familial,2024-07-16,2024-07-17,1,Raison personnelle,refused,approved,Raison médicale insuffisante,medium,True,14
00a23bef-3a4b-47d3-a8db-51bdcd4e8641,EMP79122,Michel Leclerc,pharmacien_titulaire,RTT,2024-12-16,2024-12-31,15,Formation professionnelle,pending,,,low,False,11
d6f4aa6f-8853-43d0-b237-e55bc4b778c9,EMP20908,Pierre Bernier,préparateur,RTT,2024-10-31,2024-11-01,1,Maternité,approved,refused,Justificatif requis,low,True,27
0ef0e79e-5b8d-4271-b3dc-9a8d02a3a59a,EMP11505,Alain Michel,employé_rayon,formation,2024-12-12,2024-12-14,2,Besoin de repos,approved,refused,Accord manager,medium,False,7
da83b404-d886-41b5-b934-1b6ec33ab91a,EMP61890,Claire Poulain,stagiaire,RTT,2024-11-26,2024-11-30,4,Maladie,pending,,,medium,False,37
58890449-8970-49ca-8528-30ad9c545be9,EMP70137,Anne Simon,employé_rayon,formation,2024-09-04,2024-09-07,3,Maternité,approved,refused,Couverture disponible,medium,False,36
db861a68-e591-46df-9d46-5a96669e3b11,EMP52750,Marie Poirier,employé_rayon,congé_payé,2024-11-12,2024-11-27,15,Formation professionnelle,approved,refused,Conflit avec autre absence,medium,False,47
0cc9f6a4-41e4-4b50-89df-b097ca2f1e2d,EMP87177,Paul Michel,préparateur,maladie,2024-06-03,2024-06-09,6,Congé maladie,pending,,,high,True,36
58d4d168-27d9-4774-86e1-c1848e6a1417,EMP20339,Françoise Poirier,préparateur,maladie,2024-10-19,2024-11-01,13,Congé maladie,pending,,,low,True,30
41ec956f-a9b6-48e9-ae23-5306af0df2e0,EMP63325,Thérèse Simon,pharmacien_adjoint,maternité,2024-12-28,2025-01-04,7,Formation professionnelle,approved,approved,Justificatif requis,medium,False,47
57cc4c65-e13e-49a3-aa6c-79b3c350f57a,EMP85709,René Chevalier,pharmacien_adjoint,événement_familial,2024-10-14,2024-10-15,1,Besoin de repos,approved,refused,Justificatif requis,medium,True,27
a122154c-887d-47e7-93d2-93b4556da4b0,EMP86970,Christiane Gaillard,pharmacien_titulaire,événement_familial,2024-11-17,2024-11-22,5,Raison personnelle,refused,refused,Justificatif requis,high,False,9
3acee0d2-75f8-4f9e-85e6-974538a9562f,EMP84621,Alain Delorme,préparateur,événement_familial,2024-10-19,2024-11-02,14,Raison personnelle,refused,refused,Couverture disponible,low,False,9
f23500f3-0b82-48ac-aa0c-b5efa79e868c,EMP49540,Isabelle Bernard,pharmacien_adjoint,maladie,2024-02-09,2024-02-14,5,Congé maladie,approved,approved,Raison médicale insuffisante,medium,False,7
56b1afc9-0d47-488d-af90-a21e84b21906,EMP30908,Olivier Poulain,employé_rayon,événement_familial,2024-01-10,2024-01-14,4,Événement familial,approved,refused,Conflit avec autre absence,high,False,9
9ea55e10-19f0-438c-b376-9b70aeb3807c,EMP57938,Paul Bernier,préparateur,RTT,2024-03-09,2024-03-18,9,Maladie,approved,refused,Conflit avec autre absence,low,True,29
ae90cf44-01cc-4fb4-8f8f-eb0a2a93996e,EMP43236,Sophie Bernier,pharmacien_titulaire,congé_payé,2024-09-14,2024-09-17,3,Événement familial,refused,refused,Justificatif requis,low,False,4
d726971d-7e9d-4fa6-bcab-60c95b919990,EMP80460,Christian Michel,pharmacien_adjoint,événement_familial,2024-09-15,2024-09-23,8,Événement familial,approved,approved,Couverture disponible,high,True,12
bdbae903-f41e-42c6-bb54-5fc3676af772,EMP59518,Olivier Gaillard,préparateur,maternité,2024-03-28,2024-04-07,10,Maternité,approved,approved,Justificatif requis,low,False,13
00cec2c2-15a9-425c-bbc1-e7ce7bcbc962,EMP98141,Daniel Fournier,employé_rayon,maladie,2024-12-19,2024-12-24,5,Congé maladie,approved,approved,Couverture disponible,low,False,10
47059b9d-12c0-4419-8e65-6e7fe49e4cb3,EMP70018,Pierre Rousseau,préparateur,formation,2024-07-19,2024-07-25,6,Formation professionnelle,approved,refused,Couverture disponible,medium,True,44
26ca49b1-6eda-49d8-aa43-2e12f06006ad,EMP38625,Christiane Bernard,préparateur,maladie,2024-11-22,2024-11-26,4,Congé maladie,pending,,,low,True,4
a61691ac-3429-4581-bb63-2e9a25f5432f,EMP30908,Olivier Poulain,employé_rayon,RTT,2024-09-18,2024-10-01,13,Besoin de repos,approved,approved,Raison médicale insuffisante,low,True,36
7efd96fa-50b4-4e40-a4c5-edadeade464c,EMP85709,René Chevalier,pharmacien_adjoint,événement_familial,2024-11-30,2024-12-15,15,Raison personnelle,approved,refused,Raison médicale insuffisante,medium,False,5
d9b55bc5-83c3-4cfd-8f86-8f90ead28777,EMP96146,Joseph Arnould,employé_rayon,maladie,2024-03-15,2024-03-21,6,Congé maladie,approved,approved,Raison médicale insuffisante,low,False,13
8e365157-b630-427b-8e03-0f86d61d1139,EMP87140,René Girard,stagiaire,formation,2024-09-19,2024-09-28,9,Formation professionnelle,approved,approved,Couverture disponible,medium,False,37
e9e54367-3235-465f-b54b-c0b059d57c83,EMP86320,René Martin,stagiaire,événement_familial,2024-07-18,2024-07-25,7,Raison personnelle,refused,refused,Justificatif requis,low,False,43
6f28e864-ad4c-4dea-b727-0c11c5a09923,EMP62782,Christian Laurent,préparateur,congé_payé,2024-10-30,2024-11-11,12,Événement familial,refused,refused,Justificatif requis,high,True,26
d9992eda-459c-4871-8a20-18ad48064b99,EMP26400,Jacques Fournier,préparateur,maladie,2024-03-04,2024-03-15,11,Congé maladie,approved,refused,Justificatif requis,low,True,47
f4a68f70-de33-4219-a40e-1e027448729b,EMP35115,Cécile Roux,employé_rayon,formation,2024-08-10,2024-08-18,8,Besoin de repos,pending,,,medium,True,16
12c3ca39-c344-48b9-b8e0-1c357bcf098a,EMP16087,André Benoit,employé_rayon,maladie,2024-01-17,2024-01-27,10,Congé maladie,approved,approved,Couverture disponible,low,False,13
2caaa2cb-f66a-42ee-88c7-53153c05e579,EMP94780,Paul Dupont,pharmacien_titulaire,congé_payé,2024-05-21,2024-05-29,8,Maladie,approved,approved,Accord manager,medium,True,31
573a6a9f-6271-4a92-838e-350d0dd8ee4c,EMP70137,Anne Simon,employé_rayon,formation,2024-04-03,2024-04-16,13,Besoin de repos,approved,refused,Couverture disponible,high,True,48
1a530ca5-541b-443f-b232-00832b1b5310,EMP62885,Jean Lefevre,préparateur,maternité,2024-10-30,2024-11-09,10,Maladie,approved,approved,Raison médicale insuffisante,medium,True,19
209f6e44-92e3-464a-9bf7-61f01ebeef29,EMP68870,Florence Michel,pharmacien_titulaire,congé_payé,2024-12-09,2024-12-18,9,Formation professionnelle,pending,,,medium,False,20
80e19d00-0b4d-4b2a-b014-5be42c66bdc4,EMP84066,Thérèse Chevalier,pharmacien_adjoint,formation,2024-12-06,2024-12-15,9,Maladie,approved,refused,Couverture disponible,high,True,39
b7b25e03-a4bc-469b-8030-cf34347d844a,EMP99430,Nathalie Arnould,employé_rayon,congé_payé,2024-05-07,2024-05-14,7,Raison personnelle,approved,refused,Conflit avec autre absence,high,False,18
ca317ace-583b-47d9-9d8c-143e11443e87,EMP73014,Philippe Michel,pharmacien_titulaire,maternité,2024-08-15,2024-08-18,3,Maternité,approved,refused,Couverture disponible,medium,False,32
3bc978a0-54b1-4925-8c9c-f54db29b4ac8,EMP95514,Jean Bernard,préparateur,maladie,2024-07-08,2024-07-12,4,Congé maladie,approved,approved,Conflit avec autre absence,high,True,38
2ab15460-ea98-417c-b7c8-39564cf578d4,EMP35555,Monique Fabre,pharmacien_titulaire,maladie,2024-06-15,2024-06-28,13,Congé maladie,pending,,,low,False,26
3a6d4822-d31d-44c3-a093-f8d3b2b80d37,EMP69057,Valérie Michel,employé_rayon,congé_payé,2024-02-20,2024-02-21,1,Maladie,approved,approved,Justificatif requis,low,True,41
affbaf14-9a35-4996-8d9a-f54eb38c5911,EMP79049,Paul Gérard,pharmacien_adjoint,congé_payé,2024-11-18,2024-11-28,10,Événement familial,approved,refused,Accord manager,high,False,13
d2305c18-27a1-451f-86c0-dc586142943b,EMP76545,Florence Poirier,pharmacien_adjoint,congé_payé,2024-01-27,2024-02-07,11,Besoin de repos,approved,approved,Accord manager,low,True,24
d7f9ca03-71b6-4e79-b7af-250be661dde8,EMP87977,Claire Rousseau,préparateur,maternité,2024-11-03,2024-11-16,13,Formation professionnelle,pending,,,medium,True,16
38192c2a-37c0-49c9-8f4c-6165789de9cd,EMP65434,Joseph Poulain,pharmacien_titulaire,RTT,2024-02-05,2024-02-15,10,Événement familial,pending,,,low,False,21
d5c443a3-b82f-4ee0-af8e-af4741a97a30,EMP70715,Claire Michel,pharmacien_adjoint,congé_payé,2024-08-22,2024-09-03,12,Raison personnelle,pending,,,medium,True,10
a4447f6e-ff6a-464d-ac4e-b7a1b3d81c5c,EMP79714,Christiane Girard,préparateur,événement_familial,2024-02-09,2024-02-18,9,Événement familial,refused,approved,Conflit avec autre absence,low,False,48
38f6e6c6-7746-4fc8-b84f-5bfdea131a0b,EMP95454,Jacques Lefevre,préparateur,événement_familial,2024-10-21,2024-11-01,11,Formation professionnelle,approved,refused,Justificatif requis,medium,False,45
96b79dc9-960e-43b0-b6a3-59c9018c997b,EMP14020,Anne Arnould,préparateur,formation,2024-01-22,2024-02-05,14,Maladie,pending,,,high,False,1
3f8aad76-89de-40cc-b094-a50ac62c46ba,EMP79122,Michel Leclerc,pharmacien_titulaire,formation,2024-10-01,2024-10-11,10,Événement familial,approved,approved,Raison médicale insuffisante,medium,False,22
9d8e17c8-0785-4814-868b-80abf0ce692b,EMP62720,Michel Lefevre,préparateur,maladie,2024-08-02,2024-08-10,8,Congé maladie,approved,approved,Accord manager,low,False,14
6035f030-1d77-4a73-a9f8-c79bdc73da8d,EMP95894,Thérèse Delorme,pharmacien_titulaire,RTT,2024-06-20,2024-06-28,8,Événement familial,approved,refused,Raison médicale insuffisante,low,False,21
b2077277-e12c-46e3-b9dd-dac05c4ee7b5,EMP41092,Valérie Benoit,pharmacien_titulaire,RTT,2024-08-29,2024-09-12,14,Événement familial,approved,refused,Couverture disponible,low,True,22
c89e605f-5817-4029-b797-6786bdf15a4e,EMP44360,Michel Girard,employé_rayon,événement_familial,2024-11-06,2024-11-07,1,Besoin de repos,approved,refused,Conflit avec autre absence,medium,False,32
f8111032-d8d0-4532-ace8-1c1a1995d1f9,EMP42121,Sophie Dubois,employé_rayon,maladie,2024-11-21,2024-11-29,8,Congé maladie,approved,refused,Couverture disponible,high,True,35
f0675437-6245-45f8-b5b5-7a87b32150df,EMP94820,Joseph Dupont,pharmacien_adjoint,événement_familial,2024-06-04,2024-06-12,8,Maladie,approved,refused,Conflit avec autre absence,low,False,14
96bba6fd-f036-47ea-bab3-e6ebee682445,EMP89004,René Roux,préparateur,congé_payé,2024-09-16,2024-09-17,1,Formation professionnelle,approved,approved,Raison médicale insuffisante,medium,True,39
cd38f4bf-8459-4f5f-bf09-2236c0e03fdc,EMP59253,Pierre Martin,pharmacien_adjoint,maladie,2024-10-13,2024-10-27,14,Congé maladie,approved,approved,Accord manager,medium,False,40
08e4a6ec-eba2-4e21-9c67-b1ba96ed0cb3,EMP40282,René Arnould,pharmacien_titulaire,maternité,2024-04-25,2024-04-27,2,Raison personnelle,pending,,,medium,True,15
91e41d10-3228-4007-a3c3-724642a31b69,EMP44274,Philippe Morin,employé_rayon,maladie,2024-05-04,2024-05-17,13,Congé maladie,approved,refused,Raison médicale insuffisante,low,True,20
9d71a4ca-e43f-41e5-afd7-82816eab4618,EMP92496,Michel Laurent,pharmacien_titulaire,RTT,2024-04-04,2024-04-12,8,Maternité,pending,,,high,False,10
d3449a96-f22d-4881-b63b-33eaf15ac871,EMP89004,René Roux,préparateur,événement_familial,2024-11-13,2024-11-17,4,Raison personnelle,approved,refused,Justificatif requis,medium,True,29
563837f6-f28d-4ac7-9fd9-cb2dd459f8f2,EMP28949,Stéphanie Bernard,employé_rayon,maladie,2024-04-02,2024-04-15,13,Congé maladie,pending,,,low,False,8
9c28e164-1115-4ede-99b7-b9f2c658260f,EMP67753,Marc Bernard,pharmacien_adjoint,maternité,2024-10-11,2024-10-16,5,Événement familial,refused,refused,Raison médicale insuffisante,high,True,30
a44c3018-eab7-43f4-8ff7-5eb5858d1c00,EMP27620,Jacques Blanc,pharmacien_titulaire,maladie,2024-10-18,2024-10-22,4,Congé maladie,approved,approved,Conflit avec autre absence,low,True,40
680dc1c1-08ba-42fc-b125-ec7839c65fb1,EMP50680,Danielle Leroy,stagiaire,maladie,2024-07-06,2024-07-14,8,Congé maladie,approved,approved,Couverture disponible,low,True,44
5ca293b5-39bf-4871-86b3-72658b2108cd,EMP76545,Florence Poirier,pharmacien_adjoint,maladie,2024-02-15,2024-02-25,10,Congé maladie,approved,refused,Raison médicale insuffisante,high,True,16
46ed8666-3d6f-43a7-84b3-dae990ea57e5,EMP87652,Philippe Delorme,pharmacien_adjoint,RTT,2024-10-29,2024-11-06,8,Besoin de repos,refused,approved,Justificatif requis,high,False,26
373ac0dc-bf23-45ce-967c-59b7ba6f4ce3,EMP45752,Luc Rousseau,employé_rayon,RTT,2024-11-21,2024-12-02,11,Formation professionnelle,approved,refused,Raison médicale insuffisante,high,True,35
79200bf0-fc4f-492d-91db-e9a2b07b9622,EMP12502,Christine Girard,préparateur,maternité,2024-08-07,2024-08-09,2,Maladie,pending,,,low,True,28
540fafc8-c99d-4e5d-9094-c386f5cc5698,EMP40125,Sophie Dubois,pharmacien_adjoint,congé_payé,2024-05-29,2024-06-12,14,Besoin de repos,pending,,,medium,True,1
27a51cf0-d914-4383-888d-2eef705e81fa,EMP79692,Christian Delorme,pharmacien_adjoint,formation,2024-11-23,2024-12-08,15,Maternité,approved,refused,Raison médicale insuffisante,medium,False,12
5ec0bcdc-17fd-4bd9-a82c-20807228e67e,EMP61898,Jacques Gérard,préparateur,événement_familial,2024-08-30,2024-08-31,1,Formation professionnelle,approved,refused,Couverture disponible,low,False,45
4be86477-41b1-4123-8a0b-20f0adcc29b9,EMP60879,Valérie Renaud,préparateur,formation,2024-10-01,2024-10-13,12,Besoin de repos,approved,approved,Accord manager,medium,False,23
46622f36-d113-46d7-a017-96a4fff6544e,EMP95409,Françoise Arnould,employé_rayon,congé_payé,2024-03-21,2024-03-27,6,Besoin de repos,pending,,,high,True,17
d5a0a74f-d99c-4be4-9550-6e72e61d4af7,EMP70964,Jacques Blanc,préparateur,événement_familial,2024-09-22,2024-09-28,6,Raison personnelle,approved,refused,Accord manager,low,True,31
691b31c1-22d2-4c61-8887-80da79eb053f,EMP70715,Claire Michel,pharmacien_adjoint,maladie,2024-07-04,2024-07-14,10,Congé maladie,approved,refused,Conflit avec autre absence,medium,True,8
fdb6a3ff-0776-488d-9d11-fa28c601c57b,EMP63400,Marc Poirier,pharmacien_titulaire,formation,2024-01-11,2024-01-18,7,Maternité,approved,approved,Accord manager,medium,False,28
1aec1b1b-dd71-4121-90a4-1eccf038123c,EMP32915,Nathalie Leclerc,pharmacien_titulaire,maternité,2024-02-17,2024-02-28,11,Raison personnelle,pending,,,high,False,8
1ab2654f-19d0-4d9b-b035-fe12b3f54bcc,EMP89161,Nathalie Fabre,préparateur,congé_payé,2024-08-09,2024-08-18,9,Événement familial,pending,,,medium,False,25
6475ff8c-d6c0-4507-ad86-7cb51cf068d0,EMP74002,Sophie Dubois,préparateur,formation,2024-09-15,2024-09-27,12,Formation professionnelle,pending,,,low,True,19
d730aff3-4a7f-4c08-acd4-922bad1b11cb,EMP76545,Florence Poirier,pharmacien_adjoint,congé_payé,2024-07-11,2024-07-18,7,Maladie,approved,approved,Couverture disponible,low,True,48
0b396e1d-6da1-4ba5-afb6-c591575326a1,EMP55435,Daniel Morin,employé_rayon,maternité,2024-05-28,2024-06-01,4,Maladie,approved,refused,Raison médicale insuffisante,low,False,13
d0848b9f-d45e-47a9-93d0-4caf0e68dec1,EMP85839,Thérèse Fabre,employé_rayon,RTT,2024-01-30,2024-02-07,8,Besoin de repos,approved,approved,Accord manager,medium,True,34
a6006c9d-40fc-4827-9f48-1c3efc562517,EMP54776,Jean Bernier,préparateur,maladie,2024-10-01,2024-10-06,5,Congé maladie,pending,,,medium,True,46
e743573e-a5be-4bbc-9276-4d968832f51f,EMP40893,Daniel Maillard,pharmacien_adjoint,événement_familial,2024-04-01,2024-04-16,15,Formation professionnelle,refused,refused,Justificatif requis,low,False,3
93bea748-ef05-4f8e-89b5-24d1709ba91b,EMP10272,Sophie Michel,pharmacien_adjoint,RTT,2024-02-23,2024-03-04,10,Raison personnelle,approved,approved,Couverture disponible,low,True,15
5c7960d7-c530-42e7-9f47-055463a1f135,EMP84523,Paul Bernard,préparateur,congé_payé,2024-11-24,2024-12-05,11,Besoin de repos,approved,approved,Conflit avec autre absence,low,True,18
3c891ae9-4fa2-4855-9703-23642ba45cac,EMP63325,Thérèse Simon,pharmacien_adjoint,maladie,2024-12-03,2024-12-17,14,Congé maladie,pending,,,low,True,48
36413ac8-6462-409a-b0ca-4a5e68da7d42,EMP67420,Michèle Maillard,pharmacien_adjoint,événement_familial,2024-12-30,2025-01-09,10,Maladie,approved,refused,Conflit avec autre absence,high,False,25
475e9807-5b85-4605-8dcd-c33a6409a03a,EMP88160,Laurent Arnould,préparateur,formation,2024-02-26,2024-03-04,7,Besoin de repos,approved,approved,Accord manager,medium,True,44
bdc85275-5aa7-4a71-8f21-470b68ae2ca4,EMP47051,Marie Roux,employé_rayon,maternité,2024-05-11,2024-05-19,8,Maternité,pending,,,low,True,47
b460bbc0-1904-4893-b2e0-a99871aeaf5f,EMP89004,René Roux,préparateur,maladie,2024-01-01,2024-01-05,4,Congé maladie,refused,refused,Raison médicale insuffisante,high,True,42
2b6b17b7-f5cf-4405-9e1e-fac16139ae75,EMP33562,Georges Poirier,employé_rayon,maternité,2024-12-04,2024-12-06,2,Formation professionnelle,approved,refused,Couverture disponible,high,False,12
7f009b21-cfe1-4e96-881d-20a668cc0eea,EMP21527,Daniel Martin,préparateur,maternité,2024-09-30,2024-10-14,14,Raison personnelle,approved,refused,Conflit avec autre absence,high,True,34
68a5af5c-e358-408c-a90a-749d8c8763d1,EMP37130,Irène Simon,employé_rayon,congé_payé,2024-12-23,2025-01-04,12,Événement familial,pending,,,medium,False,38
272cd367-60b8-4efd-9797-dc15b51adca6,EMP36125,Jean Simon,employé_rayon,RTT,2024-12-23,2025-01-05,13,Maladie,pending,,,medium,True,14
839d77ca-7d79-4e71-a643-71e9d5463d26,EMP22659,Nathalie Lefevre,préparateur,événement_familial,2024-07-20,2024-08-03,14,Raison personnelle,approved,approved,Accord manager,high,False,25
e2a27073-ff21-4668-9d37-b6aa56318834,EMP77415,Françoise Fournier,pharmacien_adjoint,RTT,2024-06-18,2024-07-01,13,Raison personnelle,refused,approved,Accord manager,medium,False,3
e301030c-dcbc-45e6-8bb4-7a64f39397d0,EMP63052,Bernard Gaillard,préparateur,formation,2024-06-17,2024-06-21,4,Besoin de repos,approved,refused,Accord manager,low,True,32
e52093cf-242b-4139-bceb-4f36dba8de6d,EMP87958,Marie Gaillard,pharmacien_adjoint,maladie,2024-05-29,2024-05-31,2,Congé maladie,approved,approved,Raison médicale insuffisante,low,False,2
6db046ff-1410-4816-be94-c58414bf0670,EMP87140,René Girard,stagiaire,formation,2024-09-24,2024-10-07,13,Maladie,pending,,,low,False,11
a79ece26-2606-4358-b985-b9cb832bc484,EMP80940,Marc Poirier,employé_rayon,formation,2024-03-18,2024-03-30,12,Événement familial,refused,approved,Accord manager,low,True,22
37a3ccf6-9024-49f1-a8be-7ca83b346f69,EMP33394,Philippe Lefevre,préparateur,RTT,2024-06-06,2024-06-18,12,Besoin de repos,refused,approved,Accord manager,high,True,28
e8e7d91d-fb1b-4539-8a6c-9b8bca69db98,EMP86791,Françoise Renaud,préparateur,congé_payé,2024-11-06,2024-11-20,14,Événement familial,pending,,,low,True,19
